sample_id,subject_id,pair_id,file_name,label,status,scalp_thickness_mm,skull_thickness_mm,csf_thickness_mm,brain_start_z_mm,hemorrhage_center_x_mm,hemorrhage_center_y_mm,hemorrhage_center_z_mm,hemorrhage_depth_from_surface_mm,hemorrhage_rx_mm,hemorrhage_ry_mm,hemorrhage_rz_mm,hemorrhage_volume_mm3,photon_count,noise_mode,backend,subject_seed,I740_min,I740_max,I740_mean,I740_zero_count,I850_min,I850_max,I850_mean,I850_zero_count,runtime_seconds,pair_mean_abs_delta_740,pair_mean_abs_delta_850,pair_max_abs_delta_740,pair_max_abs_delta_850,error_message
subject_00000_healthy,subject_00000,subject_00000,subject_00000_healthy.npz,0,complete,3.0,7.0,1.0,12.0,-1.0,-1.0,-1.0,-1.0,0.0,0.0,0.0,0.0,2000000,none,pmcx,634657596,1.4642062620707145e-09,0.004033235561355125,0.00019806737818351495,0,3.1715593054708287e-08,0.0064076589426094515,0.00031758138476998453,0,12.03809340018779,9.726628156792458e-07,1.204297100065392e-06,2.375280934886672e-05,1.9466351706565882e-05,
subject_00000_hemorrhage,subject_00000,subject_00000,subject_00000_hemorrhage.npz,1,complete,3.0,7.0,1.0,12.0,31.0,57.0,19.0,18.0,5.0,5.0,5.0,515.0,2000000,none,pmcx,634657596,2.9476166932270283e-10,0.004056988370703992,0.00019794701914574862,0,3.185189538034381e-08,0.006414917893566935,0.00031785326384445816,0,11.913401900790632,9.726628156792458e-07,1.204297100065392e-06,2.375280934886672e-05,1.9466351706565882e-05,
subject_00001_healthy,subject_00001,subject_00001,subject_00001_healthy.npz,0,complete,2.0,6.0,2.0,11.0,-1.0,-1.0,-1.0,-1.0,0.0,0.0,0.0,0.0,2000000,none,pmcx,3806533285,1.0196248884013203e-08,0.004278869062625376,0.00020881877344181162,0,2.215390645376789e-07,0.0064018212112737696,0.0003116404173563162,0,11.375918600009754,1.4405648236510285e-06,1.2736824608640264e-06,4.8286055813054514e-05,2.3246717404497123e-05,
subject_00001_hemorrhage,subject_00001,subject_00001,subject_00001_hemorrhage.npz,1,complete,2.0,6.0,2.0,11.0,35.0,54.0,17.0,16.0,6.0,5.0,5.0,613.0,2000000,none,pmcx,3806533285,9.457957818836141e-09,0.004240427631166977,0.00020898489813017971,0,1.6481890628321104e-07,0.0063954518581150034,0.00031158521384624916,0,11.31654269946739,1.4405648236510285e-06,1.2736824608640264e-06,4.8286055813054514e-05,2.3246717404497123e-05,
subject_00002_healthy,subject_00002,subject_00002,subject_00002_healthy.npz,0,complete,2.0,7.0,1.0,11.0,-1.0,-1.0,-1.0,-1.0,0.0,0.0,0.0,0.0,2000000,none,pmcx,570614641,7.970049379582109e-10,0.004148810031727983,0.0002012234836703948,0,3.372074291103306e-08,0.006325607139734027,0.00031062946114779506,0,11.586926000192761,9.293649432616141e-07,1.1727568954930357e-06,1.689612152584296e-05,2.938199767796041e-05,
subject_00002_hemorrhage,subject_00002,subject_00002,subject_00002_hemorrhage.npz,1,complete,2.0,7.0,1.0,11.0,50.0,35.0,21.0,20.0,7.0,5.0,5.0,711.0,2000000,none,pmcx,570614641,7.966687670952446e-10,0.004135484174010621,0.00020138581843999064,0,3.3926063581994206e-08,0.006320393505778914,0.00031058924993918854,0,11.55732289957814,9.293649432616141e-07,1.1727568954930357e-06,1.689612152584296e-05,2.938199767796041e-05,
subject_00003_healthy,subject_00003,subject_00003,subject_00003_healthy.npz,0,complete,2.0,6.0,1.0,10.0,-1.0,-1.0,-1.0,-1.0,0.0,0.0,0.0,0.0,2000000,none,pmcx,4074160889,7.946491237571113e-10,0.004141068375100025,0.00020245076545630274,0,6.91908739440043e-08,0.006254884738719436,0.0003023819935119925,0,11.92488680081442,1.039793201882106e-06,1.557668970529627e-06,3.127332731519064e-05,1.991448412002987e-05,
subject_00003_hemorrhage,subject_00003,subject_00003,subject_00003_hemorrhage.npz,1,complete,2.0,6.0,1.0,10.0,34.0,41.0,18.0,17.0,7.0,5.0,5.0,711.0,2000000,none,pmcx,4074160889,7.431699182495359e-10,0.004172341702415216,0.0002030568058052092,0,6.605628913570059e-08,0.006234970254599406,0.00030225643296099766,0,11.944298800779507,1.039793201882106e-06,1.557668970529627e-06,3.127332731519064e-05,1.991448412002987e-05,
subject_00004_healthy,subject_00004,subject_00004,subject_00004_healthy.npz,0,complete,2.0,5.0,1.0,9.0,-1.0,-1.0,-1.0,-1.0,0.0,0.0,0.0,0.0,2000000,none,pmcx,554704249,5.468589319253923e-09,0.004147949321164099,0.000202168322545013,0,7.778244129001053e-09,0.006399948695418886,0.00031069605883394993,0,11.67479750001803,1.1617711712682597e-06,1.9871014687318765e-06,1.904010448482412e-05,4.745929981062741e-05,
subject_00004_hemorrhage,subject_00004,subject_00004,subject_00004_hemorrhage.npz,1,complete,2.0,5.0,1.0,9.0,34.0,31.0,19.0,18.0,6.0,6.0,5.0,739.0,2000000,none,pmcx,554704249,5.237644867914128e-11,0.004159866371441755,0.0002019353681174177,0,1.246989841484305e-08,0.006428835068342652,0.00031042756476838267,0,11.749057999579236,1.1617711712682597e-06,1.9871014687318765e-06,1.904010448482412e-05,4.745929981062741e-05,
subject_00005_healthy,subject_00005,subject_00005,subject_00005_healthy.npz,0,complete,3.0,6.0,2.0,12.0,-1.0,-1.0,-1.0,-1.0,0.0,0.0,0.0,0.0,2000000,none,pmcx,351364369,7.778949775107856e-09,0.003989251544784954,0.00019616387079173043,0,8.835139563297181e-08,0.006110009589630152,0.00030385019922175404,0,10.954222700791433,8.328305504212859e-07,9.75750183864184e-07,1.747972155984566e-05,1.9394466821654735e-05,
subject_00005_hemorrhage,subject_00005,subject_00005,subject_00005_hemorrhage.npz,1,complete,3.0,6.0,2.0,12.0,42.0,54.0,21.0,20.0,5.0,6.0,4.0,491.0,2000000,none,pmcx,351364369,2.681003135665292e-09,0.004004016581711719,0.00019643940424419822,0,8.83385520893236e-08,0.0061132316395006246,0.00030351701232083923,0,10.978226500563323,8.328305504212859e-07,9.75750183864184e-07,1.747972155984566e-05,1.9394466821654735e-05,
subject_00006_healthy,subject_00006,subject_00006,subject_00006_healthy.npz,0,complete,3.0,5.0,1.0,10.0,-1.0,-1.0,-1.0,-1.0,0.0,0.0,0.0,0.0,2000000,none,pmcx,3986403477,3.9148750214015157e-10,0.00398901876538284,0.00019716941562221245,0,5.838525429375568e-09,0.006224070111043698,0.00030847699853913795,0,11.510047399671748,6.605271905565209e-07,1.1065799570045525e-06,1.4101754418261348e-05,2.1479227902428295e-05,
subject_00006_hemorrhage,subject_00006,subject_00006,subject_00006_hemorrhage.npz,1,complete,3.0,5.0,1.0,10.0,32.0,43.0,15.0,14.0,7.0,5.0,4.0,577.0,2000000,none,pmcx,3986403477,1.1285304417678286e-09,0.003992695042587876,0.0001969793519968438,0,3.818700248016411e-09,0.006227760476536879,0.00030812104889278035,0,11.491027500480413,6.605271905565209e-07,1.1065799570045525e-06,1.4101754418261348e-05,2.1479227902428295e-05,
subject_00007_healthy,subject_00007,subject_00007,subject_00007_healthy.npz,0,complete,3.0,7.0,1.0,12.0,-1.0,-1.0,-1.0,-1.0,0.0,0.0,0.0,0.0,2000000,none,pmcx,3581081571,2.7135300862710044e-10,0.003917263865946831,0.0001911197205585474,0,2.665024396646034e-08,0.006377728869826981,0.0003145440440307801,0,11.386570899514481,1.118118462053826e-06,1.5764748069708115e-06,2.8948747747893112e-05,3.96958461243678e-05,
subject_00007_hemorrhage,subject_00007,subject_00007,subject_00007_hemorrhage.npz,1,complete,3.0,7.0,1.0,12.0,45.0,35.0,17.0,16.0,7.0,7.0,5.0,1023.0,2000000,none,pmcx,3581081571,2.5653245864303346e-10,0.0039462126136947245,0.0001916006136196154,0,2.5622288846793047e-08,0.006372332397780259,0.0003138582445419854,0,11.524466599570587,1.118118462053826e-06,1.5764748069708115e-06,2.8948747747893112e-05,3.96958461243678e-05,
subject_00008_healthy,subject_00008,subject_00008,subject_00008_healthy.npz,0,complete,3.0,7.0,1.0,12.0,-1.0,-1.0,-1.0,-1.0,0.0,0.0,0.0,0.0,2000000,none,pmcx,2944022098,3.146327550305272e-10,0.004255405517544972,0.00020937695637519084,0,2.584847494756571e-08,0.0065141112465296165,0.0003231249132819909,0,11.749966900097206,8.749072169702559e-07,1.1953109082549446e-06,3.002107531831482e-05,1.6175328770512767e-05,
subject_00008_hemorrhage,subject_00008,subject_00008,subject_00008_hemorrhage.npz,1,complete,3.0,7.0,1.0,12.0,37.0,31.0,21.0,20.0,5.0,6.0,4.0,491.0,2000000,none,pmcx,2944022098,3.2004919322516817e-10,0.004259206884283629,0.00020959962101929977,0,2.612656151618425e-08,0.006511787869763538,0.00032293961303887466,0,11.684028199641034,8.749072169702559e-07,1.1953109082549446e-06,3.002107531831482e-05,1.6175328770512767e-05,
subject_00009_healthy,subject_00009,subject_00009,subject_00009_healthy.npz,0,complete,3.0,6.0,1.0,11.0,-1.0,-1.0,-1.0,-1.0,0.0,0.0,0.0,0.0,2000000,none,pmcx,2013670544,6.94999532690889e-11,0.003951269862426994,0.00019596235367133673,0,1.9237505065099664e-08,0.0062634414172639905,0.0003026604900903306,0,12.051134600304067,6.447729079047199e-07,1.343710416581612e-06,1.335115158041661e-05,2.0418798969853297e-05,
subject_00009_hemorrhage,subject_00009,subject_00009,subject_00009_hemorrhage.npz,1,complete,3.0,6.0,1.0,11.0,37.0,50.0,18.0,17.0,5.0,7.0,4.0,577.0,2000000,none,pmcx,2013670544,3.461287963241827e-11,0.003946845879493423,0.00019576729389613213,0,1.868323456588519e-08,0.006283860216233844,0.00030279045578385623,0,12.103898900561035,6.447729079047199e-07,1.343710416581612e-06,1.335115158041661e-05,2.0418798969853297e-05,
subject_00010_healthy,subject_00010,subject_00010,subject_00010_healthy.npz,0,complete,2.0,5.0,1.0,9.0,-1.0,-1.0,-1.0,-1.0,0.0,0.0,0.0,0.0,2000000,none,pmcx,3970102291,1.7351707738032127e-09,0.004096895430773474,0.00019947752252795972,0,3.1591906779394024e-09,0.006109081874733411,0.0002983332071876145,0,12.284590700408444,1.0422643803349254e-06,1.6028432188122174e-06,3.151100932101414e-05,3.283762439967083e-05,
subject_00010_hemorrhage,subject_00010,subject_00010,subject_00010_hemorrhage.npz,1,complete,2.0,5.0,1.0,9.0,49.0,36.0,14.0,13.0,7.0,7.0,5.0,1023.0,2000000,none,pmcx,3970102291,1.2631543424926178e-09,0.004087906347729417,0.0001988452398675597,0,1.5780922870819584e-09,0.006122935659195851,0.00029901855525076216,0,12.374176000244915,1.0422643803349254e-06,1.6028432188122174e-06,3.151100932101414e-05,3.283762439967083e-05,
subject_00011_healthy,subject_00011,subject_00011,subject_00011_healthy.npz,0,complete,2.0,6.0,1.0,10.0,-1.0,-1.0,-1.0,-1.0,0.0,0.0,0.0,0.0,2000000,none,pmcx,3551393215,5.205028543183338e-09,0.004066361356122801,0.00019655289560521468,0,1.369861795522003e-08,0.006590159052492549,0.0003230653234327056,0,11.960971500724554,9.111545491960215e-07,1.5437450053087154e-06,2.6296706090688828e-05,2.7610359547377943e-05,
subject_00011_hemorrhage,subject_00011,subject_00011,subject_00011_hemorrhage.npz,1,complete,2.0,6.0,1.0,10.0,40.0,37.0,18.0,17.0,6.0,5.0,4.0,491.0,2000000,none,pmcx,3551393215,5.205054210500417e-09,0.004056408020649873,0.00019661399641040985,0,4.3190796698354935e-08,0.006579709706480151,0.0003229552527773788,0,11.92818500008434,9.111545491960215e-07,1.5437450053087154e-06,2.6296706090688828e-05,2.7610359547377943e-05,
subject_00012_healthy,subject_00012,subject_00012,subject_00012_healthy.npz,0,complete,2.0,5.0,1.0,9.0,-1.0,-1.0,-1.0,-1.0,0.0,0.0,0.0,0.0,2000000,none,pmcx,2234880960,1.246415875936067e-09,0.004203712786434483,0.00020566341049778634,0,1.3354209134247481e-08,0.006127347475300331,0.00029405181663633975,0,12.077734200051054,1.107795132972871e-06,1.0666388535892227e-06,2.8582228201891498e-05,1.6591332231762762e-05,
subject_00012_hemorrhage,subject_00012,subject_00012,subject_00012_hemorrhage.npz,1,complete,2.0,5.0,1.0,9.0,47.0,51.0,13.0,12.0,5.0,5.0,4.0,417.0,2000000,none,pmcx,2234880960,1.3154604247659297e-09,0.004195783749006806,0.0002054110351568122,0,1.3228261485938545e-08,0.006140758893313858,0.0002936363091778006,0,12.135542900068685,1.107795132972871e-06,1.0666388535892227e-06,2.8582228201891498e-05,1.6591332231762762e-05,
subject_00013_healthy,subject_00013,subject_00013,subject_00013_healthy.npz,0,complete,2.0,7.0,2.0,12.0,-1.0,-1.0,-1.0,-1.0,0.0,0.0,0.0,0.0,2000000,none,pmcx,666022904,3.111420305217925e-08,0.004191390757679061,0.000202961019894029,0,1.4660027544287575e-07,0.006304995940606347,0.0003058794511516464,0,11.127273300196975,7.024440877611817e-07,1.866936980301942e-06,1.4293792650937583e-05,4.1222674312431026e-05,
subject_00013_hemorrhage,subject_00013,subject_00013,subject_00013_hemorrhage.npz,1,complete,2.0,7.0,2.0,12.0,36.0,36.0,17.0,16.0,7.0,7.0,4.0,805.0,2000000,none,pmcx,666022904,2.4877367449903296e-08,0.00418581464832041,0.000203018999634557,0,2.4504009908133376e-07,0.006289780009459387,0.0003051109139602109,0,11.04818950011395,7.024440877611817e-07,1.866936980301942e-06,1.4293792650937583e-05,4.1222674312431026e-05,
subject_00014_healthy,subject_00014,subject_00014,subject_00014_healthy.npz,0,complete,3.0,5.0,1.0,10.0,-1.0,-1.0,-1.0,-1.0,0.0,0.0,0.0,0.0,2000000,none,pmcx,817795652,3.5189662966048457e-10,0.003952734424197605,0.00019652871056908687,0,1.5448536908480627e-08,0.0062976613973658785,0.0003078006928332914,0,11.98338930029422,1.0628992404520168e-06,1.6966864139171312e-06,2.126875494968335e-05,4.5933404213522634e-05,
subject_00014_hemorrhage,subject_00014,subject_00014,subject_00014_hemorrhage.npz,1,complete,3.0,5.0,1.0,10.0,50.0,44.0,16.0,15.0,5.0,5.0,4.0,417.0,2000000,none,pmcx,817795652,2.588486867274418e-10,0.0039712894759470745,0.00019620940703283103,0,1.5432591550713186e-08,0.006274582379284486,0.0003074477338055016,0,12.035930799786001,1.0628992404520168e-06,1.6966864139171312e-06,2.126875494968335e-05,4.5933404213522634e-05,
subject_00015_healthy,subject_00015,subject_00015,subject_00015_healthy.npz,0,complete,2.0,6.0,1.0,10.0,-1.0,-1.0,-1.0,-1.0,0.0,0.0,0.0,0.0,2000000,none,pmcx,2063871257,1.6863016273034766e-10,0.004127346108242437,0.00019794245431959214,0,3.361558096843195e-08,0.006271708584679565,0.0003015612079993508,0,12.030744100222364,8.719517958540735e-07,1.3376050074894635e-06,2.9505240546050075e-05,2.5734401126668686e-05,
subject_00015_hemorrhage,subject_00015,subject_00015,subject_00015_hemorrhage.npz,1,complete,2.0,6.0,1.0,10.0,32.0,37.0,17.0,16.0,6.0,6.0,5.0,739.0,2000000,none,pmcx,2063871257,2.814247157021189e-10,0.004114377729218839,0.00019768704777175112,0,3.2784156102746884e-08,0.006274172126935245,0.0003015547241440965,0,12.078658200334758,8.719517958540735e-07,1.3376050074894635e-06,2.9505240546050075e-05,2.5734401126668686e-05,
subject_00016_healthy,subject_00016,subject_00016,subject_00016_healthy.npz,0,complete,2.0,7.0,1.0,11.0,-1.0,-1.0,-1.0,-1.0,0.0,0.0,0.0,0.0,2000000,none,pmcx,2562867806,3.5681543070450634e-09,0.004048245839786461,0.00019969911193250592,0,5.358113881086151e-08,0.00626502417921483,0.0003056605481129482,0,11.912183900130913,7.793982442630138e-07,1.4355834250699397e-06,1.2767556285994165e-05,2.340682802920175e-05,
subject_00016_hemorrhage,subject_00016,subject_00016,subject_00016_hemorrhage.npz,1,complete,2.0,7.0,1.0,11.0,38.0,41.0,17.0,16.0,7.0,5.0,4.0,577.0,2000000,none,pmcx,2562867806,3.591346769091598e-09,0.004057059100364298,0.00019956929853939888,0,4.875851211004951e-08,0.006270192034332856,0.0003057303621762936,0,11.795110100880265,7.793982442630138e-07,1.4355834250699397e-06,1.2767556285994165e-05,2.340682802920175e-05,
subject_00017_healthy,subject_00017,subject_00017,subject_00017_healthy.npz,0,complete,3.0,5.0,1.0,10.0,-1.0,-1.0,-1.0,-1.0,0.0,0.0,0.0,0.0,2000000,none,pmcx,431254083,2.1383288086242194e-09,0.003939453528955582,0.00019334806141901674,0,1.7446140809930612e-08,0.006288074542965406,0.0003078510810991117,0,11.712891099276021,8.327351414584412e-07,1.3297907496435673e-06,1.2585482881551438e-05,1.6056287640442033e-05,
subject_00017_hemorrhage,subject_00017,subject_00017,subject_00017_hemorrhage.npz,1,complete,3.0,5.0,1.0,10.0,35.0,32.0,18.0,17.0,6.0,6.0,4.0,585.0,2000000,none,pmcx,431254083,2.8525148467451795e-09,0.003926868046074031,0.00019327454922867004,0,2.530790603194071e-08,0.006289107970926438,0.0003082563175787421,0,11.743589699966833,8.327351414584412e-07,1.3297907496435673e-06,1.2585482881551438e-05,1.6056287640442033e-05,
subject_00018_healthy,subject_00018,subject_00018,subject_00018_healthy.npz,0,complete,3.0,5.0,2.0,11.0,-1.0,-1.0,-1.0,-1.0,0.0,0.0,0.0,0.0,2000000,none,pmcx,1888058644,1.1986146389085672e-08,0.003898627327726233,0.0001940095212356739,0,2.8175410706045064e-07,0.006081078228901988,0.00030150118045551145,0,11.303732099710032,9.616051114015023e-07,1.5823319609025788e-06,1.9308061166962986e-05,3.439281928872828e-05,
subject_00018_hemorrhage,subject_00018,subject_00018,subject_00018_hemorrhage.npz,1,complete,3.0,5.0,2.0,11.0,40.0,41.0,16.0,15.0,5.0,7.0,4.0,577.0,2000000,none,pmcx,1888058644,9.988308288301278e-09,0.003914506005836939,0.00019411818487539292,0,2.552941345176281e-07,0.006086009981805762,0.0003013932637243663,0,11.289115799823776,9.616051114015023e-07,1.5823319609025788e-06,1.9308061166962986e-05,3.439281928872828e-05,
subject_00019_healthy,subject_00019,subject_00019,subject_00019_healthy.npz,0,complete,2.0,5.0,1.0,9.0,-1.0,-1.0,-1.0,-1.0,0.0,0.0,0.0,0.0,2000000,none,pmcx,3028447416,1.0890263816380808e-09,0.003942151534470726,0.00019097124035916962,0,3.291951186831733e-08,0.0062465295337974895,0.0002977801886347057,0,11.929837299976498,6.514515900562855e-07,8.675915600258172e-07,1.2416918990360275e-05,1.0788321712152217e-05,
subject_00019_hemorrhage,subject_00019,subject_00019,subject_00019_hemorrhage.npz,1,complete,2.0,5.0,1.0,9.0,39.0,27.0,20.0,19.0,7.0,5.0,5.0,711.0,2000000,none,pmcx,3028447416,1.1123183850256493e-09,0.00393431972100131,0.00019077755098088577,0,3.071495496145057e-08,0.0062464834922292345,0.00029793383928982054,0,11.991492400178686,6.514515900562855e-07,8.675915600258172e-07,1.2416918990360275e-05,1.0788321712152217e-05,
subject_00020_healthy,subject_00020,subject_00020,subject_00020_healthy.npz,0,complete,2.0,6.0,1.0,10.0,-1.0,-1.0,-1.0,-1.0,0.0,0.0,0.0,0.0,2000000,none,pmcx,3582911785,8.444321005663593e-10,0.004094180087309223,0.0001992131212318948,0,1.8164567395721463e-08,0.006391460857087799,0.0003064339878736033,0,11.991982300532982,8.483859937027591e-07,1.702545386294705e-06,1.8671733547557384e-05,4.910635546980912e-05,
subject_00020_hemorrhage,subject_00020,subject_00020,subject_00020_hemorrhage.npz,1,complete,2.0,6.0,1.0,10.0,35.0,41.0,19.0,18.0,7.0,5.0,5.0,711.0,2000000,none,pmcx,3582911785,1.0594116037558322e-09,0.004099403653997335,0.00019944687237725636,0,1.766963362658349e-08,0.00634235450161799,0.00030603064424952276,0,11.993787800427526,8.483859937027591e-07,1.702545386294705e-06,1.8671733547557384e-05,4.910635546980912e-05,
subject_00021_healthy,subject_00021,subject_00021,subject_00021_healthy.npz,0,complete,2.0,5.0,1.0,9.0,-1.0,-1.0,-1.0,-1.0,0.0,0.0,0.0,0.0,2000000,none,pmcx,2194756893,8.698619829636657e-09,0.0040467825886213605,0.00019819020614311516,0,1.6482543089608813e-08,0.006031592668101772,0.0002885484466010701,0,11.89172159973532,9.867053022333688e-07,1.5326349030317108e-06,2.2272087727616234e-05,3.581938148769243e-05,
subject_00021_hemorrhage,subject_00021,subject_00021,subject_00021_hemorrhage.npz,1,complete,2.0,5.0,1.0,9.0,38.0,52.0,16.0,15.0,7.0,5.0,4.0,577.0,2000000,none,pmcx,2194756893,8.727668491897191e-10,0.004024510500893744,0.00019826776533581736,0,1.648263218047342e-08,0.006067412049589465,0.0002886033890857762,0,11.797933499794453,9.867053022333688e-07,1.5326349030317108e-06,2.2272087727616234e-05,3.581938148769243e-05,
subject_00022_healthy,subject_00022,subject_00022,subject_00022_healthy.npz,0,complete,2.0,6.0,2.0,11.0,-1.0,-1.0,-1.0,-1.0,0.0,0.0,0.0,0.0,2000000,none,pmcx,571350084,1.697417478286975e-08,0.004258933121805537,0.00020813523314392878,0,1.714219014751498e-07,0.006262628187622329,0.0003094741560843671,0,11.013692700304091,1.048513204295049e-06,1.1677950908896546e-06,1.3668587600406475e-05,1.8714657545883164e-05,
subject_00022_hemorrhage,subject_00022,subject_00022,subject_00022_hemorrhage.npz,1,complete,2.0,6.0,2.0,11.0,35.0,40.0,20.0,19.0,5.0,7.0,5.0,711.0,2000000,none,pmcx,571350084,2.0456559991761305e-08,0.004270235063210665,0.0002086359049254262,0,2.1098823651445546e-07,0.0062477531505750715,0.0003092271583749216,0,11.04408510029316,1.048513204295049e-06,1.1677950908896546e-06,1.3668587600406475e-05,1.8714657545883164e-05,
subject_00023_healthy,subject_00023,subject_00023,subject_00023_healthy.npz,0,complete,3.0,7.0,1.0,12.0,-1.0,-1.0,-1.0,-1.0,0.0,0.0,0.0,0.0,2000000,none,pmcx,2600463652,1.701068344897842e-09,0.00410625762475445,0.00020318903995423504,0,2.040191114327337e-08,0.006416936506082874,0.0003161291407563048,0,11.735649900045246,6.949561562237841e-07,1.0677051669025452e-06,1.2080904117372907e-05,9.929192841367325e-06,
subject_00023_hemorrhage,subject_00023,subject_00023,subject_00023_hemorrhage.npz,1,complete,3.0,7.0,1.0,12.0,32.0,35.0,21.0,20.0,7.0,6.0,4.0,671.0,2000000,none,pmcx,2600463652,1.7621863223588222e-09,0.004103044783721299,0.00020313641758586422,0,2.039404955061646e-08,0.0064257339835921525,0.00031634931333444276,0,11.761387600330636,6.949561562237841e-07,1.0677051669025452e-06,1.2080904117372907e-05,9.929192841367325e-06,
subject_00024_healthy,subject_00024,subject_00024,subject_00024_healthy.npz,0,complete,2.0,6.0,1.0,10.0,-1.0,-1.0,-1.0,-1.0,0.0,0.0,0.0,0.0,2000000,none,pmcx,3099322432,3.4415964657597314e-10,0.004194071292360211,0.0002028976010805529,0,2.6237066350369507e-08,0.006227821451299331,0.0002982825541943989,0,11.961186399916187,1.0619014989069996e-06,1.43064138885351e-06,2.0062091072184894e-05,5.3905080672407915e-05,
subject_00024_hemorrhage,subject_00024,subject_00024,subject_00024_hemorrhage.npz,1,complete,2.0,6.0,1.0,10.0,34.0,27.0,18.0,17.0,6.0,7.0,4.0,671.0,2000000,none,pmcx,3099322432,1.6585077771518755e-10,0.004174009201288026,0.00020273856339607529,0,2.6658596695735665e-08,0.006238481707453203,0.0002986469252150275,0,12.021563899470493,1.0619014989069996e-06,1.43064138885351e-06,2.0062091072184894e-05,5.3905080672407915e-05,
subject_00025_healthy,subject_00025,subject_00025,subject_00025_healthy.npz,0,complete,2.0,5.0,2.0,10.0,-1.0,-1.0,-1.0,-1.0,0.0,0.0,0.0,0.0,2000000,none,pmcx,3401770895,8.123351941557528e-08,0.004168587552111148,0.00020586948288549262,0,2.1672799888621113e-07,0.006056828940654168,0.0002921456681315892,0,11.169030400225893,7.204104320674794e-07,1.485735534674418e-06,1.0915357645607804e-05,1.864269762882377e-05,
subject_00025_hemorrhage,subject_00025,subject_00025,subject_00025_hemorrhage.npz,1,complete,2.0,5.0,2.0,10.0,40.0,46.0,15.0,14.0,6.0,5.0,4.0,491.0,2000000,none,pmcx,3401770895,8.773223416594415e-08,0.004171823756748837,0.0002057112214778801,0,2.153363841381472e-07,0.006063166494132634,0.0002917897837627683,0,11.192764300154522,7.204104320674794e-07,1.485735534674418e-06,1.0915357645607804e-05,1.864269762882377e-05,
subject_00026_healthy,subject_00026,subject_00026,subject_00026_healthy.npz,0,complete,2.0,5.0,2.0,10.0,-1.0,-1.0,-1.0,-1.0,0.0,0.0,0.0,0.0,2000000,none,pmcx,4013517043,3.2131385107626743e-09,0.003967123976397477,0.00019132291730052282,0,1.5454486550913448e-07,0.00633406500515362,0.00030924699212292873,0,11.295014900155365,1.0202514594676626e-06,1.3502830427064036e-06,1.8208383544068493e-05,2.801448296266707e-05,
subject_00026_hemorrhage,subject_00026,subject_00026,subject_00026_hemorrhage.npz,1,complete,2.0,5.0,2.0,10.0,34.0,42.0,19.0,18.0,7.0,5.0,4.0,577.0,2000000,none,pmcx,4013517043,3.219180837744272e-09,0.003948915592853409,0.00019117026533971618,0,1.5461597779563524e-07,0.006306050522190953,0.00030887072528488054,0,11.264302100520581,1.0202514594676626e-06,1.3502830427064036e-06,1.8208383544068493e-05,2.801448296266707e-05,
subject_00027_healthy,subject_00027,subject_00027,subject_00027_healthy.npz,0,complete,3.0,5.0,2.0,11.0,-1.0,-1.0,-1.0,-1.0,0.0,0.0,0.0,0.0,2000000,none,pmcx,3135268137,7.427331064229091e-08,0.00399080316181185,0.00019704749526103994,0,1.777724571772835e-07,0.0059643196658337935,0.00029222900008296073,0,11.029671299736947,9.502887841402188e-07,1.3959388277208513e-06,3.0961330845581756e-05,3.2038971167401564e-05,
subject_00027_hemorrhage,subject_00027,subject_00027,subject_00027_hemorrhage.npz,1,complete,3.0,5.0,2.0,11.0,36.0,40.0,18.0,17.0,7.0,6.0,4.0,671.0,2000000,none,pmcx,3135268137,7.128537523823923e-08,0.003993438076022499,0.00019682748907002827,0,2.3562396162173403e-07,0.005976744052424634,0.0002926205772815525,0,11.035643600160256,9.502887841402188e-07,1.3959388277208513e-06,3.0961330845581756e-05,3.2038971167401564e-05,
subject_00028_healthy,subject_00028,subject_00028,subject_00028_healthy.npz,0,complete,3.0,5.0,2.0,11.0,-1.0,-1.0,-1.0,-1.0,0.0,0.0,0.0,0.0,2000000,none,pmcx,2804858510,7.615304915270507e-09,0.0038877084521825632,0.00019058308943770754,0,1.8913843651937324e-08,0.006102780739352668,0.00030205047192240285,0,11.216483400203288,8.704672458053272e-07,1.311046554238624e-06,1.4894694682341487e-05,2.490993996921969e-05,
subject_00028_hemorrhage,subject_00028,subject_00028,subject_00028_hemorrhage.npz,1,complete,3.0,5.0,2.0,11.0,34.0,49.0,18.0,17.0,6.0,6.0,4.0,585.0,2000000,none,pmcx,2804858510,2.5150080762978575e-08,0.0038859947284421784,0.0001904121272512122,0,1.894956730254129e-08,0.006078920876553455,0.0003017062743838689,0,11.241116899298504,8.704672458053272e-07,1.311046554238624e-06,1.4894694682341487e-05,2.490993996921969e-05,
subject_00029_healthy,subject_00029,subject_00029,subject_00029_healthy.npz,0,complete,2.0,6.0,1.0,10.0,-1.0,-1.0,-1.0,-1.0,0.0,0.0,0.0,0.0,2000000,none,pmcx,2467061301,1.6454255648989392e-09,0.0040593712027164035,0.0001984462340709555,0,1.5337735955271783e-08,0.0063595401889488656,0.00031171141787535465,0,12.166902300203219,1.3125686873367455e-06,1.4902219815863606e-06,4.9415198506377704e-05,2.3044579126942424e-05,
subject_00029_hemorrhage,subject_00029,subject_00029,subject_00029_hemorrhage.npz,1,complete,2.0,6.0,1.0,10.0,34.0,40.0,14.0,13.0,5.0,6.0,4.0,491.0,2000000,none,pmcx,2467061301,5.200023907839817e-11,0.004030309235569093,0.00019781553294697388,0,3.642365664210954e-08,0.006354244820337414,0.00031167850043900666,0,12.166824700310826,1.3125686873367455e-06,1.4902219815863606e-06,4.9415198506377704e-05,2.3044579126942424e-05,
subject_00030_healthy,subject_00030,subject_00030,subject_00030_healthy.npz,0,complete,2.0,7.0,1.0,11.0,-1.0,-1.0,-1.0,-1.0,0.0,0.0,0.0,0.0,2000000,none,pmcx,2634316068,1.8540054512144338e-09,0.004040800898727614,0.00019562904030029495,0,9.042584593030795e-09,0.006493191595396441,0.0003178385179717088,0,11.65596849960275,1.022843177162933e-06,2.193558220773376e-06,3.201879584525946e-05,7.40938877544662e-05,
subject_00030_hemorrhage,subject_00030,subject_00030,subject_00030_hemorrhage.npz,1,complete,2.0,7.0,1.0,11.0,31.0,37.0,18.0,17.0,5.0,6.0,5.0,613.0,2000000,none,pmcx,2634316068,2.1686570712795858e-09,0.004032597190563567,0.00019563216736401663,0,6.638147015179111e-09,0.006503471434547121,0.00031889246530347623,0,11.73850919958204,1.022843177162933e-06,2.193558220773376e-06,3.201879584525946e-05,7.40938877544662e-05,
subject_00031_healthy,subject_00031,subject_00031,subject_00031_healthy.npz,0,complete,2.0,5.0,1.0,9.0,-1.0,-1.0,-1.0,-1.0,0.0,0.0,0.0,0.0,2000000,none,pmcx,3607455787,3.659961104158588e-09,0.003964979990769742,0.00019234434641309683,0,9.994566331464574e-10,0.006429094036907793,0.0003099032433184039,0,12.243777399417013,7.935468510573902e-07,1.4818542569454821e-06,1.127553182572738e-05,3.111695301955377e-05,
subject_00031_hemorrhage,subject_00031,subject_00031,subject_00031_hemorrhage.npz,1,complete,2.0,5.0,1.0,9.0,33.0,29.0,21.0,20.0,6.0,5.0,4.0,491.0,2000000,none,pmcx,3607455787,2.906533586815841e-09,0.00397433261371646,0.00019221950654414673,0,1.4064830301804136e-09,0.006428471096666496,0.0003093285047390059,0,12.210653299698606,7.935468510573902e-07,1.4818542569454821e-06,1.127553182572738e-05,3.111695301955377e-05,
subject_00032_healthy,subject_00032,subject_00032,subject_00032_healthy.npz,0,complete,3.0,6.0,2.0,12.0,-1.0,-1.0,-1.0,-1.0,0.0,0.0,0.0,0.0,2000000,none,pmcx,1406926544,1.4940966153468705e-08,0.0037898867769054073,0.00018441002957039995,0,2.1645142425955955e-07,0.006242196757778965,0.00031202458579439866,0,11.018497000681236,1.010764664715422e-06,1.6896807666386603e-06,1.882645357754835e-05,3.662891465252595e-05,
subject_00032_hemorrhage,subject_00032,subject_00032,subject_00032_hemorrhage.npz,1,complete,3.0,6.0,2.0,12.0,39.0,47.0,20.0,19.0,7.0,7.0,5.0,1023.0,2000000,none,pmcx,1406926544,3.1689111547485786e-08,0.0037775642848618778,0.000184326685841168,0,1.98182106077824e-07,0.006241818364225433,0.0003125417810108415,0,11.123283999972045,1.010764664715422e-06,1.6896807666386603e-06,1.882645357754835e-05,3.662891465252595e-05,
subject_00033_healthy,subject_00033,subject_00033,subject_00033_healthy.npz,0,complete,2.0,6.0,1.0,10.0,-1.0,-1.0,-1.0,-1.0,0.0,0.0,0.0,0.0,2000000,none,pmcx,4239149480,2.8098072737391896e-09,0.004069521947331915,0.0002030339747236632,0,3.6950840805090324e-08,0.006333656556157978,0.00031233894319758693,0,12.00828589964658,1.009404575977867e-06,1.5941155342176976e-06,1.765033688793348e-05,5.5428988357825e-05,
subject_00033_hemorrhage,subject_00033,subject_00033,subject_00033_hemorrhage.npz,1,complete,2.0,6.0,1.0,10.0,45.0,44.0,19.0,18.0,6.0,6.0,4.0,585.0,2000000,none,pmcx,4239149480,3.5635094758228512e-09,0.004087172284219848,0.00020342738624676363,0,3.387796171565203e-08,0.006355928075068835,0.0003120214475884418,0,12.010682999622077,1.009404575977867e-06,1.5941155342176976e-06,1.765033688793348e-05,5.5428988357825e-05,
subject_00034_healthy,subject_00034,subject_00034,subject_00034_healthy.npz,0,complete,3.0,7.0,1.0,12.0,-1.0,-1.0,-1.0,-1.0,0.0,0.0,0.0,0.0,2000000,none,pmcx,3366102554,5.787099398454472e-10,0.004280509588626375,0.0002110835260720191,0,1.6782731641356016e-08,0.006155189809943379,0.0002998151836592591,0,11.638295599725097,9.933621059182129e-07,9.02548181218737e-07,3.367356222316962e-05,2.4287971423956473e-05,
subject_00034_hemorrhage,subject_00034,subject_00034,subject_00034_hemorrhage.npz,1,complete,3.0,7.0,1.0,12.0,48.0,27.0,21.0,20.0,6.0,7.0,5.0,877.0,2000000,none,pmcx,3366102554,1.4637909769818428e-10,0.004279779531194502,0.0002110927873188693,0,1.664348763915247e-09,0.006147966476153649,0.000299540055233231,0,11.719634599983692,9.933621059182129e-07,9.02548181218737e-07,3.367356222316962e-05,2.4287971423956473e-05,
subject_00035_healthy,subject_00035,subject_00035,subject_00035_healthy.npz,0,complete,3.0,7.0,2.0,13.0,-1.0,-1.0,-1.0,-1.0,0.0,0.0,0.0,0.0,2000000,none,pmcx,880884453,2.1252713174994187e-08,0.004098397434149044,0.00020232111427527402,0,1.6284195302502433e-07,0.006071878055033344,0.0002990224305355248,0,11.241584400413558,8.577781799967362e-07,9.980267621874119e-07,3.255176001549457e-05,2.255893845581631e-05,
subject_00035_hemorrhage,subject_00035,subject_00035,subject_00035_hemorrhage.npz,1,complete,3.0,7.0,2.0,13.0,45.0,27.0,21.0,20.0,7.0,6.0,4.0,671.0,2000000,none,pmcx,880884453,2.3751543155522204e-08,0.004095805760099359,0.00020211545610331096,0,9.626298913538234e-08,0.006073908241550123,0.0002989784901846587,0,11.265836600447074,8.577781799967362e-07,9.980267621874119e-07,3.255176001549457e-05,2.255893845581631e-05,
subject_00036_healthy,subject_00036,subject_00036,subject_00036_healthy.npz,0,complete,3.0,6.0,1.0,11.0,-1.0,-1.0,-1.0,-1.0,0.0,0.0,0.0,0.0,2000000,none,pmcx,1454342452,2.434295029975572e-09,0.0041229962146042175,0.00020219630806629911,0,2.6492952849443137e-09,0.0061914385454524806,0.0003081665675676094,0,11.398748500039801,5.660657000461468e-07,1.0561264595121567e-06,9.629859963455195e-06,2.498206385944616e-05,
subject_00036_hemorrhage,subject_00036,subject_00036,subject_00036_hemorrhage.npz,1,complete,3.0,6.0,1.0,11.0,43.0,44.0,19.0,18.0,5.0,5.0,4.0,417.0,2000000,none,pmcx,1454342452,2.486188345730398e-09,0.004124062749787734,0.00020240890804268152,0,2.626258519895114e-09,0.006200456795320326,0.0003083659979263863,0,11.471525999251753,5.660657000461468e-07,1.0561264595121567e-06,9.629859963455195e-06,2.498206385944616e-05,
subject_00037_healthy,subject_00037,subject_00037,subject_00037_healthy.npz,0,complete,2.0,6.0,2.0,11.0,-1.0,-1.0,-1.0,-1.0,0.0,0.0,0.0,0.0,2000000,none,pmcx,2871950560,2.311641552961728e-08,0.004054866019185661,0.00019606630553440133,0,2.706513588206748e-07,0.006068069129401383,0.0002979753581385013,0,11.317206200677902,1.2788820775703745e-06,1.1562441940504714e-06,3.605538915262907e-05,1.4863509335114392e-05,
subject_00037_hemorrhage,subject_00037,subject_00037,subject_00037_hemorrhage.npz,1,complete,2.0,6.0,2.0,11.0,47.0,54.0,18.0,17.0,7.0,7.0,5.0,1023.0,2000000,none,pmcx,2871950560,2.3116518376328483e-08,0.00408455019787151,0.00019646513104391847,0,2.493529988563995e-07,0.006057183324664149,0.0002975371508202307,0,11.404751599533483,1.2788820775703745e-06,1.1562441940504714e-06,3.605538915262907e-05,1.4863509335114392e-05,
subject_00038_healthy,subject_00038,subject_00038,subject_00038_healthy.npz,0,complete,2.0,6.0,1.0,10.0,-1.0,-1.0,-1.0,-1.0,0.0,0.0,0.0,0.0,2000000,none,pmcx,2986810189,2.106317275183435e-09,0.003983983646144007,0.00019442027913736426,0,1.96047344439275e-08,0.006169927342810958,0.00030047692734636147,0,12.097296300577,7.566605344040043e-07,1.2974234153852481e-06,1.530759397257598e-05,3.631012749502095e-05,
subject_00038_hemorrhage,subject_00038,subject_00038,subject_00038_hemorrhage.npz,1,complete,2.0,6.0,1.0,10.0,43.0,54.0,21.0,20.0,7.0,5.0,4.0,577.0,2000000,none,pmcx,2986810189,9.082895876192719e-10,0.0039961105610416894,0.0001945212903717939,0,3.702285624170635e-09,0.006157404120697927,0.00030007112228338546,0,12.065764400176704,7.566605344040043e-07,1.2974234153852481e-06,1.530759397257598e-05,3.631012749502095e-05,
subject_00039_healthy,subject_00039,subject_00039,subject_00039_healthy.npz,0,complete,2.0,7.0,1.0,11.0,-1.0,-1.0,-1.0,-1.0,0.0,0.0,0.0,0.0,2000000,none,pmcx,3249664410,1.889779835852738e-09,0.004174720941318711,0.00020590021773482774,0,9.108930514639555e-09,0.006304105822446871,0.0003042979970907284,0,11.583635000046343,1.0046840341355553e-06,1.5133116622451251e-06,2.6522419384326056e-05,5.090186301130728e-05,
subject_00039_hemorrhage,subject_00039,subject_00039,subject_00039_hemorrhage.npz,1,complete,2.0,7.0,1.0,11.0,50.0,29.0,15.0,14.0,7.0,6.0,4.0,671.0,2000000,none,pmcx,3249664410,1.834203659510814e-09,0.004168921930102374,0.00020574683191421588,0,6.240109402008072e-09,0.006305232816438764,0.0003041862797708608,0,11.641363100148737,1.0046840341355553e-06,1.5133116622451251e-06,2.6522419384326056e-05,5.090186301130728e-05,
subject_00040_healthy,subject_00040,subject_00040,subject_00040_healthy.npz,0,complete,3.0,5.0,1.0,10.0,-1.0,-1.0,-1.0,-1.0,0.0,0.0,0.0,0.0,2000000,none,pmcx,227520792,2.1051287159972455e-09,0.003953923076478802,0.00019447350976668047,0,2.4585808725187494e-08,0.006095854423420008,0.000296183887530265,0,11.483895799610764,8.137851044721913e-07,1.6462067237194418e-06,2.99879198766154e-05,3.7992493325519905e-05,
subject_00040_hemorrhage,subject_00040,subject_00040,subject_00040_hemorrhage.npz,1,complete,3.0,5.0,1.0,10.0,41.0,52.0,15.0,14.0,5.0,5.0,5.0,515.0,2000000,none,pmcx,227520792,2.0513028037228147e-09,0.0039496389148359545,0.00019440884441193106,0,2.4974525797023044e-08,0.006113720574057417,0.0002966388193071728,0,11.505632300395519,8.137851044721913e-07,1.6462067237194418e-06,2.99879198766154e-05,3.7992493325519905e-05,
subject_00041_healthy,subject_00041,subject_00041,subject_00041_healthy.npz,0,complete,3.0,5.0,1.0,10.0,-1.0,-1.0,-1.0,-1.0,0.0,0.0,0.0,0.0,2000000,none,pmcx,820798044,5.328504297574123e-10,0.004141731952927808,0.00020632354159425676,0,2.0299533498517085e-08,0.00617019129821097,0.0003007087219709723,0,11.767829000251368,1.0733653073171679e-06,1.2316859335867608e-06,2.2918229124447957e-05,2.7595096802723873e-05,
subject_00041_hemorrhage,subject_00041,subject_00041,subject_00041_hemorrhage.npz,1,complete,3.0,5.0,1.0,10.0,48.0,30.0,17.0,16.0,7.0,5.0,4.0,577.0,2000000,none,pmcx,820798044,5.262546109420797e-10,0.004154560431852153,0.00020637134744800866,0,1.9768982362295848e-08,0.0061736185579415025,0.000300105875432348,0,11.771614599972963,1.0733653073171679e-06,1.2316859335867608e-06,2.2918229124447957e-05,2.7595096802723873e-05,
subject_00042_healthy,subject_00042,subject_00042,subject_00042_healthy.npz,0,complete,2.0,5.0,1.0,9.0,-1.0,-1.0,-1.0,-1.0,0.0,0.0,0.0,0.0,2000000,none,pmcx,3927464322,2.7339088846630716e-09,0.004119413870063838,0.00020073320052008386,0,9.431119180011503e-08,0.006202158360793424,0.0003048871528950296,0,11.889246999984607,7.265057940923395e-07,1.5686535510750946e-06,1.3076822291182948e-05,3.018824172148441e-05,
subject_00042_hemorrhage,subject_00042,subject_00042,subject_00042_hemorrhage.npz,1,complete,2.0,5.0,1.0,9.0,44.0,44.0,14.0,13.0,6.0,7.0,4.0,671.0,2000000,none,pmcx,3927464322,2.867385422477453e-09,0.0041063370477726555,0.00020085591578999554,0,1.0629807403735476e-07,0.006183821700714444,0.00030460337544027265,0,11.868357200408354,7.265057940923395e-07,1.5686535510750946e-06,1.3076822291182948e-05,3.018824172148441e-05,
subject_00043_healthy,subject_00043,subject_00043,subject_00043_healthy.npz,0,complete,3.0,6.0,2.0,12.0,-1.0,-1.0,-1.0,-1.0,0.0,0.0,0.0,0.0,2000000,none,pmcx,43551324,2.1860200609109012e-08,0.0040049484847310066,0.00019701075472418098,0,1.4586515962798304e-07,0.006101928111424084,0.00030368376445692074,0,11.208887900458649,9.147891208371539e-07,1.340769946524204e-06,1.7337893167666645e-05,2.4469648383752124e-05,
subject_00043_hemorrhage,subject_00043,subject_00043,subject_00043_hemorrhage.npz,1,complete,3.0,6.0,2.0,12.0,48.0,48.0,18.0,17.0,7.0,7.0,5.0,1023.0,2000000,none,pmcx,43551324,2.160222457664245e-08,0.00399741597022863,0.0001970520298598633,0,1.3980830131366552e-07,0.006107150326973909,0.0003033512302125148,0,11.227295099990442,9.147891208371539e-07,1.340769946524204e-06,1.7337893167666645e-05,2.4469648383752124e-05,
subject_00044_healthy,subject_00044,subject_00044,subject_00044_healthy.npz,0,complete,2.0,5.0,2.0,10.0,-1.0,-1.0,-1.0,-1.0,0.0,0.0,0.0,0.0,2000000,none,pmcx,2787200019,4.993624760152923e-08,0.0042616776749561215,0.0002090934286211814,0,2.6045380320818864e-07,0.006144961076754239,0.0003008827806221347,0,11.371002500178292,1.1722135210637687e-06,1.3460546606128353e-06,2.804303216848679e-05,3.9557152527954637e-05,
subject_00044_hemorrhage,subject_00044,subject_00044,subject_00044_hemorrhage.npz,1,complete,2.0,5.0,2.0,10.0,49.0,23.0,16.0,15.0,7.0,5.0,4.0,577.0,2000000,none,pmcx,2787200019,5.560974228641322e-08,0.004249559925342706,0.00020858315646934462,0,2.676445784654602e-07,0.006174300265551072,0.00030113820364824763,0,11.384256299817935,1.1722135210637687e-06,1.3460546606128353e-06,2.804303216848679e-05,3.9557152527954637e-05,
subject_00045_healthy,subject_00045,subject_00045,subject_00045_healthy.npz,0,complete,3.0,6.0,2.0,12.0,-1.0,-1.0,-1.0,-1.0,0.0,0.0,0.0,0.0,2000000,none,pmcx,911611453,1.311488995394437e-08,0.003958861575898415,0.000193049893459323,0,1.0864612241019631e-07,0.006126067606040899,0.0003025276341914765,0,10.794624600093812,1.0707240332293715e-06,1.5008983727006605e-06,3.727259853783353e-05,3.386231327712902e-05,
subject_00045_hemorrhage,subject_00045,subject_00045,subject_00045_hemorrhage.npz,1,complete,3.0,6.0,2.0,12.0,31.0,30.0,19.0,18.0,7.0,5.0,5.0,711.0,2000000,none,pmcx,911611453,1.3807192469557918e-08,0.003996134174436249,0.00019292521145512063,0,1.1798615215953546e-07,0.0061416044327173335,0.00030231464317349887,0,10.906274399487302,1.0707240332293715e-06,1.5008983727006605e-06,3.727259853783353e-05,3.386231327712902e-05,
subject_00046_healthy,subject_00046,subject_00046,subject_00046_healthy.npz,0,complete,2.0,5.0,2.0,10.0,-1.0,-1.0,-1.0,-1.0,0.0,0.0,0.0,0.0,2000000,none,pmcx,3863873213,3.426620177779563e-08,0.004270598799644489,0.0002122245435173214,0,3.023308260101011e-07,0.006302892286134819,0.00030730123005321314,0,11.188568599754944,9.297389881331038e-07,1.4914606207935222e-06,2.0823935511798128e-05,4.255049761533059e-05,
subject_00046_hemorrhage,subject_00046,subject_00046,subject_00046_hemorrhage.npz,1,complete,2.0,5.0,2.0,10.0,43.0,32.0,14.0,13.0,5.0,7.0,4.0,577.0,2000000,none,pmcx,3863873213,3.1710213595482673e-08,0.004275172446346255,0.0002127000101311659,0,2.7285276495797137e-07,0.006301111707699845,0.0003074406988078037,0,11.221677299588919,9.297389881331038e-07,1.4914606207935222e-06,2.0823935511798128e-05,4.255049761533059e-05,
subject_00047_healthy,subject_00047,subject_00047,subject_00047_healthy.npz,0,complete,3.0,6.0,1.0,11.0,-1.0,-1.0,-1.0,-1.0,0.0,0.0,0.0,0.0,2000000,none,pmcx,1434607146,1.7790260476323601e-10,0.004079049766274697,0.00019980355861866204,0,2.2188134501002015e-08,0.0063167972858454045,0.0003101271614450753,0,11.82576290029101,1.0660979991941165e-06,1.9066396541809183e-06,1.8910272970708124e-05,3.1605706635747834e-05,
subject_00047_hemorrhage,subject_00047,subject_00047,subject_00047_hemorrhage.npz,1,complete,3.0,6.0,1.0,11.0,32.0,32.0,19.0,18.0,7.0,7.0,5.0,1023.0,2000000,none,pmcx,1434607146,1.8259910098670988e-10,0.004079129032778723,0.00020006647809472732,0,2.2488743496397655e-08,0.006296459716232318,0.0003098814090147715,0,11.80592820001766,1.0660979991941165e-06,1.9066396541809183e-06,1.8910272970708124e-05,3.1605706635747834e-05,
subject_00048_healthy,subject_00048,subject_00048,subject_00048_healthy.npz,0,complete,3.0,7.0,1.0,12.0,-1.0,-1.0,-1.0,-1.0,0.0,0.0,0.0,0.0,2000000,none,pmcx,3403981076,8.741575838068156e-10,0.00397350492759301,0.00019574057166659483,0,3.340975425205493e-08,0.006299353047921872,0.0003181783358759843,0,11.627712099812925,1.046377152156032e-06,1.5461697214596728e-06,3.5689082181379096e-05,2.789912878813257e-05,
subject_00048_hemorrhage,subject_00048,subject_00048,subject_00048_hemorrhage.npz,1,complete,3.0,7.0,1.0,12.0,44.0,42.0,18.0,17.0,5.0,6.0,5.0,613.0,2000000,none,pmcx,3403981076,6.812447788812031e-11,0.003975966784237812,0.00019609426848219468,0,3.401662970665173e-08,0.0063272521767100045,0.0003184044457840914,0,11.614829199854285,1.046377152156032e-06,1.5461697214596728e-06,3.5689082181379096e-05,2.789912878813257e-05,
subject_00049_healthy,subject_00049,subject_00049,subject_00049_healthy.npz,0,complete,3.0,6.0,1.0,11.0,-1.0,-1.0,-1.0,-1.0,0.0,0.0,0.0,0.0,2000000,none,pmcx,882300175,6.683321860917515e-10,0.0038302262252243495,0.00018726417197999673,0,6.258082842221332e-08,0.006296051989228826,0.000311566511903007,0,11.346200799802318,6.514041012356175e-07,1.3623205303589472e-06,2.3703101399553603e-05,2.8873044538231182e-05,
subject_00049_hemorrhage,subject_00049,subject_00049,subject_00049_hemorrhage.npz,1,complete,3.0,6.0,1.0,11.0,52.0,38.0,18.0,17.0,5.0,7.0,5.0,711.0,2000000,none,pmcx,882300175,6.700374777569892e-10,0.0038274019999131087,0.00018691894885867542,0,5.75705159734007e-08,0.0062874777226349056,0.0003110382555697898,0,11.34458010084927,6.514041012356175e-07,1.3623205303589472e-06,2.3703101399553603e-05,2.8873044538231182e-05,
subject_00050_healthy,subject_00050,subject_00050,subject_00050_healthy.npz,0,complete,2.0,5.0,1.0,9.0,-1.0,-1.0,-1.0,-1.0,0.0,0.0,0.0,0.0,2000000,none,pmcx,3491093398,2.0640181876124334e-09,0.004092610417787615,0.00019779746115564708,0,6.065582148091473e-08,0.006253124679468277,0.00030647429557343307,0,12.15830129920505,9.627780367139343e-07,1.5127946755953252e-06,2.1924352061803744e-05,2.6443570810254224e-05,
subject_00050_hemorrhage,subject_00050,subject_00050,subject_00050_hemorrhage.npz,1,complete,2.0,5.0,1.0,9.0,47.0,40.0,16.0,15.0,5.0,5.0,5.0,515.0,2000000,none,pmcx,3491093398,2.025575948925673e-09,0.004082281656920271,0.00019772539827729813,0,6.186918625413524e-08,0.0062680036734416664,0.0003068874934451045,0,12.134321100777015,9.627780367139343e-07,1.5127946755953252e-06,2.1924352061803744e-05,2.6443570810254224e-05,
subject_00051_healthy,subject_00051,subject_00051,subject_00051_healthy.npz,0,complete,3.0,5.0,1.0,10.0,-1.0,-1.0,-1.0,-1.0,0.0,0.0,0.0,0.0,2000000,none,pmcx,3447972648,1.0065257807233056e-09,0.004082166233655953,0.00020084382311578644,0,4.2137324647433577e-08,0.006143292046243324,0.00029709708199881824,0,12.03012099978514,9.494919627251367e-07,1.8340821579120083e-06,2.0920239028456543e-05,4.4503717500206375e-05,
subject_00051_hemorrhage,subject_00051,subject_00051,subject_00051_hemorrhage.npz,1,complete,3.0,5.0,1.0,10.0,38.0,40.0,16.0,15.0,5.0,7.0,5.0,711.0,2000000,none,pmcx,3447972648,6.285334443252082e-10,0.0040612459946274965,0.0002005530570118892,0,1.243539573006122e-08,0.006129141386028922,0.00029632772784422715,0,11.939003000268713,9.494919627251367e-07,1.8340821579120083e-06,2.0920239028456543e-05,4.4503717500206375e-05,
subject_00052_healthy,subject_00052,subject_00052,subject_00052_healthy.npz,0,complete,3.0,6.0,2.0,12.0,-1.0,-1.0,-1.0,-1.0,0.0,0.0,0.0,0.0,2000000,none,pmcx,464620237,7.815503052119197e-09,0.0040450292748953525,0.0002000727928931961,0,2.7846885626422384e-07,0.006076630064948232,0.0002982636226396324,0,11.431095700478181,1.0452020855644014e-06,1.0945148384654837e-06,2.67272468851016e-05,1.557080481074183e-05,
subject_00052_hemorrhage,subject_00052,subject_00052,subject_00052_hemorrhage.npz,1,complete,3.0,6.0,2.0,12.0,51.0,33.0,19.0,18.0,6.0,7.0,5.0,877.0,2000000,none,pmcx,464620237,5.0234043078424104e-09,0.004054241836298356,0.0002003213418360307,0,2.448130618001107e-07,0.00607758218654294,0.00029805934553300806,0,11.54682920081541,1.0452020855644014e-06,1.0945148384654837e-06,2.67272468851016e-05,1.557080481074183e-05,
subject_00053_healthy,subject_00053,subject_00053,subject_00053_healthy.npz,0,complete,2.0,6.0,1.0,10.0,-1.0,-1.0,-1.0,-1.0,0.0,0.0,0.0,0.0,2000000,none,pmcx,3466855934,5.724645893212618e-09,0.004162572503733231,0.00019908644146988337,0,4.8780586688866835e-08,0.006457838261281465,0.000306326997670912,0,12.367241099709645,8.173128496438953e-07,1.4891481013609984e-06,3.329255971189302e-05,5.18624930140538e-05,
subject_00053_hemorrhage,subject_00053,subject_00053,subject_00053_hemorrhage.npz,1,complete,2.0,6.0,1.0,10.0,51.0,27.0,16.0,15.0,5.0,5.0,5.0,515.0,2000000,none,pmcx,3466855934,5.7389496893427256e-09,0.004164372312708046,0.00019960144941639853,0,4.193446737753751e-08,0.006414349676551938,0.00030550446732960715,0,12.3516498003155,8.173128496438953e-07,1.4891481013609984e-06,3.329255971189302e-05,5.18624930140538e-05,
subject_00054_healthy,subject_00054,subject_00054,subject_00054_healthy.npz,0,complete,3.0,6.0,1.0,11.0,-1.0,-1.0,-1.0,-1.0,0.0,0.0,0.0,0.0,2000000,none,pmcx,3434514436,3.2999333641347718e-09,0.004121381453519573,0.00020079089801365585,0,4.7713158520284346e-08,0.006148954535296346,0.0003014150010665099,0,11.442965399706736,1.1370300743766551e-06,1.5128954485837128e-06,3.264872525295462e-05,4.323621480460411e-05,
subject_00054_hemorrhage,subject_00054,subject_00054,subject_00054_hemorrhage.npz,1,complete,3.0,6.0,1.0,11.0,38.0,28.0,15.0,14.0,5.0,6.0,4.0,491.0,2000000,none,pmcx,3434514436,3.790377523335029e-09,0.004137662454108461,0.00020100769543763354,0,7.251591021858469e-08,0.006150210042304702,0.00030132738869043145,0,11.40357989934273,1.1370300743766551e-06,1.5128954485837128e-06,3.264872525295462e-05,4.323621480460411e-05,
subject_00055_healthy,subject_00055,subject_00055,subject_00055_healthy.npz,0,complete,2.0,6.0,2.0,11.0,-1.0,-1.0,-1.0,-1.0,0.0,0.0,0.0,0.0,2000000,none,pmcx,211048805,2.66572983499534e-08,0.004199872151549426,0.000206224060431409,0,1.6058222446556506e-07,0.006273509181493462,0.00030134774286978233,0,11.048622200498357,9.639336460981248e-07,1.1378537157985493e-06,1.3145091581923465e-05,1.76891125852445e-05,
subject_00055_hemorrhage,subject_00055,subject_00055,subject_00055_hemorrhage.npz,1,complete,2.0,6.0,2.0,11.0,35.0,47.0,15.0,14.0,5.0,5.0,4.0,417.0,2000000,none,pmcx,211048805,2.311521825380921e-08,0.004198618180673387,0.00020657101655470906,0,1.9723476262742509e-07,0.006255820068908217,0.00030108767101051594,0,11.074460699688643,9.639336460981248e-07,1.1378537157985493e-06,1.3145091581923465e-05,1.76891125852445e-05,
subject_00056_healthy,subject_00056,subject_00056,subject_00056_healthy.npz,0,complete,2.0,7.0,1.0,11.0,-1.0,-1.0,-1.0,-1.0,0.0,0.0,0.0,0.0,2000000,none,pmcx,2439382876,2.355388977386729e-10,0.004221812597840539,0.00020918372238256462,0,1.4394942866726341e-08,0.0064098425354571385,0.0003148380520298362,0,12.089609999908134,7.075557472436218e-07,1.1842339555393972e-06,9.932424899771874e-06,1.1813865888565117e-05,
subject_00056_hemorrhage,subject_00056,subject_00056,subject_00056_hemorrhage.npz,1,complete,2.0,7.0,1.0,11.0,30.0,32.0,20.0,19.0,6.0,6.0,4.0,585.0,2000000,none,pmcx,2439382876,2.3556408694786704e-10,0.004230156840091264,0.0002094168886274479,0,1.4369269575395884e-08,0.006402054187279106,0.0003149504537801722,0,12.099856300279498,7.075557472436218e-07,1.1842339555393972e-06,9.932424899771874e-06,1.1813865888565117e-05,
subject_00057_healthy,subject_00057,subject_00057,subject_00057_healthy.npz,0,complete,3.0,7.0,1.0,12.0,-1.0,-1.0,-1.0,-1.0,0.0,0.0,0.0,0.0,2000000,none,pmcx,2764753198,3.148548911637543e-09,0.004096455241815884,0.00020283951518523146,0,2.4492090596337215e-08,0.005993811409448487,0.000292189018847997,0,11.743210800224915,8.522187288708911e-07,1.2063148581246622e-06,1.4076937829036454e-05,1.5702238498989905e-05,
subject_00057_hemorrhage,subject_00057,subject_00057,subject_00057_hemorrhage.npz,1,complete,3.0,7.0,1.0,12.0,32.0,39.0,19.0,18.0,5.0,5.0,5.0,515.0,2000000,none,pmcx,2764753198,3.1952612074750266e-10,0.00409939899791817,0.00020312702134812335,0,2.5185564015654474e-08,0.005989321666914268,0.00029160294162326153,0,11.754730299813673,8.522187288708911e-07,1.2063148581246622e-06,1.4076937829036454e-05,1.5702238498989905e-05,
subject_00058_healthy,subject_00058,subject_00058,subject_00058_healthy.npz,0,complete,2.0,7.0,2.0,12.0,-1.0,-1.0,-1.0,-1.0,0.0,0.0,0.0,0.0,2000000,none,pmcx,2342942887,8.717400315211606e-09,0.004198403896047927,0.0002055058581130417,0,1.4446245086340411e-07,0.006246646074728565,0.0003080957993244329,0,11.202082799980417,9.233624762624512e-07,1.142513841832054e-06,2.298927658342647e-05,1.655564294416635e-05,
subject_00058_hemorrhage,subject_00058,subject_00058,subject_00058_hemorrhage.npz,1,complete,2.0,7.0,2.0,12.0,41.0,38.0,19.0,18.0,6.0,5.0,4.0,491.0,2000000,none,pmcx,2342942887,6.512166054187637e-09,0.004217351663755385,0.000205367205955275,0,1.7775464607726683e-07,0.006254534056524441,0.00030744834672111004,0,11.160471899667755,9.233624762624512e-07,1.142513841832054e-06,2.298927658342647e-05,1.655564294416635e-05,
subject_00059_healthy,subject_00059,subject_00059,subject_00059_healthy.npz,0,complete,2.0,6.0,1.0,10.0,-1.0,-1.0,-1.0,-1.0,0.0,0.0,0.0,0.0,2000000,none,pmcx,3477617897,5.952846466182911e-09,0.0042962573163881825,0.00021033341431296623,0,8.269178301771677e-09,0.006330535379284913,0.0003068908069453791,0,11.862694900017232,1.2060700264321449e-06,9.843509635577622e-07,5.2814836169253615e-05,9.662441224668472e-06,
subject_00059_hemorrhage,subject_00059,subject_00059,subject_00059_hemorrhage.npz,1,complete,2.0,6.0,1.0,10.0,51.0,29.0,15.0,14.0,5.0,6.0,5.0,613.0,2000000,none,pmcx,3477617897,5.87306480703451e-09,0.004304148291469037,0.00021089050340307946,0,8.275280391897868e-09,0.006332310785590531,0.00030658697511886984,0,11.86818840005435,1.2060700264321449e-06,9.843509635577622e-07,5.2814836169253615e-05,9.662441224668472e-06,
subject_00060_healthy,subject_00060,subject_00060,subject_00060_healthy.npz,0,complete,3.0,5.0,2.0,11.0,-1.0,-1.0,-1.0,-1.0,0.0,0.0,0.0,0.0,2000000,none,pmcx,786179015,1.00970440948876e-08,0.003852544336247196,0.00019064654276785984,0,1.9517841679176447e-07,0.006188214704097659,0.00030941877072178603,0,11.306855799863115,9.839930976524018e-07,1.4091835776950518e-06,1.7784238496528805e-05,3.1411745540048386e-05,
subject_00060_hemorrhage,subject_00060,subject_00060,subject_00060_hemorrhage.npz,1,complete,3.0,5.0,2.0,11.0,31.0,45.0,18.0,17.0,6.0,6.0,5.0,739.0,2000000,none,pmcx,786179015,1.017007813584573e-08,0.0038558130290339333,0.0001908086903219876,0,1.8843889996740304e-07,0.006184355083470623,0.00030923307514425596,0,11.260562000330538,9.839930976524018e-07,1.4091835776950518e-06,1.7784238496528805e-05,3.1411745540048386e-05,
subject_00061_healthy,subject_00061,subject_00061,subject_00061_healthy.npz,0,complete,3.0,6.0,1.0,11.0,-1.0,-1.0,-1.0,-1.0,0.0,0.0,0.0,0.0,2000000,none,pmcx,282165870,1.1306130715629213e-10,0.004095882958925227,0.00020219101031514842,0,4.725361052780103e-10,0.006134978334920369,0.0003025924252511176,0,11.828037899918854,7.393796674227353e-07,1.796294527405843e-06,1.71089013509566e-05,5.19956589426912e-05,
subject_00061_hemorrhage,subject_00061,subject_00061,subject_00061_hemorrhage.npz,1,complete,3.0,6.0,1.0,11.0,45.0,53.0,20.0,19.0,6.0,6.0,5.0,739.0,2000000,none,pmcx,282165870,1.9277697073032993e-11,0.00407877405757427,0.00020204298903560611,0,6.6562382823442e-10,0.006154084308122625,0.0003029991235683141,0,11.826584600377828,7.393796674227353e-07,1.796294527405843e-06,1.71089013509566e-05,5.19956589426912e-05,
subject_00062_healthy,subject_00062,subject_00062,subject_00062_healthy.npz,0,complete,3.0,6.0,2.0,12.0,-1.0,-1.0,-1.0,-1.0,0.0,0.0,0.0,0.0,2000000,none,pmcx,1993381200,2.536083439001992e-08,0.003853513404622453,0.0001892033308681799,0,1.7574507592851595e-07,0.0064578527101869085,0.0003215021968569867,0,11.153769000200555,1.0175890704225273e-06,1.5108050109576946e-06,2.5772347096182386e-05,2.194346572309113e-05,
subject_00062_hemorrhage,subject_00062,subject_00062,subject_00062_hemorrhage.npz,1,complete,3.0,6.0,2.0,12.0,34.0,47.0,17.0,16.0,6.0,7.0,4.0,671.0,2000000,none,pmcx,1993381200,1.6155971127594287e-08,0.0038792857517186354,0.00018920241962389108,0,6.41828279774991e-08,0.006449938269143308,0.0003214485523172939,0,11.130276600364596,1.0175890704225273e-06,1.5108050109576946e-06,2.5772347096182386e-05,2.194346572309113e-05,
subject_00063_healthy,subject_00063,subject_00063,subject_00063_healthy.npz,0,complete,3.0,6.0,2.0,12.0,-1.0,-1.0,-1.0,-1.0,0.0,0.0,0.0,0.0,2000000,none,pmcx,4029294456,3.474162221387737e-08,0.004136231250836797,0.00020735986943574237,0,9.46699986224541e-08,0.006241006506755934,0.00030671204549728454,0,11.148118300363421,8.388724679386939e-07,2.0067327392421913e-06,1.20243259001283e-05,3.952137290674871e-05,
subject_00063_hemorrhage,subject_00063,subject_00063,subject_00063_hemorrhage.npz,1,complete,3.0,6.0,2.0,12.0,32.0,27.0,17.0,16.0,6.0,7.0,4.0,671.0,2000000,none,pmcx,4029294456,3.1303380499358455e-08,0.004148255576736926,0.00020729273854049388,0,1.4619242200133933e-07,0.006201485133849186,0.0003065501689591709,0,11.130708599928766,8.388724679386939e-07,2.0067327392421913e-06,1.20243259001283e-05,3.952137290674871e-05,
subject_00064_healthy,subject_00064,subject_00064,subject_00064_healthy.npz,0,complete,3.0,6.0,1.0,11.0,-1.0,-1.0,-1.0,-1.0,0.0,0.0,0.0,0.0,2000000,none,pmcx,3982306148,6.654767742189803e-10,0.0038516330862146024,0.00018881990269362523,0,9.35091986888964e-09,0.006323739185679353,0.0003116108812347213,0,11.692576600704342,7.834277575608587e-07,1.4967463479021795e-06,3.113787553502912e-05,2.879831478452312e-05,
subject_00064_hemorrhage,subject_00064,subject_00064,subject_00064_hemorrhage.npz,1,complete,3.0,6.0,1.0,11.0,38.0,55.0,16.0,15.0,6.0,5.0,5.0,613.0,2000000,none,pmcx,3982306148,3.4874167171855263e-11,0.0038827709617496316,0.00018895161011420975,0,1.0191944250171229e-08,0.006337470500799926,0.0003122280729427383,0,11.701650300063193,7.834277575608587e-07,1.4967463479021795e-06,3.113787553502912e-05,2.879831478452312e-05,
subject_00065_healthy,subject_00065,subject_00065,subject_00065_healthy.npz,0,complete,2.0,7.0,1.0,11.0,-1.0,-1.0,-1.0,-1.0,0.0,0.0,0.0,0.0,2000000,none,pmcx,3877361718,1.37800242926538e-10,0.004213623011839131,0.00020717889615976703,0,3.623311134305249e-08,0.006455017513984145,0.000312449187578959,0,11.63035469991155,7.532150968143558e-07,1.4076146621634796e-06,1.72363626766963e-05,3.617223325779427e-05,
subject_00065_hemorrhage,subject_00065,subject_00065,subject_00065_hemorrhage.npz,1,complete,2.0,7.0,1.0,11.0,41.0,48.0,19.0,18.0,7.0,7.0,5.0,1023.0,2000000,none,pmcx,3877361718,1.3936401919386833e-10,0.0042173207187305595,0.00020718261734203666,0,2.655399145096553e-08,0.00645284453959233,0.00031313481110779645,0,11.625622099963948,7.532150968143558e-07,1.4076146621634796e-06,1.72363626766963e-05,3.617223325779427e-05,
subject_00066_healthy,subject_00066,subject_00066,subject_00066_healthy.npz,0,complete,2.0,6.0,2.0,11.0,-1.0,-1.0,-1.0,-1.0,0.0,0.0,0.0,0.0,2000000,none,pmcx,3174619361,8.1720169025386e-08,0.004238256171696401,0.00021094547299832094,0,1.2266642924240017e-07,0.006325701896229052,0.00031041949230473966,0,10.903926700120792,1.0536168283800372e-06,1.6397594466816108e-06,2.9453194322836933e-05,4.8809727674137444e-05,
subject_00066_hemorrhage,subject_00066,subject_00066,subject_00066_hemorrhage.npz,1,complete,2.0,6.0,2.0,11.0,47.0,34.0,15.0,14.0,6.0,7.0,4.0,671.0,2000000,none,pmcx,3174619361,5.435120140193151e-08,0.004267709366019238,0.00021080130192982727,0,1.4895169467888603e-07,0.006323015739702182,0.00031073697544381094,0,10.895757400197908,1.0536168283800372e-06,1.6397594466816108e-06,2.9453194322836933e-05,4.8809727674137444e-05,
subject_00067_healthy,subject_00067,subject_00067,subject_00067_healthy.npz,0,complete,3.0,6.0,2.0,12.0,-1.0,-1.0,-1.0,-1.0,0.0,0.0,0.0,0.0,2000000,none,pmcx,837377736,1.7350508295797193e-08,0.004034937583384456,0.00019661861835512082,0,9.9660600272496e-08,0.006354079424913513,0.00031332828669843266,0,10.837225900497288,8.736841314824519e-07,8.546735715146115e-07,3.142469495113478e-05,8.606749892935486e-06,
subject_00067_hemorrhage,subject_00067,subject_00067,subject_00067_hemorrhage.npz,1,complete,3.0,6.0,2.0,12.0,42.0,30.0,19.0,18.0,6.0,5.0,4.0,491.0,2000000,none,pmcx,837377736,2.020132711288523e-08,0.0040424235867277955,0.0001967956026169959,0,1.8477130549717192e-07,0.006362686174806448,0.000313542192146021,0,10.924680599942803,8.736841314824519e-07,8.546735715146115e-07,3.142469495113478e-05,8.606749892935486e-06,
subject_00068_healthy,subject_00068,subject_00068,subject_00068_healthy.npz,0,complete,3.0,6.0,1.0,11.0,-1.0,-1.0,-1.0,-1.0,0.0,0.0,0.0,0.0,2000000,none,pmcx,2333107573,2.76230163110734e-09,0.004039018086188786,0.00020143167246218114,0,1.7532267010068634e-08,0.006077397845561624,0.0002954981777545335,0,11.969219099730253,6.688897564003341e-07,1.855976596017725e-06,1.3804119257430393e-05,4.8641016910597364e-05,
subject_00068_hemorrhage,subject_00068,subject_00068,subject_00068_hemorrhage.npz,1,complete,3.0,6.0,1.0,11.0,36.0,35.0,21.0,20.0,5.0,7.0,5.0,711.0,2000000,none,pmcx,2333107573,6.110517427420066e-10,0.004035246845527318,0.00020148983701410354,0,1.5442812479461214e-08,0.006041705004304995,0.00029524922331202537,0,11.929861000739038,6.688897564003341e-07,1.855976596017725e-06,1.3804119257430393e-05,4.8641016910597364e-05,
subject_00069_healthy,subject_00069,subject_00069,subject_00069_healthy.npz,0,complete,2.0,7.0,2.0,12.0,-1.0,-1.0,-1.0,-1.0,0.0,0.0,0.0,0.0,2000000,none,pmcx,1399013875,2.0397956742245407e-08,0.0042152832267532475,0.00020503812116950723,0,1.2514228882791987e-07,0.006322113595240332,0.0003055839952006245,0,10.95086559979245,8.802632759575021e-07,1.5868311460978161e-06,2.6885286104019746e-05,3.858166275808473e-05,
subject_00069_hemorrhage,subject_00069,subject_00069,subject_00069_hemorrhage.npz,1,complete,2.0,7.0,2.0,12.0,47.0,26.0,18.0,17.0,6.0,6.0,4.0,585.0,2000000,none,pmcx,1399013875,1.7324962577469267e-08,0.0042122363961252796,0.00020532252781491764,0,1.7742391127917725e-07,0.006330294141425617,0.0003058940085106174,0,10.949427400249988,8.802632759575021e-07,1.5868311460978161e-06,2.6885286104019746e-05,3.858166275808473e-05,
subject_00070_healthy,subject_00070,subject_00070,subject_00070_healthy.npz,0,complete,2.0,6.0,1.0,10.0,-1.0,-1.0,-1.0,-1.0,0.0,0.0,0.0,0.0,2000000,none,pmcx,3053576848,1.9703609819189168e-09,0.004132416882881892,0.00020189584319934054,0,8.672967698093321e-09,0.006434706448813335,0.00031452806071383235,0,11.816355800023302,8.346799134144736e-07,1.458850814396661e-06,1.716018603279551e-05,2.220170914127382e-05,
subject_00070_hemorrhage,subject_00070,subject_00070,subject_00070_hemorrhage.npz,1,complete,2.0,6.0,1.0,10.0,38.0,49.0,18.0,17.0,7.0,7.0,4.0,805.0,2000000,none,pmcx,3053576848,2.5725439015019175e-09,0.004128087692947277,0.0002022265961218967,0,5.852601511713275e-09,0.006447154789724588,0.0003149039694306374,0,11.825897000031546,8.346799134144736e-07,1.458850814396661e-06,1.716018603279551e-05,2.220170914127382e-05,
subject_00071_healthy,subject_00071,subject_00071,subject_00071_healthy.npz,0,complete,2.0,6.0,2.0,11.0,-1.0,-1.0,-1.0,-1.0,0.0,0.0,0.0,0.0,2000000,none,pmcx,3869170538,6.818791483897656e-08,0.004070091113978176,0.00019962062431771527,0,2.974798160862516e-07,0.006373145683472252,0.0003047336167957657,0,10.738438999978825,1.0277643522790309e-06,1.8478779606519551e-06,2.0892369043031597e-05,4.909945405193357e-05,
subject_00071_hemorrhage,subject_00071,subject_00071,subject_00071_hemorrhage.npz,1,complete,2.0,6.0,2.0,11.0,47.0,49.0,18.0,17.0,5.0,6.0,5.0,613.0,2000000,none,pmcx,3869170538,6.762350471161398e-08,0.004049611424598308,0.00019973299888813105,0,1.7789411534879396e-07,0.006342056084074518,0.00030356466085050386,0,10.770017100032419,1.0277643522790309e-06,1.8478779606519551e-06,2.0892369043031597e-05,4.909945405193357e-05,
subject_00072_healthy,subject_00072,subject_00072,subject_00072_healthy.npz,0,complete,3.0,6.0,1.0,11.0,-1.0,-1.0,-1.0,-1.0,0.0,0.0,0.0,0.0,2000000,none,pmcx,1557173931,5.894560125431041e-10,0.003942088546875518,0.0001920204923872973,0,5.75078240209169e-08,0.006259883162827209,0.0003153863026917476,0,11.71291479934007,1.1571540194827993e-06,1.480737107973352e-06,3.4620048270057185e-05,2.664860471513885e-05,
subject_00072_hemorrhage,subject_00072,subject_00072,subject_00072_hemorrhage.npz,1,complete,3.0,6.0,1.0,11.0,44.0,43.0,15.0,14.0,7.0,5.0,4.0,577.0,2000000,none,pmcx,1557173931,1.4430108668792834e-09,0.003959251110528825,0.00019178130541756442,0,7.277189756945684e-08,0.006271035818315294,0.0003158444263112219,0,11.793605400249362,1.1571540194827993e-06,1.480737107973352e-06,3.4620048270057185e-05,2.664860471513885e-05,
subject_00073_healthy,subject_00073,subject_00073,subject_00073_healthy.npz,0,complete,3.0,5.0,1.0,10.0,-1.0,-1.0,-1.0,-1.0,0.0,0.0,0.0,0.0,2000000,none,pmcx,2075855829,3.422467253429698e-09,0.004225953992642628,0.00021220137163121796,0,5.454000919019673e-08,0.005963586777786808,0.0002865837007003775,0,11.880985599476844,1.0757869818934868e-06,1.401383817458423e-06,1.4758974704120716e-05,3.204906396444716e-05,
subject_00073_hemorrhage,subject_00073,subject_00073,subject_00073_hemorrhage.npz,1,complete,3.0,5.0,1.0,10.0,34.0,28.0,14.0,13.0,6.0,6.0,4.0,585.0,2000000,none,pmcx,2075855829,2.816718186864916e-09,0.004212762875500533,0.00021199527324260054,0,4.05545060679079e-08,0.005960022336803699,0.00028727108068501544,0,11.91443800018169,1.0757869818934868e-06,1.401383817458423e-06,1.4758974704120716e-05,3.204906396444716e-05,
subject_00074_healthy,subject_00074,subject_00074,subject_00074_healthy.npz,0,complete,2.0,6.0,2.0,11.0,-1.0,-1.0,-1.0,-1.0,0.0,0.0,0.0,0.0,2000000,none,pmcx,2037848893,1.930102116765272e-08,0.004135137681640268,0.0002043102309101292,0,2.393750293534015e-07,0.0063462746712538,0.00031250493787682683,0,11.062065000412986,9.624101687906154e-07,1.239849786422245e-06,2.084025442653241e-05,1.500598147007471e-05,
subject_00074_hemorrhage,subject_00074,subject_00074,subject_00074_hemorrhage.npz,1,complete,2.0,6.0,2.0,11.0,40.0,31.0,20.0,19.0,7.0,5.0,5.0,711.0,2000000,none,pmcx,2037848893,2.0534707457050704e-08,0.004129518725825864,0.0002039190291682036,0,1.6954775390177558e-07,0.0063380921938551065,0.0003121402533718476,0,11.057905900059268,9.624101687906154e-07,1.239849786422245e-06,2.084025442653241e-05,1.500598147007471e-05,
subject_00075_healthy,subject_00075,subject_00075,subject_00075_healthy.npz,0,complete,2.0,7.0,1.0,11.0,-1.0,-1.0,-1.0,-1.0,0.0,0.0,0.0,0.0,2000000,none,pmcx,1308116625,7.981407448348709e-10,0.004001245722661581,0.00019556088595525412,0,4.388335823465922e-09,0.006197661431358737,0.0003027186871511814,0,11.654960099840537,7.363974998057763e-07,1.2493042997246277e-06,1.4866371730192082e-05,2.700174686407885e-05,
subject_00075_hemorrhage,subject_00075,subject_00075,subject_00075_hemorrhage.npz,1,complete,2.0,7.0,1.0,11.0,48.0,29.0,15.0,14.0,7.0,6.0,4.0,671.0,2000000,none,pmcx,1308116625,1.0416993417734283e-09,0.0039883894481097335,0.00019515948139118823,0,3.029614382376412e-08,0.006190974748683472,0.00030257012546889607,0,11.657976099988446,7.363974998057763e-07,1.2493042997246277e-06,1.4866371730192082e-05,2.700174686407885e-05,
subject_00076_healthy,subject_00076,subject_00076,subject_00076_healthy.npz,0,complete,3.0,7.0,2.0,13.0,-1.0,-1.0,-1.0,-1.0,0.0,0.0,0.0,0.0,2000000,none,pmcx,2503100183,1.1983533813755281e-08,0.004050853842208068,0.00020060876776344932,0,1.3203172951515593e-07,0.0060303371599023745,0.0002984722246096265,0,10.727780500194058,8.166696810670797e-07,1.3077054403757282e-06,1.4987466764106042e-05,1.8320695269567235e-05,
subject_00076_hemorrhage,subject_00076,subject_00076,subject_00076_hemorrhage.npz,1,complete,3.0,7.0,2.0,13.0,38.0,37.0,20.0,19.0,7.0,7.0,5.0,1023.0,2000000,none,pmcx,2503100183,1.5061746245740316e-08,0.004049617281124558,0.00020094404215550938,0,1.6222387209573497e-07,0.006048657855171942,0.00029789526240419994,0,10.77426590025425,8.166696810670797e-07,1.3077054403757282e-06,1.4987466764106042e-05,1.8320695269567235e-05,
subject_00077_healthy,subject_00077,subject_00077,subject_00077_healthy.npz,0,complete,3.0,6.0,1.0,11.0,-1.0,-1.0,-1.0,-1.0,0.0,0.0,0.0,0.0,2000000,none,pmcx,1788122236,3.0534560733084494e-10,0.004166535660682389,0.0002061173230681589,0,5.6689881513590154e-08,0.006030848025985547,0.0002932833053202207,0,11.617641399847344,9.741379957613293e-07,1.3679697961623216e-06,2.1080218701813314e-05,3.9059137707691746e-05,
subject_00077_hemorrhage,subject_00077,subject_00077,subject_00077_hemorrhage.npz,1,complete,3.0,6.0,1.0,11.0,32.0,48.0,21.0,20.0,7.0,7.0,5.0,1023.0,2000000,none,pmcx,1788122236,8.362194442791976e-10,0.00417665619798483,0.00020618679516546426,0,4.570081590701009e-08,0.006031779676578491,0.00029309995806586146,0,11.663229099474847,9.741379957613293e-07,1.3679697961623216e-06,2.1080218701813314e-05,3.9059137707691746e-05,
subject_00078_healthy,subject_00078,subject_00078,subject_00078_healthy.npz,0,complete,2.0,6.0,2.0,11.0,-1.0,-1.0,-1.0,-1.0,0.0,0.0,0.0,0.0,2000000,none,pmcx,463770328,5.40145773100771e-09,0.004081721621054417,0.00020026410767589312,0,2.7286909863441083e-07,0.006311102418133846,0.000308855703362388,0,11.164299600059167,9.389118947067476e-07,1.7377361809142626e-06,4.1773186440333815e-05,3.3974220381603575e-05,
subject_00078_hemorrhage,subject_00078,subject_00078,subject_00078_hemorrhage.npz,1,complete,2.0,6.0,2.0,11.0,32.0,26.0,15.0,14.0,5.0,5.0,4.0,417.0,2000000,none,pmcx,463770328,7.59803295871194e-09,0.004076831711928742,0.00020064019384541794,0,1.6222477037415097e-07,0.006317111712130682,0.00030816879330428315,0,11.223204299807549,9.389118947067476e-07,1.7377361809142626e-06,4.1773186440333815e-05,3.3974220381603575e-05,
subject_00079_healthy,subject_00079,subject_00079,subject_00079_healthy.npz,0,complete,3.0,5.0,1.0,10.0,-1.0,-1.0,-1.0,-1.0,0.0,0.0,0.0,0.0,2000000,none,pmcx,2216841603,8.209460047218573e-11,0.0040652705813893795,0.00020108103771330417,0,4.218778148795611e-08,0.006025662153189007,0.000301822913226465,0,11.878468000562862,9.845858280995712e-07,1.3683020298877684e-06,2.1570625752187315e-05,2.158868566977997e-05,
subject_00079_hemorrhage,subject_00079,subject_00079,subject_00079_hemorrhage.npz,1,complete,3.0,5.0,1.0,10.0,49.0,54.0,20.0,19.0,7.0,7.0,5.0,1023.0,2000000,none,pmcx,2216841603,5.787276831150933e-11,0.004080179721505995,0.00020141070857424335,0,4.466645731050597e-08,0.006011388703840852,0.0003017197649157449,0,11.959398999810219,9.845858280995712e-07,1.3683020298877684e-06,2.1570625752187315e-05,2.158868566977997e-05,
subject_00080_healthy,subject_00080,subject_00080,subject_00080_healthy.npz,0,complete,3.0,7.0,1.0,12.0,-1.0,-1.0,-1.0,-1.0,0.0,0.0,0.0,0.0,2000000,none,pmcx,1593903968,2.2832698309501454e-10,0.003929455646128603,0.00019425217952500685,0,3.5953392712101925e-09,0.006157497386648285,0.0003081049679356472,0,11.542128399480134,8.969299365556051e-07,1.2254922148809684e-06,2.5981404606513665e-05,2.4028714721669158e-05,
subject_00080_hemorrhage,subject_00080,subject_00080,subject_00080_hemorrhage.npz,1,complete,3.0,7.0,1.0,12.0,30.0,28.0,19.0,18.0,5.0,5.0,4.0,417.0,2000000,none,pmcx,1593903968,2.2832702997638162e-10,0.0039281954940113845,0.00019471332143449044,0,1.845610824949385e-08,0.006162690960067303,0.000307816456206584,0,11.576269299723208,8.969299365556051e-07,1.2254922148809684e-06,2.5981404606513665e-05,2.4028714721669158e-05,
subject_00081_healthy,subject_00081,subject_00081,subject_00081_healthy.npz,0,complete,2.0,6.0,1.0,10.0,-1.0,-1.0,-1.0,-1.0,0.0,0.0,0.0,0.0,2000000,none,pmcx,3744062542,5.2046094562306814e-09,0.00409407421005879,0.0002024541912654976,0,1.740197006554132e-08,0.006316244625492061,0.00030305692016808827,0,11.927178600337356,7.91053121382453e-07,1.2649717285819871e-06,1.822418330778633e-05,2.678605999868744e-05,
subject_00081_hemorrhage,subject_00081,subject_00081,subject_00081_hemorrhage.npz,1,complete,2.0,6.0,1.0,10.0,50.0,41.0,17.0,16.0,6.0,6.0,4.0,585.0,2000000,none,pmcx,3744062542,5.58030401516068e-09,0.004112298393366577,0.00020245741870599822,0,1.6579367880392963e-08,0.006311200606660878,0.00030325211234577716,0,11.92297470010817,7.91053121382453e-07,1.2649717285819871e-06,1.822418330778633e-05,2.678605999868744e-05,
subject_00082_healthy,subject_00082,subject_00082,subject_00082_healthy.npz,0,complete,2.0,6.0,1.0,10.0,-1.0,-1.0,-1.0,-1.0,0.0,0.0,0.0,0.0,2000000,none,pmcx,3431367519,5.850824499004225e-10,0.004257641989937758,0.00020936204453642023,0,2.4266251909022462e-09,0.006430309875431469,0.000313865558168094,0,11.836288799531758,1.2150397625881304e-06,1.4515064277136629e-06,3.6753522023038774e-05,2.6522472536678367e-05,
subject_00082_hemorrhage,subject_00082,subject_00082,subject_00082_hemorrhage.npz,1,complete,2.0,6.0,1.0,10.0,29.0,25.0,16.0,15.0,5.0,6.0,5.0,613.0,2000000,none,pmcx,3431367519,7.356191982902534e-10,0.004270727712071587,0.0002093429129693138,0,4.1163233387326674e-08,0.00644278570407199,0.00031413080049646976,0,11.817314099520445,1.2150397625881304e-06,1.4515064277136629e-06,3.6753522023038774e-05,2.6522472536678367e-05,
subject_00083_healthy,subject_00083,subject_00083,subject_00083_healthy.npz,0,complete,2.0,6.0,2.0,11.0,-1.0,-1.0,-1.0,-1.0,0.0,0.0,0.0,0.0,2000000,none,pmcx,1682425330,2.8456543031810254e-08,0.00390638335451118,0.00019159564633277297,0,3.2524131365092864e-07,0.0064440047167702045,0.00031170850759530054,0,11.379704399034381,8.546325845088316e-07,1.3410433459114796e-06,1.5106603498116038e-05,3.078759450192165e-05,
subject_00083_hemorrhage,subject_00083,subject_00083,subject_00083_hemorrhage.npz,1,complete,2.0,6.0,2.0,11.0,34.0,26.0,19.0,18.0,7.0,6.0,4.0,671.0,2000000,none,pmcx,1682425330,3.769171501272648e-08,0.003914755872210237,0.00019185098557234973,0,3.257160810211449e-07,0.006443605897632228,0.00031162413042645407,0,11.387449800269678,8.546325845088316e-07,1.3410433459114796e-06,1.5106603498116038e-05,3.078759450192165e-05,
subject_00084_healthy,subject_00084,subject_00084,subject_00084_healthy.npz,0,complete,2.0,6.0,1.0,10.0,-1.0,-1.0,-1.0,-1.0,0.0,0.0,0.0,0.0,2000000,none,pmcx,3755348036,1.621296105932243e-08,0.00412853626899254,0.0002036813895686769,0,1.5708221876687966e-08,0.006460609887610943,0.00031822392505534696,0,11.94859129935503,8.594086501293586e-07,1.3130857661509834e-06,1.5112612714024767e-05,2.020257408026204e-05,
subject_00084_hemorrhage,subject_00084,subject_00084,subject_00084_hemorrhage.npz,1,complete,2.0,6.0,1.0,10.0,47.0,33.0,17.0,16.0,5.0,6.0,5.0,613.0,2000000,none,pmcx,3755348036,2.58688657511005e-09,0.004142960944157697,0.00020358599657722628,0,1.3557235171788533e-08,0.006444334279491229,0.00031773684533896603,0,11.920699100010097,8.594086501293586e-07,1.3130857661509834e-06,1.5112612714024767e-05,2.020257408026204e-05,
subject_00085_healthy,subject_00085,subject_00085,subject_00085_healthy.npz,0,complete,2.0,5.0,1.0,9.0,-1.0,-1.0,-1.0,-1.0,0.0,0.0,0.0,0.0,2000000,none,pmcx,4087213441,9.375757683900858e-10,0.004228582756719353,0.0002055327188209249,0,1.0327235255847029e-08,0.00646152772777949,0.00031138869649876487,0,11.670439600013196,8.042013905360952e-07,1.2594685536148525e-06,2.512209356302802e-05,4.0544708059320374e-05,
subject_00085_hemorrhage,subject_00085,subject_00085,subject_00085_hemorrhage.npz,1,complete,2.0,5.0,1.0,9.0,48.0,53.0,20.0,19.0,5.0,6.0,4.0,491.0,2000000,none,pmcx,4087213441,9.373705300028955e-10,0.00423575117212653,0.00020547813516346033,0,1.5041994229212977e-08,0.006502072435838811,0.0003121835490851435,0,11.689272499876097,8.042013905360952e-07,1.2594685536148525e-06,2.512209356302802e-05,4.0544708059320374e-05,
subject_00086_healthy,subject_00086,subject_00086,subject_00086_healthy.npz,0,complete,2.0,6.0,2.0,11.0,-1.0,-1.0,-1.0,-1.0,0.0,0.0,0.0,0.0,2000000,none,pmcx,3623859440,3.4299624050130694e-08,0.003967285095402403,0.00019568601731967248,0,1.1110911894347514e-07,0.0062300541094866485,0.0003049292523616239,0,11.19416580023244,7.431550492151195e-07,1.6940690619537181e-06,1.4112767659911051e-05,3.6237166577661115e-05,
subject_00086_hemorrhage,subject_00086,subject_00086,subject_00086_hemorrhage.npz,1,complete,2.0,6.0,2.0,11.0,48.0,31.0,21.0,20.0,7.0,5.0,5.0,711.0,2000000,none,pmcx,3623859440,3.655836657309989e-08,0.003971672564449174,0.00019578213497961446,0,1.6469497341211908e-07,0.006236839811019742,0.00030533140173854797,0,11.139180000172928,7.431550492151195e-07,1.6940690619537181e-06,1.4112767659911051e-05,3.6237166577661115e-05,
subject_00087_healthy,subject_00087,subject_00087,subject_00087_healthy.npz,0,complete,2.0,6.0,2.0,11.0,-1.0,-1.0,-1.0,-1.0,0.0,0.0,0.0,0.0,2000000,none,pmcx,2429873373,2.4041358133289043e-08,0.004118252188171066,0.00019885236530047638,0,1.324482406640736e-07,0.006195686298402677,0.0003051896859467571,0,11.237230500439182,8.02187739112345e-07,1.3961108948647427e-06,1.87386619433425e-05,2.030336055751543e-05,
subject_00087_hemorrhage,subject_00087,subject_00087,subject_00087_hemorrhage.npz,1,complete,2.0,6.0,2.0,11.0,34.0,44.0,21.0,20.0,5.0,6.0,5.0,613.0,2000000,none,pmcx,2429873373,2.3392415113427398e-08,0.004111063415125069,0.00019849248988223142,0,1.320127536123457e-07,0.006215989658960193,0.00030535899847311483,0,11.178833900718018,8.02187739112345e-07,1.3961108948647427e-06,1.87386619433425e-05,2.030336055751543e-05,
subject_00088_healthy,subject_00088,subject_00088,subject_00088_healthy.npz,0,complete,3.0,6.0,2.0,12.0,-1.0,-1.0,-1.0,-1.0,0.0,0.0,0.0,0.0,2000000,none,pmcx,3523070155,9.556121690091639e-09,0.003992346844265748,0.00019774290260608093,0,1.8478558023291022e-07,0.006304488463082426,0.00031282025126203717,0,10.885466000298038,6.198226090557562e-07,1.2059849131656036e-06,2.509276781177249e-05,2.9697811596456243e-05,
subject_00088_hemorrhage,subject_00088,subject_00088,subject_00088_hemorrhage.npz,1,complete,3.0,6.0,2.0,12.0,50.0,57.0,20.0,19.0,5.0,5.0,4.0,417.0,2000000,none,pmcx,3523070155,9.557256247071245e-09,0.003989634488069459,0.0001977168319087821,0,1.1254085221070894e-07,0.006329916624848482,0.00031308402907256764,0,10.87687849975191,6.198226090557562e-07,1.2059849131656036e-06,2.509276781177249e-05,2.9697811596456243e-05,
subject_00089_healthy,subject_00089,subject_00089,subject_00089_healthy.npz,0,complete,3.0,7.0,1.0,12.0,-1.0,-1.0,-1.0,-1.0,0.0,0.0,0.0,0.0,2000000,none,pmcx,2098851658,1.7712500459969765e-09,0.004076554782016152,0.00020095195490823787,0,3.3200462832928904e-08,0.006373720467255451,0.0003241121693168484,0,11.546201100107282,1.2672061742459166e-06,1.5826704166184602e-06,4.7808391462598326e-05,2.9826168750105193e-05,
subject_00089_hemorrhage,subject_00089,subject_00089,subject_00089_hemorrhage.npz,1,complete,3.0,7.0,1.0,12.0,48.0,24.0,20.0,19.0,7.0,6.0,5.0,877.0,2000000,none,pmcx,2098851658,1.7685911274874247e-09,0.004081642678774494,0.00020053702286781437,0,5.205738360467606e-08,0.006368785553858812,0.0003241292592460422,0,11.601750900037587,1.2672061742459166e-06,1.5826704166184602e-06,4.7808391462598326e-05,2.9826168750105193e-05,
subject_00090_healthy,subject_00090,subject_00090,subject_00090_healthy.npz,0,complete,2.0,7.0,2.0,12.0,-1.0,-1.0,-1.0,-1.0,0.0,0.0,0.0,0.0,2000000,none,pmcx,3469030809,2.474079643302186e-08,0.004090013725652434,0.00019676895964290211,0,9.451564978428833e-08,0.00622883460141735,0.00029725287252138123,0,10.818532300181687,8.747442808499248e-07,1.3332251772451533e-06,1.7797209999621377e-05,2.690714353282154e-05,
subject_00090_hemorrhage,subject_00090,subject_00090,subject_00090_hemorrhage.npz,1,complete,2.0,7.0,2.0,12.0,41.0,44.0,21.0,20.0,6.0,5.0,5.0,613.0,2000000,none,pmcx,3469030809,8.959067477531034e-09,0.004083227708380046,0.00019705222138667586,0,7.06654674601328e-08,0.006218611286256972,0.0002968740929678144,0,10.75625120010227,8.747442808499248e-07,1.3332251772451533e-06,1.7797209999621377e-05,2.690714353282154e-05,
subject_00091_healthy,subject_00091,subject_00091,subject_00091_healthy.npz,0,complete,3.0,7.0,2.0,13.0,-1.0,-1.0,-1.0,-1.0,0.0,0.0,0.0,0.0,2000000,none,pmcx,1614172874,2.4914917212975114e-08,0.0040593038144828624,0.00020235687812707856,0,4.324303128816527e-08,0.006224637068523938,0.0003097050079046074,0,10.976995900273323,9.808457555314387e-07,1.5850051947101478e-06,2.23062968984682e-05,2.964855547285452e-05,
subject_00091_hemorrhage,subject_00091,subject_00091,subject_00091_hemorrhage.npz,1,complete,3.0,7.0,2.0,13.0,44.0,44.0,17.0,16.0,6.0,7.0,4.0,671.0,2000000,none,pmcx,1614172874,2.9487169748344697e-08,0.004065671627627159,0.0002022119142614999,0,8.451094899927448e-08,0.006228458622307243,0.0003092075554630089,0,10.979361399775371,9.808457555314387e-07,1.5850051947101478e-06,2.23062968984682e-05,2.964855547285452e-05,
subject_00092_healthy,subject_00092,subject_00092,subject_00092_healthy.npz,0,complete,2.0,5.0,2.0,10.0,-1.0,-1.0,-1.0,-1.0,0.0,0.0,0.0,0.0,2000000,none,pmcx,4095832222,3.701162698860323e-08,0.004062742474597301,0.00020080152876386916,0,3.2656401378874367e-07,0.0061069073042704335,0.0002964244887608399,0,11.537824699888006,1.2383808199529424e-06,1.4643424065638364e-06,2.3201017313946755e-05,2.396131600135732e-05,
subject_00092_hemorrhage,subject_00092,subject_00092,subject_00092_hemorrhage.npz,1,complete,2.0,5.0,2.0,10.0,34.0,25.0,19.0,18.0,5.0,7.0,5.0,711.0,2000000,none,pmcx,4095832222,5.987130969359807e-08,0.004069939876341062,0.00020099052508050437,0,2.1437222616145531e-07,0.006082945988269076,0.0002962231503944034,0,11.509856900433078,1.2383808199529424e-06,1.4643424065638364e-06,2.3201017313946755e-05,2.396131600135732e-05,
subject_00093_healthy,subject_00093,subject_00093,subject_00093_healthy.npz,0,complete,2.0,5.0,2.0,10.0,-1.0,-1.0,-1.0,-1.0,0.0,0.0,0.0,0.0,2000000,none,pmcx,3155169186,3.0729942066474225e-08,0.003931362738112487,0.00019120560195483657,0,3.380923740675492e-07,0.006060621192989933,0.00029335611453245886,0,11.14094669977203,7.390406786285122e-07,9.401020594164666e-07,1.0650681089869902e-05,1.6061005423434645e-05,
subject_00093_hemorrhage,subject_00093,subject_00093,subject_00093_hemorrhage.npz,1,complete,2.0,5.0,2.0,10.0,31.0,50.0,20.0,19.0,7.0,6.0,5.0,877.0,2000000,none,pmcx,3155169186,2.451875829861893e-08,0.003925795102143452,0.00019118702428676606,0,2.7906497841608256e-07,0.0060524052760111005,0.0002929901272414699,0,11.190241900272667,7.390406786285122e-07,9.401020594164666e-07,1.0650681089869902e-05,1.6061005423434645e-05,
subject_00094_healthy,subject_00094,subject_00094,subject_00094_healthy.npz,0,complete,2.0,6.0,1.0,10.0,-1.0,-1.0,-1.0,-1.0,0.0,0.0,0.0,0.0,2000000,none,pmcx,998842887,3.2455512187626134e-09,0.004088320626753622,0.00020076607940535407,0,4.7845701974756176e-08,0.006308838740915329,0.00030901645703525216,0,11.850422600051388,8.590103258354214e-07,1.2433193169882302e-06,1.5550520743487636e-05,3.1667323785490586e-05,
subject_00094_hemorrhage,subject_00094,subject_00094,subject_00094_hemorrhage.npz,1,complete,2.0,6.0,1.0,10.0,45.0,38.0,20.0,19.0,7.0,5.0,5.0,711.0,2000000,none,pmcx,998842887,3.283964748953165e-09,0.004095534426007266,0.00020051970743015164,0,3.190685436156052e-08,0.006288304906537077,0.0003091510902232731,0,11.832975900033489,8.590103258354214e-07,1.2433193169882302e-06,1.5550520743487636e-05,3.1667323785490586e-05,
subject_00095_healthy,subject_00095,subject_00095,subject_00095_healthy.npz,0,complete,3.0,6.0,2.0,12.0,-1.0,-1.0,-1.0,-1.0,0.0,0.0,0.0,0.0,2000000,none,pmcx,173389432,1.2755210638812697e-08,0.003925530693856493,0.0001923520378496554,0,1.575783099394236e-07,0.0060694278378578366,0.0003012719348630371,0,10.685359600232914,6.832148767561211e-07,1.3940055716647395e-06,2.3519849300747842e-05,1.8156293594119577e-05,
subject_00095_hemorrhage,subject_00095,subject_00095,subject_00095_hemorrhage.npz,1,complete,3.0,6.0,2.0,12.0,48.0,33.0,21.0,20.0,6.0,7.0,5.0,877.0,2000000,none,pmcx,173389432,1.0410765130617636e-08,0.003933528039667971,0.00019223508017235654,0,1.8894774879628592e-07,0.00608620556894217,0.0003016090880315405,0,10.682816500542685,6.832148767561211e-07,1.3940055716647395e-06,2.3519849300747842e-05,1.8156293594119577e-05,
subject_00096_healthy,subject_00096,subject_00096,subject_00096_healthy.npz,0,complete,2.0,5.0,1.0,9.0,-1.0,-1.0,-1.0,-1.0,0.0,0.0,0.0,0.0,2000000,none,pmcx,347047147,1.52360188713039e-09,0.00402728334808305,0.0001940127739535787,0,1.0006937658396926e-08,0.0063907976379793015,0.00030672422442317847,0,12.098028300330043,8.543778832232514e-07,1.400281499687055e-06,2.4034474914164453e-05,2.0410272319599382e-05,
subject_00096_hemorrhage,subject_00096,subject_00096,subject_00096_hemorrhage.npz,1,complete,2.0,5.0,1.0,9.0,39.0,51.0,19.0,18.0,7.0,7.0,5.0,1023.0,2000000,none,pmcx,347047147,1.5002876014208612e-09,0.004035187309308819,0.00019412720342800534,0,2.999337829114091e-08,0.006370387365659702,0.0003068180404505679,0,12.130408000200987,8.543778832232514e-07,1.400281499687055e-06,2.4034474914164453e-05,2.0410272319599382e-05,
subject_00097_healthy,subject_00097,subject_00097,subject_00097_healthy.npz,0,complete,2.0,7.0,1.0,11.0,-1.0,-1.0,-1.0,-1.0,0.0,0.0,0.0,0.0,2000000,none,pmcx,490708523,4.4689097297214584e-10,0.0041564517482862474,0.0001983602060306463,0,1.4650487363115906e-08,0.006167965037454169,0.0002988175819624939,0,11.684745299862698,1.1710850203827538e-06,1.2736534035639474e-06,2.9224158150642325e-05,1.7457715316243107e-05,
subject_00097_hemorrhage,subject_00097,subject_00097,subject_00097_hemorrhage.npz,1,complete,2.0,7.0,1.0,11.0,30.0,36.0,18.0,17.0,7.0,6.0,5.0,877.0,2000000,none,pmcx,490708523,1.5522428594265608e-10,0.004153206167642126,0.00019858288382399955,0,7.437115937053155e-09,0.006167950724706011,0.00029895209675803204,0,11.684131699847057,1.1710850203827538e-06,1.2736534035639474e-06,2.9224158150642325e-05,1.7457715316243107e-05,
subject_00098_healthy,subject_00098,subject_00098,subject_00098_healthy.npz,0,complete,3.0,7.0,1.0,12.0,-1.0,-1.0,-1.0,-1.0,0.0,0.0,0.0,0.0,2000000,none,pmcx,3610363263,1.5801110535534978e-09,0.004005043924770438,0.0001924081522108142,0,2.35694318916721e-08,0.0060605852173802955,0.0003018539767128689,0,11.602004499873146,5.705873391036442e-07,1.3994548496667542e-06,1.0854793583789206e-05,3.685345442860574e-05,
subject_00098_hemorrhage,subject_00098,subject_00098,subject_00098_hemorrhage.npz,1,complete,3.0,7.0,1.0,12.0,43.0,56.0,20.0,19.0,7.0,6.0,4.0,671.0,2000000,none,pmcx,3610363263,7.501971715985741e-10,0.004014135516326214,0.00019259543977574183,0,3.904340635102286e-08,0.006097438671808901,0.0003018551463957643,0,11.537375799613073,5.705873391036442e-07,1.3994548496667542e-06,1.0854793583789206e-05,3.685345442860574e-05,
subject_00099_healthy,subject_00099,subject_00099,subject_00099_healthy.npz,0,complete,2.0,7.0,2.0,12.0,-1.0,-1.0,-1.0,-1.0,0.0,0.0,0.0,0.0,2000000,none,pmcx,1054020295,2.3024416548467166e-08,0.0041983533291160445,0.00020241549922544582,0,1.9999602144199279e-07,0.006347625021970416,0.0003137236659394642,0,10.91044249990955,1.0442708363823625e-06,1.4892163082880411e-06,2.95728062454214e-05,5.801958842426361e-05,
subject_00099_hemorrhage,subject_00099,subject_00099,subject_00099_hemorrhage.npz,1,complete,2.0,7.0,2.0,12.0,35.0,50.0,17.0,16.0,7.0,5.0,5.0,711.0,2000000,none,pmcx,1054020295,3.8104014714520406e-08,0.004168780522870623,0.0002018966443406545,0,1.4474278726834044e-07,0.0064056446103946795,0.00031383112104366406,0,10.880739400163293,1.0442708363823625e-06,1.4892163082880411e-06,2.95728062454214e-05,5.801958842426361e-05,
subject_00100_healthy,subject_00100,subject_00100,subject_00100_healthy.npz,0,complete,2.0,5.0,1.0,9.0,-1.0,-1.0,-1.0,-1.0,0.0,0.0,0.0,0.0,2000000,none,pmcx,2472431611,9.982717201613705e-11,0.0041145080799089495,0.00019924977391990107,0,1.680208181170654e-08,0.0063965725975771845,0.0003130504708503477,0,11.7739487006329,1.2931675900887944e-06,1.7782796113664983e-06,5.5073442044851345e-05,3.0443276014569497e-05,
subject_00100_hemorrhage,subject_00100,subject_00100,subject_00100_hemorrhage.npz,1,complete,2.0,5.0,1.0,9.0,32.0,45.0,17.0,16.0,7.0,7.0,5.0,1023.0,2000000,none,pmcx,2472431611,1.0305126847280383e-10,0.004059434637864098,0.00019885338674566425,0,2.1638750761148147e-08,0.006366129321562615,0.00031275947322894005,0,11.817628400400281,1.2931675900887944e-06,1.7782796113664983e-06,5.5073442044851345e-05,3.0443276014569497e-05,
subject_00101_healthy,subject_00101,subject_00101,subject_00101_healthy.npz,0,complete,3.0,6.0,2.0,12.0,-1.0,-1.0,-1.0,-1.0,0.0,0.0,0.0,0.0,2000000,none,pmcx,3607321507,7.357716125674753e-09,0.004151291249387417,0.00020613548178777887,0,8.144650157470806e-08,0.006236172770631311,0.00031185462475455253,0,10.802090799901634,9.831152314553262e-07,1.331738473935095e-06,2.9331866044103247e-05,2.456298522309202e-05,
subject_00101_hemorrhage,subject_00101,subject_00101,subject_00101_hemorrhage.npz,1,complete,3.0,6.0,2.0,12.0,38.0,36.0,19.0,18.0,5.0,5.0,4.0,417.0,2000000,none,pmcx,3607321507,2.6753037609834605e-09,0.0041549136272558814,0.00020609954750836233,0,8.71432793984372e-08,0.006260735755854403,0.00031161147802427863,0,10.81456180056557,9.831152314553262e-07,1.331738473935095e-06,2.9331866044103247e-05,2.456298522309202e-05,
subject_00102_healthy,subject_00102,subject_00102,subject_00102_healthy.npz,0,complete,3.0,6.0,1.0,11.0,-1.0,-1.0,-1.0,-1.0,0.0,0.0,0.0,0.0,2000000,none,pmcx,1004435554,6.837165931001396e-09,0.00400192928209021,0.0001986988754437643,0,8.878272919364877e-09,0.006076628962667459,0.00029508419177460665,0,11.847177499905229,5.55480429316679e-07,9.213267244578092e-07,7.845147511929352e-06,2.0145591872858942e-05,
subject_00102_hemorrhage,subject_00102,subject_00102,subject_00102_hemorrhage.npz,1,complete,3.0,6.0,1.0,11.0,51.0,28.0,19.0,18.0,6.0,5.0,4.0,491.0,2000000,none,pmcx,1004435554,6.836235246960439e-09,0.003996198406197926,0.0001984043275072416,0,2.41171201410593e-08,0.006072388653019639,0.0002949609149741607,0,11.810085900127888,5.55480429316679e-07,9.213267244578092e-07,7.845147511929352e-06,2.0145591872858942e-05,
subject_00103_healthy,subject_00103,subject_00103,subject_00103_healthy.npz,0,complete,3.0,6.0,2.0,12.0,-1.0,-1.0,-1.0,-1.0,0.0,0.0,0.0,0.0,2000000,none,pmcx,2865698792,2.002826235703727e-08,0.004112388127800233,0.00020369592088441115,0,1.1185053724764774e-07,0.006167949471963642,0.0003122778586127759,0,11.30099910008721,1.0960013359489637e-06,1.7342920000521572e-06,3.350260300668314e-05,4.530088478974133e-05,
subject_00103_hemorrhage,subject_00103,subject_00103,subject_00103_hemorrhage.npz,1,complete,3.0,6.0,2.0,12.0,39.0,26.0,19.0,18.0,7.0,6.0,4.0,671.0,2000000,none,pmcx,2865698792,2.9572726745860876e-09,0.004102258921946911,0.0002037108073586325,0,1.1410433430836286e-07,0.006164059546846523,0.0003128599477391108,0,11.221904800040647,1.0960013359489637e-06,1.7342920000521572e-06,3.350260300668314e-05,4.530088478974133e-05,
subject_00104_healthy,subject_00104,subject_00104,subject_00104_healthy.npz,0,complete,2.0,6.0,1.0,10.0,-1.0,-1.0,-1.0,-1.0,0.0,0.0,0.0,0.0,2000000,none,pmcx,199582939,3.568521613375213e-09,0.004159725480510115,0.0002038070919950791,0,6.17517621052428e-10,0.0063884251136623795,0.0003087801977154447,0,11.683667999692261,1.0452412205923187e-06,1.4557375495800478e-06,2.604430350897568e-05,2.2108070520544115e-05,
subject_00104_hemorrhage,subject_00104,subject_00104,subject_00104_hemorrhage.npz,1,complete,2.0,6.0,1.0,10.0,30.0,46.0,14.0,13.0,7.0,5.0,4.0,577.0,2000000,none,pmcx,199582939,5.939668563380612e-09,0.004179848169048068,0.00020388835759666712,0,6.717098041093132e-10,0.006382609015089244,0.00030808588992813085,0,11.696212999988347,1.0452412205923187e-06,1.4557375495800478e-06,2.604430350897568e-05,2.2108070520544115e-05,
subject_00105_healthy,subject_00105,subject_00105,subject_00105_healthy.npz,0,complete,3.0,6.0,2.0,12.0,-1.0,-1.0,-1.0,-1.0,0.0,0.0,0.0,0.0,2000000,none,pmcx,3107061884,1.3281193620805366e-08,0.003971208864599203,0.00019408468171958618,0,1.7184883550722403e-08,0.0063556717886983196,0.00031292025075083313,0,10.704132199287415,1.2012092820561558e-06,1.4948576830730462e-06,3.208040032974795e-05,3.3437385988599466e-05,
subject_00105_hemorrhage,subject_00105,subject_00105,subject_00105_hemorrhage.npz,1,complete,3.0,6.0,2.0,12.0,44.0,39.0,17.0,16.0,7.0,7.0,4.0,805.0,2000000,none,pmcx,3107061884,1.3216884346945899e-08,0.003947169526054397,0.00019367032449202335,0,3.2998610344332324e-08,0.0063360257964139655,0.0003131951925872333,0,10.690166700165719,1.2012092820561558e-06,1.4948576830730462e-06,3.208040032974795e-05,3.3437385988599466e-05,
subject_00106_healthy,subject_00106,subject_00106,subject_00106_healthy.npz,0,complete,3.0,5.0,2.0,11.0,-1.0,-1.0,-1.0,-1.0,0.0,0.0,0.0,0.0,2000000,none,pmcx,2666579971,6.599712905270918e-08,0.003892257049040211,0.0001931577895206295,0,2.547999751524989e-07,0.005934616771442367,0.00029321562820153874,0,11.213128200499341,7.549191970694978e-07,1.4843496527322094e-06,1.3992351149088103e-05,2.819822071849047e-05,
subject_00106_hemorrhage,subject_00106,subject_00106,subject_00106_hemorrhage.npz,1,complete,3.0,5.0,2.0,11.0,36.0,37.0,20.0,19.0,6.0,6.0,5.0,739.0,2000000,none,pmcx,2666579971,6.589874546653562e-08,0.003886386190132364,0.0001930430354632856,0,1.6545553619533695e-07,0.005916313591774969,0.00029291259409381976,0,11.179250899935141,7.549191970694978e-07,1.4843496527322094e-06,1.3992351149088103e-05,2.819822071849047e-05,
subject_00107_healthy,subject_00107,subject_00107,subject_00107_healthy.npz,0,complete,2.0,5.0,2.0,10.0,-1.0,-1.0,-1.0,-1.0,0.0,0.0,0.0,0.0,2000000,none,pmcx,3554071171,2.9664448434594527e-08,0.004202013098825924,0.0002084601571811262,0,1.4035961265491798e-07,0.006179040722194182,0.0003038433392700365,0,11.309366700006649,9.730504224944455e-07,1.9670103990198503e-06,2.2070561413837196e-05,5.5460641450862276e-05,
subject_00107_hemorrhage,subject_00107,subject_00107,subject_00107_hemorrhage.npz,1,complete,2.0,5.0,2.0,10.0,38.0,45.0,16.0,15.0,5.0,6.0,5.0,613.0,2000000,none,pmcx,3554071171,2.1907143898669553e-08,0.00419644290592459,0.0002085268811619533,0,1.7462146504157064e-07,0.006183719453759749,0.0003043233062793062,0,11.325906300451607,9.730504224944455e-07,1.9670103990198503e-06,2.2070561413837196e-05,5.5460641450862276e-05,
subject_00108_healthy,subject_00108,subject_00108,subject_00108_healthy.npz,0,complete,2.0,6.0,2.0,11.0,-1.0,-1.0,-1.0,-1.0,0.0,0.0,0.0,0.0,2000000,none,pmcx,3767084007,8.95233945247967e-09,0.003999403026228432,0.00019455225409769014,0,1.0722804870895543e-07,0.006239310700136604,0.0003004453441232947,0,11.401099300011992,7.624574119099085e-07,1.3598561415152668e-06,1.261089980322469e-05,2.1557270556186135e-05,
subject_00108_hemorrhage,subject_00108,subject_00108,subject_00108_hemorrhage.npz,1,complete,2.0,6.0,2.0,11.0,33.0,33.0,17.0,16.0,7.0,6.0,5.0,877.0,2000000,none,pmcx,3767084007,1.7088523485459244e-08,0.003991254503863764,0.00019464137108519928,0,1.4470527427642342e-07,0.006223270755611539,0.00030055563779998,0,11.448845100123435,7.624574119099085e-07,1.3598561415152668e-06,1.261089980322469e-05,2.1557270556186135e-05,
subject_00109_healthy,subject_00109,subject_00109,subject_00109_healthy.npz,0,complete,2.0,6.0,2.0,11.0,-1.0,-1.0,-1.0,-1.0,0.0,0.0,0.0,0.0,2000000,none,pmcx,1970553342,1.8232377338762527e-08,0.004239343636070473,0.00020786057094196328,0,2.6322471752967946e-07,0.0063648475567193025,0.0003144701447323677,0,11.132808499969542,1.3616155453806259e-06,1.4877244261894318e-06,3.57778590562418e-05,2.197079039112891e-05,
subject_00109_hemorrhage,subject_00109,subject_00109,subject_00109_hemorrhage.npz,1,complete,2.0,6.0,2.0,11.0,36.0,43.0,21.0,20.0,6.0,7.0,4.0,671.0,2000000,none,pmcx,1970553342,1.595303781615867e-08,0.004275121495126715,0.0002085034792698784,0,2.608759190209016e-07,0.006345983533637491,0.0003144352982395642,0,11.21140359970741,1.3616155453806259e-06,1.4877244261894318e-06,3.57778590562418e-05,2.197079039112891e-05,
subject_00110_healthy,subject_00110,subject_00110,subject_00110_healthy.npz,0,complete,2.0,7.0,2.0,12.0,-1.0,-1.0,-1.0,-1.0,0.0,0.0,0.0,0.0,2000000,none,pmcx,1881377878,1.1485157276665366e-09,0.004108535268546883,0.00020212777023039284,0,2.2724593567066716e-07,0.006119621094927967,0.0003003015502734391,0,11.1719699006062,9.620754975595781e-07,1.5520157026697827e-06,1.9269625370340292e-05,2.6740867057862064e-05,
subject_00110_hemorrhage,subject_00110,subject_00110,subject_00110_hemorrhage.npz,1,complete,2.0,7.0,2.0,12.0,37.0,26.0,17.0,16.0,6.0,6.0,4.0,585.0,2000000,none,pmcx,1881377878,5.496482581311533e-10,0.004124378018147173,0.0002019227070772361,0,2.559460638785505e-07,0.006131748203664429,0.000300542548520943,0,11.16696699988097,9.620754975595781e-07,1.5520157026697827e-06,1.9269625370340292e-05,2.6740867057862064e-05,
subject_00111_healthy,subject_00111,subject_00111,subject_00111_healthy.npz,0,complete,2.0,5.0,2.0,10.0,-1.0,-1.0,-1.0,-1.0,0.0,0.0,0.0,0.0,2000000,none,pmcx,1119328789,4.791948855257614e-08,0.003992026710153303,0.00019438985473407437,0,2.478822090938655e-07,0.006376064244502332,0.0003085692337595786,0,11.212885299930349,1.0002612585718136e-06,1.3158908759022409e-06,1.8341864262363776e-05,2.4699576466037654e-05,
subject_00111_hemorrhage,subject_00111,subject_00111,subject_00111_hemorrhage.npz,1,complete,2.0,5.0,2.0,10.0,29.0,40.0,18.0,17.0,6.0,5.0,4.0,491.0,2000000,none,pmcx,1119328789,4.6265362484079436e-08,0.004005832359407406,0.00019486692227060814,0,1.6055000474746442e-07,0.006382151202437054,0.0003079882231173676,0,11.243817499373108,1.0002612585718136e-06,1.3158908759022409e-06,1.8341864262363776e-05,2.4699576466037654e-05,
subject_00112_healthy,subject_00112,subject_00112,subject_00112_healthy.npz,0,complete,3.0,7.0,2.0,13.0,-1.0,-1.0,-1.0,-1.0,0.0,0.0,0.0,0.0,2000000,none,pmcx,101720550,2.4358528343287414e-08,0.004166955624588553,0.00020774148401178847,0,4.9133459335312324e-08,0.006200469232316566,0.000305333993193548,0,11.082019800553098,8.349176974176371e-07,1.711724587331044e-06,1.5713869881859785e-05,3.700457608705478e-05,
subject_00112_hemorrhage,subject_00112,subject_00112,subject_00112_hemorrhage.npz,1,complete,3.0,7.0,2.0,13.0,34.0,28.0,17.0,16.0,7.0,7.0,4.0,805.0,2000000,none,pmcx,101720550,2.7908321416532658e-08,0.004158751165866625,0.00020755155382654714,0,4.531194468437243e-08,0.006175149261981357,0.00030471231909422647,0,11.12180110020563,8.349176974176371e-07,1.711724587331044e-06,1.5713869881859785e-05,3.700457608705478e-05,
subject_00113_healthy,subject_00113,subject_00113,subject_00113_healthy.npz,0,complete,3.0,7.0,2.0,13.0,-1.0,-1.0,-1.0,-1.0,0.0,0.0,0.0,0.0,2000000,none,pmcx,1890481473,1.307019907029094e-08,0.004062156677387008,0.0001973990976058873,0,1.7451077714830248e-07,0.006055894310373049,0.00029751047792351626,0,10.873256900114939,7.57668985050386e-07,1.6953997245148156e-06,1.4705422017539677e-05,4.032307291090224e-05,
subject_00113_hemorrhage,subject_00113,subject_00113,subject_00113_hemorrhage.npz,1,complete,3.0,7.0,2.0,13.0,44.0,47.0,20.0,19.0,7.0,5.0,4.0,577.0,2000000,none,pmcx,1890481473,1.4334718056958479e-08,0.004065436414471054,0.00019732634392701534,0,1.6678763760758621e-07,0.00603264070515132,0.00029710108141556377,0,10.955765099264681,7.57668985050386e-07,1.6953997245148156e-06,1.4705422017539677e-05,4.032307291090224e-05,
subject_00114_healthy,subject_00114,subject_00114,subject_00114_healthy.npz,0,complete,3.0,7.0,1.0,12.0,-1.0,-1.0,-1.0,-1.0,0.0,0.0,0.0,0.0,2000000,none,pmcx,2968823374,7.310586993127798e-11,0.004320817894855705,0.0002135495879997696,0,4.5470424267704166e-08,0.006017787753219188,0.00029761696367576387,0,11.332242200849578,9.164683489179444e-07,1.5671755209780771e-06,1.6183232914067933e-05,3.100592712361981e-05,
subject_00114_hemorrhage,subject_00114,subject_00114,subject_00114_hemorrhage.npz,1,complete,3.0,7.0,1.0,12.0,37.0,41.0,17.0,16.0,6.0,7.0,4.0,671.0,2000000,none,pmcx,2968823374,1.1501533632675064e-09,0.004318875002461193,0.00021322889186099991,0,5.417736959037586e-08,0.0060209795503174115,0.00029793383151721983,0,11.37325830082409,9.164683489179444e-07,1.5671755209780771e-06,1.6183232914067933e-05,3.100592712361981e-05,
subject_00115_healthy,subject_00115,subject_00115,subject_00115_healthy.npz,0,complete,2.0,6.0,2.0,11.0,-1.0,-1.0,-1.0,-1.0,0.0,0.0,0.0,0.0,2000000,none,pmcx,3824602412,4.184045252277751e-08,0.004159665632725633,0.00020307156911025272,0,1.9635608742601214e-07,0.006309032932133984,0.00030941331335621633,0,11.201292099198326,9.077634096314731e-07,1.4823677697341682e-06,2.0305844208531182e-05,1.715650829670892e-05,
subject_00115_hemorrhage,subject_00115,subject_00115,subject_00115_hemorrhage.npz,1,complete,2.0,6.0,2.0,11.0,44.0,26.0,17.0,16.0,6.0,7.0,5.0,877.0,2000000,none,pmcx,3824602412,3.111093653810516e-08,0.00415164790090168,0.00020312876463928647,0,2.1195864338351211e-07,0.0063106310882836405,0.0003096340162236109,0,11.250939100282267,9.077634096314731e-07,1.4823677697341682e-06,2.0305844208531182e-05,1.715650829670892e-05,
subject_00116_healthy,subject_00116,subject_00116,subject_00116_healthy.npz,0,complete,2.0,5.0,2.0,10.0,-1.0,-1.0,-1.0,-1.0,0.0,0.0,0.0,0.0,2000000,none,pmcx,3169369492,2.883399353592517e-08,0.004015973834884918,0.00019703074805381762,0,1.1901277083253718e-07,0.00605948045989726,0.0002900176966390253,0,11.380462900269777,5.81154893001686e-07,1.0965511387291546e-06,8.952078904897053e-06,2.828382582735576e-05,
subject_00116_hemorrhage,subject_00116,subject_00116,subject_00116_hemorrhage.npz,1,complete,2.0,5.0,2.0,10.0,31.0,57.0,20.0,19.0,7.0,5.0,5.0,711.0,2000000,none,pmcx,3169369492,3.8930790429213e-08,0.004013386596274317,0.00019688596303901783,0,1.6349055454336548e-07,0.006058892818749556,0.000290312533061979,0,11.335734799038619,5.81154893001686e-07,1.0965511387291546e-06,8.952078904897053e-06,2.828382582735576e-05,
subject_00117_healthy,subject_00117,subject_00117,subject_00117_healthy.npz,0,complete,2.0,6.0,1.0,10.0,-1.0,-1.0,-1.0,-1.0,0.0,0.0,0.0,0.0,2000000,none,pmcx,3879694261,1.9018976743699013e-09,0.004182510702488057,0.00020359415289927536,0,3.305367427683685e-08,0.006321560239870415,0.00030690593899737655,0,12.240310299675912,8.160461361352891e-07,1.3344992306425817e-06,1.0952641112511007e-05,1.9808046416432395e-05,
subject_00117_hemorrhage,subject_00117,subject_00117,subject_00117_hemorrhage.npz,1,complete,2.0,6.0,1.0,10.0,32.0,36.0,14.0,13.0,5.0,7.0,4.0,577.0,2000000,none,pmcx,3879694261,1.4264553840038184e-09,0.004193463343600568,0.000203499074639002,0,3.38497830783949e-08,0.006318093806098315,0.00030608330935562273,0,12.333677199436352,8.160461361352891e-07,1.3344992306425817e-06,1.0952641112511007e-05,1.9808046416432395e-05,
subject_00118_healthy,subject_00118,subject_00118,subject_00118_healthy.npz,0,complete,3.0,5.0,1.0,10.0,-1.0,-1.0,-1.0,-1.0,0.0,0.0,0.0,0.0,2000000,none,pmcx,2963892903,1.6929818721238054e-08,0.003862182332339238,0.00018907954723130973,0,1.1143059308166403e-08,0.006345242148596045,0.0003101092388242201,0,12.04932769923471,1.2028316431707905e-06,1.601660433907769e-06,2.9592966451611174e-05,2.2911714059553915e-05,
subject_00118_hemorrhage,subject_00118,subject_00118,subject_00118_hemorrhage.npz,1,complete,3.0,5.0,1.0,10.0,37.0,44.0,16.0,15.0,7.0,6.0,5.0,877.0,2000000,none,pmcx,2963892903,3.435756836361392e-09,0.003861556313682501,0.00018915903474716995,0,8.043782409266078e-09,0.006323893881799871,0.00031027285340906276,0,12.04719450022094,1.2028316431707905e-06,1.601660433907769e-06,2.9592966451611174e-05,2.2911714059553915e-05,
subject_00119_healthy,subject_00119,subject_00119,subject_00119_healthy.npz,0,complete,3.0,6.0,2.0,12.0,-1.0,-1.0,-1.0,-1.0,0.0,0.0,0.0,0.0,2000000,none,pmcx,2400916546,2.855454552812181e-08,0.004157631203200388,0.00020703066791182535,0,1.5742830792854245e-07,0.006307120046672456,0.00031873321053327763,0,10.999129500007257,8.631799461852079e-07,1.9942423216980792e-06,1.8753313373126752e-05,4.8510258680631475e-05,
subject_00119_hemorrhage,subject_00119,subject_00119,subject_00119_hemorrhage.npz,1,complete,3.0,6.0,2.0,12.0,44.0,29.0,16.0,15.0,5.0,6.0,4.0,491.0,2000000,none,pmcx,2400916546,8.955563283114968e-09,0.004154867089068664,0.00020699086737625236,0,1.8081651945002786e-07,0.006288380570528329,0.0003185395464724636,0,11.042002799920738,8.631799461852079e-07,1.9942423216980792e-06,1.8753313373126752e-05,4.8510258680631475e-05,
subject_00120_healthy,subject_00120,subject_00120,subject_00120_healthy.npz,0,complete,3.0,5.0,1.0,10.0,-1.0,-1.0,-1.0,-1.0,0.0,0.0,0.0,0.0,2000000,none,pmcx,3769404292,2.3834468692652142e-09,0.004176767828218473,0.0002099062908024486,0,1.855923025852549e-08,0.005993007200596509,0.0002967114345320945,0,11.885205999482423,1.2209838124315393e-06,1.3822353747109877e-06,7.060238062558087e-05,1.6144958071551618e-05,
subject_00120_hemorrhage,subject_00120,subject_00120,subject_00120_hemorrhage.npz,1,complete,3.0,5.0,1.0,10.0,42.0,26.0,21.0,20.0,7.0,7.0,5.0,1023.0,2000000,none,pmcx,3769404292,5.807724919352574e-09,0.00424618428345744,0.00021034346118714123,0,1.9255560453851744e-08,0.0060061253336593685,0.0002964640723155909,0,11.927403399487957,1.2209838124315393e-06,1.3822353747109877e-06,7.060238062558087e-05,1.6144958071551618e-05,
subject_00121_healthy,subject_00121,subject_00121,subject_00121_healthy.npz,0,complete,2.0,6.0,2.0,11.0,-1.0,-1.0,-1.0,-1.0,0.0,0.0,0.0,0.0,2000000,none,pmcx,4050745905,9.761627336633178e-09,0.004184559738929045,0.00020733081671452772,0,2.2966512578708317e-07,0.006373379827675101,0.000313149624395954,0,10.738539900165051,8.948734153593627e-07,1.2556537711762987e-06,1.6241194030658032e-05,1.5751128069989122e-05,
subject_00121_hemorrhage,subject_00121,subject_00121,subject_00121_hemorrhage.npz,1,complete,2.0,6.0,2.0,11.0,33.0,52.0,19.0,18.0,7.0,5.0,5.0,711.0,2000000,none,pmcx,4050745905,4.2974283672804437e-08,0.004200800932959703,0.0002074298073562257,0,2.852918714572173e-07,0.0063683436919017835,0.00031322186060791775,0,10.810903299832717,8.948734153593627e-07,1.2556537711762987e-06,1.6241194030658032e-05,1.5751128069989122e-05,
subject_00122_healthy,subject_00122,subject_00122,subject_00122_healthy.npz,0,complete,2.0,7.0,1.0,11.0,-1.0,-1.0,-1.0,-1.0,0.0,0.0,0.0,0.0,2000000,none,pmcx,515218852,1.7911131624660008e-09,0.004169806367017365,0.0002032893726383664,0,1.623641884170156e-09,0.006356822991074412,0.0003109161549821553,0,11.853159000398591,7.132349956319884e-07,1.1655169811241363e-06,1.567127104761673e-05,3.580030995637123e-05,
subject_00122_hemorrhage,subject_00122,subject_00122,subject_00122_hemorrhage.npz,1,complete,2.0,7.0,1.0,11.0,48.0,41.0,20.0,19.0,5.0,6.0,5.0,613.0,2000000,none,pmcx,515218852,1.5511333361064695e-09,0.0041838288181987055,0.00020310508977644756,0,1.421993413523352e-09,0.006354591217030103,0.0003106914150872307,0,11.866540599847212,7.132349956319884e-07,1.1655169811241363e-06,1.567127104761673e-05,3.580030995637123e-05,
subject_00123_healthy,subject_00123,subject_00123,subject_00123_healthy.npz,0,complete,2.0,6.0,2.0,11.0,-1.0,-1.0,-1.0,-1.0,0.0,0.0,0.0,0.0,2000000,none,pmcx,250955137,2.8878632329534653e-08,0.004114130387597195,0.00020111401908433325,0,1.8477701272467973e-07,0.0061735930115966635,0.00030507214000535473,0,10.811745200073346,9.221879515502032e-07,1.9797681780740117e-06,1.7763695483542785e-05,4.4549776703497156e-05,
subject_00123_hemorrhage,subject_00123,subject_00123,subject_00123_hemorrhage.npz,1,complete,2.0,6.0,2.0,11.0,32.0,53.0,16.0,15.0,7.0,6.0,5.0,877.0,2000000,none,pmcx,250955137,3.008973124020108e-08,0.004110482898126862,0.00020075727837703752,0,1.352431530748303e-07,0.006218142788300161,0.0003048512302624806,0,10.815924499882385,9.221879515502032e-07,1.9797681780740117e-06,1.7763695483542785e-05,4.4549776703497156e-05,
subject_00124_healthy,subject_00124,subject_00124,subject_00124_healthy.npz,0,complete,2.0,7.0,1.0,11.0,-1.0,-1.0,-1.0,-1.0,0.0,0.0,0.0,0.0,2000000,none,pmcx,1699864568,4.9585136641676075e-09,0.004147456793101652,0.0002022565541816826,0,2.3810131473635157e-08,0.006485779421184136,0.0003141265920926354,0,12.24936500028707,7.092919850696603e-07,2.016893047422588e-06,1.7890000347384454e-05,9.066100199225501e-05,
subject_00124_hemorrhage,subject_00124,subject_00124,subject_00124_hemorrhage.npz,1,complete,2.0,7.0,1.0,11.0,37.0,24.0,16.0,15.0,6.0,5.0,5.0,613.0,2000000,none,pmcx,1699864568,5.7681384900464904e-09,0.0041451461642583115,0.00020213625021384517,0,1.2395653641167352e-08,0.006480523120312754,0.0003134912456531008,0,12.21888710022904,7.092919850696603e-07,2.016893047422588e-06,1.7890000347384454e-05,9.066100199225501e-05,
subject_00125_healthy,subject_00125,subject_00125,subject_00125_healthy.npz,0,complete,3.0,6.0,2.0,12.0,-1.0,-1.0,-1.0,-1.0,0.0,0.0,0.0,0.0,2000000,none,pmcx,3941695040,2.4608617272689548e-08,0.0040795114134698765,0.000202171598289086,0,1.173760427121165e-07,0.0060224251852005065,0.0002966089532166124,0,11.14874089998193,1.1556552952690996e-06,1.3386167247122021e-06,2.21962787103824e-05,3.37180154932476e-05,
subject_00125_hemorrhage,subject_00125,subject_00125,subject_00125_hemorrhage.npz,1,complete,3.0,6.0,2.0,12.0,44.0,41.0,18.0,17.0,6.0,6.0,4.0,585.0,2000000,none,pmcx,3941695040,1.7872527733192072e-08,0.004061696739293875,0.0002016218138353095,0,1.2608458068937216e-07,0.006025979671464781,0.0002965400987928301,0,11.189441399881616,1.1556552952690996e-06,1.3386167247122021e-06,2.21962787103824e-05,3.37180154932476e-05,
subject_00126_healthy,subject_00126,subject_00126,subject_00126_healthy.npz,0,complete,2.0,6.0,1.0,10.0,-1.0,-1.0,-1.0,-1.0,0.0,0.0,0.0,0.0,2000000,none,pmcx,4220391495,9.503183086848946e-09,0.003947735176859997,0.00019265390367400755,0,9.792535376832204e-09,0.006243314680547276,0.0003034456332174138,0,11.92684689979069,8.608481065273569e-07,1.3303109032661857e-06,2.169179604415237e-05,1.6124409560096622e-05,
subject_00126_hemorrhage,subject_00126,subject_00126,subject_00126_hemorrhage.npz,1,complete,2.0,6.0,1.0,10.0,29.0,46.0,20.0,19.0,5.0,7.0,5.0,711.0,2000000,none,pmcx,4220391495,9.503713237620186e-09,0.003942462301452301,0.0001926341896258502,0,4.5460439806588066e-08,0.00623901493399285,0.0003030518481824698,0,12.002546699950472,8.608481065273569e-07,1.3303109032661857e-06,2.169179604415237e-05,1.6124409560096622e-05,
subject_00127_healthy,subject_00127,subject_00127,subject_00127_healthy.npz,0,complete,2.0,6.0,1.0,10.0,-1.0,-1.0,-1.0,-1.0,0.0,0.0,0.0,0.0,2000000,none,pmcx,2775655113,2.0414480170915676e-10,0.004232694218875705,0.0002077584225309847,0,1.0309099381422991e-08,0.006313175420031732,0.0003077424727539671,0,11.750585799105465,1.1499931853224398e-06,1.6612586807373821e-06,2.6624911397695426e-05,3.0468318411801558e-05,
subject_00127_hemorrhage,subject_00127,subject_00127,subject_00127_hemorrhage.npz,1,complete,2.0,6.0,1.0,10.0,35.0,24.0,17.0,16.0,7.0,5.0,5.0,711.0,2000000,none,pmcx,2775655113,2.0408281753644312e-10,0.004230914504676259,0.00020786128346019178,0,8.547162638041925e-09,0.006300368709307648,0.00030721969633182853,0,11.709246900165454,1.1499931853224398e-06,1.6612586807373821e-06,2.6624911397695426e-05,3.0468318411801558e-05,
subject_00128_healthy,subject_00128,subject_00128,subject_00128_healthy.npz,0,complete,3.0,6.0,2.0,12.0,-1.0,-1.0,-1.0,-1.0,0.0,0.0,0.0,0.0,2000000,none,pmcx,1617218096,3.204112267437768e-08,0.004149604165936422,0.0002069495155287811,0,2.2617913764930094e-07,0.006127805471380748,0.0003031373916292047,0,10.870995200006291,8.165422496098725e-07,2.179308869041445e-06,1.3985152590600741e-05,8.787824198715818e-05,
subject_00128_hemorrhage,subject_00128,subject_00128,subject_00128_hemorrhage.npz,1,complete,3.0,6.0,2.0,12.0,47.0,23.0,19.0,18.0,6.0,5.0,5.0,613.0,2000000,none,pmcx,1617218096,3.935110980939259e-08,0.004145296513247258,0.00020677637785498202,0,2.033489506971165e-07,0.0061165960941301206,0.0003029699261902361,0,10.97218960057944,8.165422496098725e-07,2.179308869041445e-06,1.3985152590600741e-05,8.787824198715818e-05,
subject_00129_healthy,subject_00129,subject_00129,subject_00129_healthy.npz,0,complete,3.0,6.0,2.0,12.0,-1.0,-1.0,-1.0,-1.0,0.0,0.0,0.0,0.0,2000000,none,pmcx,578175549,2.816926736155925e-09,0.003938457767359921,0.00019721397931948728,0,6.786441205769032e-08,0.006175120775111833,0.00030117502635095586,0,11.028345099417493,8.33152447693701e-07,1.1855450845365905e-06,1.849906601401278e-05,2.150413839016336e-05,
subject_00129_hemorrhage,subject_00129,subject_00129,subject_00129_hemorrhage.npz,1,complete,3.0,6.0,2.0,12.0,43.0,37.0,17.0,16.0,5.0,7.0,5.0,711.0,2000000,none,pmcx,578175549,2.2773535221010977e-09,0.003947817069443063,0.00019716103699937378,0,4.4682330924533704e-08,0.00615361663672167,0.00030099818213918033,0,11.045410500373691,8.33152447693701e-07,1.1855450845365905e-06,1.849906601401278e-05,2.150413839016336e-05,
subject_00130_healthy,subject_00130,subject_00130,subject_00130_healthy.npz,0,complete,2.0,6.0,1.0,10.0,-1.0,-1.0,-1.0,-1.0,0.0,0.0,0.0,0.0,2000000,none,pmcx,3252609931,3.774953824519573e-09,0.0040779511739543455,0.00019685030558971148,0,4.310630333310789e-08,0.006309872075520479,0.0003051923708873244,0,11.875983700389042,1.3323809173360085e-06,1.642830522662192e-06,3.555256185106166e-05,2.237944681448764e-05,
subject_00130_hemorrhage,subject_00130,subject_00130,subject_00130_hemorrhage.npz,1,complete,2.0,6.0,1.0,10.0,35.0,43.0,16.0,15.0,7.0,6.0,5.0,877.0,2000000,none,pmcx,3252609931,3.6864077316412615e-09,0.004113503735805407,0.00019724246894495425,0,4.529277394208244e-08,0.006325366420840409,0.0003048944072295886,0,11.933904300676659,1.3323809173360085e-06,1.642830522662192e-06,3.555256185106166e-05,2.237944681448764e-05,
subject_00131_healthy,subject_00131,subject_00131,subject_00131_healthy.npz,0,complete,2.0,5.0,2.0,10.0,-1.0,-1.0,-1.0,-1.0,0.0,0.0,0.0,0.0,2000000,none,pmcx,2605925704,5.9510236171934e-08,0.004156714312324272,0.00020489663519142922,0,3.2363629640136404e-07,0.006025629883049163,0.0002913074220412278,0,10.88423900026828,1.1486259571345426e-06,1.6266794363285547e-06,2.709464357694008e-05,1.8508362620676087e-05,
subject_00131_hemorrhage,subject_00131,subject_00131,subject_00131_hemorrhage.npz,1,complete,2.0,5.0,2.0,10.0,33.0,27.0,16.0,15.0,7.0,7.0,5.0,1023.0,2000000,none,pmcx,2605925704,5.322158559623076e-08,0.004168444220785275,0.0002053172598811529,0,3.710649914126928e-07,0.006007540645275948,0.0002902509707490673,0,10.926112100016326,1.1486259571345426e-06,1.6266794363285547e-06,2.709464357694008e-05,1.8508362620676087e-05,
subject_00132_healthy,subject_00132,subject_00132,subject_00132_healthy.npz,0,complete,2.0,5.0,1.0,9.0,-1.0,-1.0,-1.0,-1.0,0.0,0.0,0.0,0.0,2000000,none,pmcx,198730290,1.784961404244266e-09,0.003979383585041177,0.00019282219122367567,0,3.9391792217435514e-08,0.006394387073502533,0.0003148343636073286,0,12.139189600246027,8.880659352450096e-07,1.1786979319401596e-06,2.11322524987477e-05,1.679449064321409e-05,
subject_00132_hemorrhage,subject_00132,subject_00132,subject_00132_hemorrhage.npz,1,complete,2.0,5.0,1.0,9.0,38.0,42.0,20.0,19.0,5.0,7.0,4.0,577.0,2000000,none,pmcx,198730290,4.408935633692678e-09,0.0039720512888214415,0.0001928867684459569,0,5.2124644930384104e-08,0.006384649454591696,0.0003145772505407827,0,12.125430500367656,8.880659352450096e-07,1.1786979319401596e-06,2.11322524987477e-05,1.679449064321409e-05,
subject_00133_healthy,subject_00133,subject_00133,subject_00133_healthy.npz,0,complete,2.0,5.0,1.0,9.0,-1.0,-1.0,-1.0,-1.0,0.0,0.0,0.0,0.0,2000000,none,pmcx,388522162,6.876290691583232e-10,0.004176083810328149,0.0002027173227095118,0,3.7392938305653496e-08,0.006287664788985193,0.00030488176760563217,0,11.60044480022043,4.734333923915241e-07,1.367452025018514e-06,7.906921362320005e-06,2.9260381247238343e-05,
subject_00133_hemorrhage,subject_00133,subject_00133,subject_00133_hemorrhage.npz,1,complete,2.0,5.0,1.0,9.0,52.0,37.0,17.0,16.0,5.0,6.0,5.0,613.0,2000000,none,pmcx,388522162,6.874535863791451e-10,0.004175955868435913,0.0002027082468130619,0,2.8685313669210522e-08,0.006258404407737955,0.00030489611115558157,0,11.597525699995458,4.734333923915241e-07,1.367452025018514e-06,7.906921362320005e-06,2.9260381247238343e-05,
subject_00134_healthy,subject_00134,subject_00134,subject_00134_healthy.npz,0,complete,2.0,5.0,1.0,9.0,-1.0,-1.0,-1.0,-1.0,0.0,0.0,0.0,0.0,2000000,none,pmcx,1114114890,4.124506745777467e-10,0.004008633949583478,0.00020022752236058754,0,6.101440151315363e-08,0.006364748651408595,0.0003095605141690789,0,11.8446078998968,1.040639524115505e-06,2.1070575493912024e-06,2.3940027472575177e-05,5.737844697136039e-05,
subject_00134_hemorrhage,subject_00134,subject_00134,subject_00134_hemorrhage.npz,1,complete,2.0,5.0,1.0,9.0,43.0,52.0,14.0,13.0,7.0,6.0,5.0,877.0,2000000,none,pmcx,1114114890,4.55696994202999e-10,0.004003204160265727,0.00019988165126567827,0,3.0677034696197974e-08,0.006379620942569105,0.0003092722170956379,0,11.869898799806833,1.040639524115505e-06,2.1070575493912024e-06,2.3940027472575177e-05,5.737844697136039e-05,
subject_00135_healthy,subject_00135,subject_00135,subject_00135_healthy.npz,0,complete,3.0,6.0,1.0,11.0,-1.0,-1.0,-1.0,-1.0,0.0,0.0,0.0,0.0,2000000,none,pmcx,1829488988,3.3100802638831482e-09,0.003910465419761811,0.00019366703683245108,0,2.596574570734178e-08,0.006144986477055786,0.0002979361875801736,0,11.749302600044757,8.166339232144974e-07,1.0302714077616955e-06,1.87855663395446e-05,1.606716308026298e-05,
subject_00135_hemorrhage,subject_00135,subject_00135,subject_00135_hemorrhage.npz,1,complete,3.0,6.0,1.0,11.0,29.0,41.0,18.0,17.0,5.0,5.0,5.0,515.0,2000000,none,pmcx,1829488988,3.828571976899308e-09,0.0039207896372655026,0.0001937920613532426,0,2.8439236202229424e-08,0.006140964892999277,0.0002975085770125757,0,11.64806970092468,8.166339232144974e-07,1.0302714077616955e-06,1.87855663395446e-05,1.606716308026298e-05,
subject_00136_healthy,subject_00136,subject_00136,subject_00136_healthy.npz,0,complete,3.0,6.0,2.0,12.0,-1.0,-1.0,-1.0,-1.0,0.0,0.0,0.0,0.0,2000000,none,pmcx,2998975804,3.368645314774095e-08,0.004041029166621974,0.00019979810548303659,0,1.4027799794060658e-07,0.00636462702545571,0.0003202699971915585,0,11.06892460025847,8.014447688842262e-07,1.5239281177158387e-06,1.9321452554168714e-05,2.4761992939231585e-05,
subject_00136_hemorrhage,subject_00136,subject_00136,subject_00136_hemorrhage.npz,1,complete,3.0,6.0,2.0,12.0,29.0,52.0,19.0,18.0,5.0,7.0,5.0,711.0,2000000,none,pmcx,2998975804,1.8587169066332365e-08,0.004037885155940172,0.00019986401575246922,0,1.4008950436781006e-07,0.006339865032516478,0.00031971445460315885,0,10.993304999778047,8.014447688842262e-07,1.5239281177158387e-06,1.9321452554168714e-05,2.4761992939231585e-05,
subject_00137_healthy,subject_00137,subject_00137,subject_00137_healthy.npz,0,complete,2.0,6.0,2.0,11.0,-1.0,-1.0,-1.0,-1.0,0.0,0.0,0.0,0.0,2000000,none,pmcx,1270881069,4.9204099331420544e-08,0.004169289780064655,0.00020291531060061212,0,1.2152822400653477e-07,0.006403828808198405,0.0003143448067166777,0,11.120327500160784,9.60449401831194e-07,1.1634264475581687e-06,1.5445867169316604e-05,1.5025539791568973e-05,
subject_00137_hemorrhage,subject_00137,subject_00137,subject_00137_hemorrhage.npz,1,complete,2.0,6.0,2.0,11.0,37.0,25.0,19.0,18.0,5.0,5.0,4.0,417.0,2000000,none,pmcx,1270881069,2.7223356070467036e-08,0.004160819689983782,0.00020257377796421724,0,1.1777433388093189e-07,0.006402198988761789,0.0003146420448928123,0,11.052649100543931,9.60449401831194e-07,1.1634264475581687e-06,1.5445867169316604e-05,1.5025539791568973e-05,
subject_00138_healthy,subject_00138,subject_00138,subject_00138_healthy.npz,0,complete,2.0,7.0,1.0,11.0,-1.0,-1.0,-1.0,-1.0,0.0,0.0,0.0,0.0,2000000,none,pmcx,1727620225,5.638428796734129e-10,0.004122123379510751,0.00020441724827200225,0,1.1385975764769932e-08,0.00631918575421686,0.00030457361494543673,0,11.951606100425124,7.244204458943748e-07,1.5207534412932027e-06,1.3695265874412964e-05,3.4007880520795127e-05,
subject_00138_hemorrhage,subject_00138,subject_00138,subject_00138_hemorrhage.npz,1,complete,2.0,7.0,1.0,11.0,46.0,40.0,17.0,16.0,6.0,5.0,5.0,613.0,2000000,none,pmcx,1727620225,5.68321923564034e-10,0.004119370869453383,0.00020416195496866834,0,2.9682998919072565e-08,0.006290539057237542,0.0003043615608973164,0,12.022104599745944,7.244204458943748e-07,1.5207534412932027e-06,1.3695265874412964e-05,3.4007880520795127e-05,
subject_00139_healthy,subject_00139,subject_00139,subject_00139_healthy.npz,0,complete,2.0,6.0,2.0,11.0,-1.0,-1.0,-1.0,-1.0,0.0,0.0,0.0,0.0,2000000,none,pmcx,3389399713,1.789136981274915e-08,0.0040993857578375,0.00019779079480404275,0,1.549568327213681e-07,0.006343374604020324,0.0003057039451242345,0,11.153708700323477,9.244426153028225e-07,1.483269271501182e-06,3.674942837941656e-05,5.559082026823127e-05,
subject_00139_hemorrhage,subject_00139,subject_00139,subject_00139_hemorrhage.npz,1,complete,2.0,6.0,2.0,11.0,33.0,51.0,18.0,17.0,5.0,7.0,5.0,711.0,2000000,none,pmcx,3389399713,2.1855580082079672e-08,0.004086494968656943,0.00019809136736484933,0,2.1945121631716213e-07,0.006398965424288555,0.00030604424169679024,0,11.189929599873722,9.244426153028225e-07,1.483269271501182e-06,3.674942837941656e-05,5.559082026823127e-05,
subject_00140_healthy,subject_00140,subject_00140,subject_00140_healthy.npz,0,complete,3.0,6.0,1.0,11.0,-1.0,-1.0,-1.0,-1.0,0.0,0.0,0.0,0.0,2000000,none,pmcx,2275380238,4.232328944001583e-09,0.0040492024732515786,0.00019857155376172222,0,2.0675130254435092e-08,0.006136160321453765,0.00029724917163839715,0,11.685601199511439,8.572866271584057e-07,1.4134920015119562e-06,1.0370751326870724e-05,3.1078687464407805e-05,
subject_00140_hemorrhage,subject_00140,subject_00140,subject_00140_hemorrhage.npz,1,complete,3.0,6.0,1.0,11.0,42.0,47.0,20.0,19.0,6.0,7.0,5.0,877.0,2000000,none,pmcx,2275380238,4.328518648915399e-09,0.004039883138783149,0.0001985428707268937,0,2.1753123364036724e-08,0.006105081633989358,0.00029747723866129395,0,11.758508899249136,8.572866271584057e-07,1.4134920015119562e-06,1.0370751326870724e-05,3.1078687464407805e-05,
subject_00141_healthy,subject_00141,subject_00141,subject_00141_healthy.npz,0,complete,2.0,5.0,2.0,10.0,-1.0,-1.0,-1.0,-1.0,0.0,0.0,0.0,0.0,2000000,none,pmcx,296952919,9.654261424225892e-09,0.0040729851485429,0.00019726703766007712,0,3.7464252383727986e-07,0.0061561221895413566,0.00030386343336660673,0,11.286614699522033,5.018085406682266e-07,8.915434947017597e-07,9.298343742721385e-06,1.8002481791293094e-05,
subject_00141_hemorrhage,subject_00141,subject_00141,subject_00141_hemorrhage.npz,1,complete,2.0,5.0,2.0,10.0,49.0,23.0,21.0,20.0,7.0,5.0,5.0,711.0,2000000,none,pmcx,296952919,9.65165576035106e-09,0.004073337341548904,0.00019709177078774997,0,3.576213237458306e-07,0.006163106352457885,0.00030391704107499595,0,11.372786799678579,5.018085406682266e-07,8.915434947017597e-07,9.298343742721385e-06,1.8002481791293094e-05,
subject_00142_healthy,subject_00142,subject_00142,subject_00142_healthy.npz,0,complete,2.0,5.0,2.0,10.0,-1.0,-1.0,-1.0,-1.0,0.0,0.0,0.0,0.0,2000000,none,pmcx,2676387345,5.14822319163937e-08,0.004111970507147236,0.000204162217934606,0,2.9605786561113015e-07,0.006124949105386176,0.0003042510873154118,0,11.25861750007607,1.1833798381996773e-06,2.017669313154018e-06,2.407551982605647e-05,6.395632684502717e-05,
subject_00142_hemorrhage,subject_00142,subject_00142,subject_00142_hemorrhage.npz,1,complete,2.0,5.0,2.0,10.0,34.0,41.0,15.0,14.0,6.0,6.0,4.0,585.0,2000000,none,pmcx,2676387345,5.646563326672764e-08,0.0041201258199916714,0.00020397369896586986,0,3.0421327120687885e-07,0.006162841859590703,0.00030447911566635786,0,11.333045199746266,1.1833798381996773e-06,2.017669313154018e-06,2.407551982605647e-05,6.395632684502717e-05,
subject_00143_healthy,subject_00143,subject_00143,subject_00143_healthy.npz,0,complete,2.0,6.0,2.0,11.0,-1.0,-1.0,-1.0,-1.0,0.0,0.0,0.0,0.0,2000000,none,pmcx,414419170,3.382308010734747e-08,0.004154646088853288,0.00020175873825876157,0,3.7043302905014893e-08,0.006247923271273983,0.0003063771117886824,0,11.152406900422648,9.628282497639574e-07,1.1320099940876113e-06,2.0745498605317155e-05,1.595169061677855e-05,
subject_00143_hemorrhage,subject_00143,subject_00143,subject_00143_hemorrhage.npz,1,complete,2.0,6.0,2.0,11.0,47.0,41.0,16.0,15.0,5.0,7.0,5.0,711.0,2000000,none,pmcx,414419170,3.35453059334404e-08,0.004159068420460716,0.0002019724628708705,0,3.920911681111653e-08,0.00623933821665831,0.0003058379060916057,0,11.130473300348967,9.628282497639574e-07,1.1320099940876113e-06,2.0745498605317155e-05,1.595169061677855e-05,
subject_00144_healthy,subject_00144,subject_00144,subject_00144_healthy.npz,0,complete,3.0,5.0,1.0,10.0,-1.0,-1.0,-1.0,-1.0,0.0,0.0,0.0,0.0,2000000,none,pmcx,985985467,6.478486182965776e-10,0.004053043293814322,0.000198853628600781,0,2.662488305098058e-08,0.006258913003892282,0.00030952242601813544,0,11.820402099750936,8.819769677040368e-07,1.408691526122627e-06,1.8136734557267636e-05,2.2648189874559764e-05,
subject_00144_hemorrhage,subject_00144,subject_00144,subject_00144_hemorrhage.npz,1,complete,3.0,5.0,1.0,10.0,47.0,33.0,15.0,14.0,6.0,5.0,4.0,491.0,2000000,none,pmcx,985985467,1.7423684171762438e-10,0.004034906559257054,0.00019893589762508192,0,2.6480039001986685e-08,0.006236264814017722,0.00030933826541339757,0,11.825443400070071,8.819769677040368e-07,1.408691526122627e-06,1.8136734557267636e-05,2.2648189874559764e-05,
subject_00145_healthy,subject_00145,subject_00145,subject_00145_healthy.npz,0,complete,3.0,6.0,2.0,12.0,-1.0,-1.0,-1.0,-1.0,0.0,0.0,0.0,0.0,2000000,none,pmcx,3792336001,2.7853349346219814e-08,0.004031832130640155,0.00020081035397503816,0,8.002202689202672e-08,0.006227751667149225,0.00030849633975079733,0,11.472548199584708,6.759710364550728e-07,1.292227840887136e-06,1.4019149218652289e-05,1.5987702391952402e-05,
subject_00145_hemorrhage,subject_00145,subject_00145,subject_00145_hemorrhage.npz,1,complete,3.0,6.0,2.0,12.0,32.0,31.0,17.0,16.0,5.0,5.0,4.0,417.0,2000000,none,pmcx,3792336001,2.805683985916815e-08,0.004033707916488163,0.00020075070473054828,0,8.026779864139128e-08,0.006243476098014184,0.0003085765240874388,0,11.473290200112388,6.759710364550728e-07,1.292227840887136e-06,1.4019149218652289e-05,1.5987702391952402e-05,
subject_00146_healthy,subject_00146,subject_00146,subject_00146_healthy.npz,0,complete,3.0,7.0,2.0,13.0,-1.0,-1.0,-1.0,-1.0,0.0,0.0,0.0,0.0,2000000,none,pmcx,2939257043,9.69424721074045e-09,0.003938879951847652,0.0001923185690604547,0,1.446152710927995e-07,0.006221659775353471,0.00030817073895189194,0,10.687640500254929,1.0208481192071646e-06,1.620350376050901e-06,2.155877574600766e-05,2.6881023735841718e-05,
subject_00146_hemorrhage,subject_00146,subject_00146,subject_00146_hemorrhage.npz,1,complete,3.0,7.0,2.0,13.0,40.0,51.0,21.0,20.0,7.0,7.0,5.0,1023.0,2000000,none,pmcx,2939257043,6.918775188897996e-09,0.00391863069674741,0.00019227295698386412,0,1.547633122992402e-07,0.006198543036219452,0.00030843240749321515,0,10.691101799951866,1.0208481192071646e-06,1.620350376050901e-06,2.155877574600766e-05,2.6881023735841718e-05,
subject_00147_healthy,subject_00147,subject_00147,subject_00147_healthy.npz,0,complete,3.0,6.0,1.0,11.0,-1.0,-1.0,-1.0,-1.0,0.0,0.0,0.0,0.0,2000000,none,pmcx,4266641796,4.063525857230932e-09,0.004018122459619697,0.0001989229292480244,0,7.4911850109182e-09,0.00615165122447522,0.00030036851492207153,0,11.565271400148049,9.126430800796336e-07,1.4314409479645143e-06,1.9180112054486068e-05,6.078823921398628e-05,
subject_00147_hemorrhage,subject_00147,subject_00147,subject_00147_hemorrhage.npz,1,complete,3.0,6.0,1.0,11.0,50.0,52.0,16.0,15.0,5.0,7.0,4.0,577.0,2000000,none,pmcx,4266641796,4.650721013431027e-09,0.004014582167298897,0.00019906919378270775,0,7.586646654278675e-09,0.006152310594728514,0.00030066272484333796,0,11.55024510063231,9.126430800796336e-07,1.4314409479645143e-06,1.9180112054486068e-05,6.078823921398628e-05,
subject_00148_healthy,subject_00148,subject_00148,subject_00148_healthy.npz,0,complete,3.0,6.0,2.0,12.0,-1.0,-1.0,-1.0,-1.0,0.0,0.0,0.0,0.0,2000000,none,pmcx,2201748031,1.6358956889353655e-08,0.003956641945316493,0.00019265584963023917,0,1.8705315075379385e-07,0.006061572884026755,0.00030251805036353625,0,11.023986000102013,7.499699759084344e-07,1.5743409935166129e-06,1.888407968769247e-05,3.619440088447907e-05,
subject_00148_hemorrhage,subject_00148,subject_00148,subject_00148_hemorrhage.npz,1,complete,3.0,6.0,2.0,12.0,45.0,42.0,18.0,17.0,7.0,7.0,5.0,1023.0,2000000,none,pmcx,2201748031,1.3822471393926715e-08,0.003952489242934821,0.00019252582631433133,0,2.045626574693865e-07,0.006097767284911234,0.00030263731795114027,0,11.043488600058481,7.499699759084344e-07,1.5743409935166129e-06,1.888407968769247e-05,3.619440088447907e-05,
subject_00149_healthy,subject_00149,subject_00149,subject_00149_healthy.npz,0,complete,3.0,6.0,1.0,11.0,-1.0,-1.0,-1.0,-1.0,0.0,0.0,0.0,0.0,2000000,none,pmcx,2960378856,1.3889272763827557e-09,0.003933078815074375,0.00019450273852446754,0,2.8240260591015227e-08,0.0064350072584572725,0.00032097450215442245,0,11.975225100060925,9.300021542527822e-07,1.2363531424626399e-06,2.6839020477130264e-05,2.903724102678966e-05,
subject_00149_hemorrhage,subject_00149,subject_00149,subject_00149_hemorrhage.npz,1,complete,3.0,6.0,1.0,11.0,44.0,25.0,21.0,20.0,6.0,5.0,4.0,491.0,2000000,none,pmcx,2960378856,1.3884315013142692e-09,0.003929065703274845,0.0001947379497024679,0,5.167837922382063e-08,0.006407068629439527,0.0003203624389484242,0,11.950605200137943,9.300021542527822e-07,1.2363531424626399e-06,2.6839020477130264e-05,2.903724102678966e-05,
subject_00150_healthy,subject_00150,subject_00150,subject_00150_healthy.npz,0,complete,2.0,6.0,1.0,10.0,-1.0,-1.0,-1.0,-1.0,0.0,0.0,0.0,0.0,2000000,none,pmcx,467586854,4.317422473292826e-09,0.004223834075611788,0.00020579261031232628,0,4.012872907810057e-08,0.006157414339644423,0.0003024671425586172,0,11.56531020021066,8.86122851410601e-07,1.4805981721716084e-06,1.5387009171968042e-05,2.761586168354628e-05,
subject_00150_hemorrhage,subject_00150,subject_00150,subject_00150_hemorrhage.npz,1,complete,2.0,6.0,1.0,10.0,39.0,45.0,16.0,15.0,6.0,7.0,5.0,877.0,2000000,none,pmcx,467586854,4.13878287058654e-09,0.004233486990949445,0.0002061332377619997,0,4.1116034360081686e-08,0.006141112719834001,0.000302355373459599,0,11.560560599900782,8.86122851410601e-07,1.4805981721716084e-06,1.5387009171968042e-05,2.761586168354628e-05,
subject_00151_healthy,subject_00151,subject_00151,subject_00151_healthy.npz,0,complete,2.0,7.0,1.0,11.0,-1.0,-1.0,-1.0,-1.0,0.0,0.0,0.0,0.0,2000000,none,pmcx,386683356,2.2461835795229431e-10,0.004044952126622407,0.00019494286406291335,0,3.798571052860033e-08,0.006234455103248736,0.00029916735715510695,0,11.990538000129163,1.1092254621171156e-06,1.028425404282544e-06,2.722794776694685e-05,2.0232497249812742e-05,
subject_00151_hemorrhage,subject_00151,subject_00151,subject_00151_hemorrhage.npz,1,complete,2.0,7.0,1.0,11.0,37.0,32.0,18.0,17.0,6.0,5.0,4.0,491.0,2000000,none,pmcx,386683356,6.337587685880227e-10,0.004034529703617322,0.00019505925703149077,0,1.7644725878348912e-08,0.006229397860320777,0.0002991540820219733,0,11.950194100150838,1.1092254621171156e-06,1.028425404282544e-06,2.722794776694685e-05,2.0232497249812742e-05,
subject_00152_healthy,subject_00152,subject_00152,subject_00152_healthy.npz,0,complete,3.0,5.0,1.0,10.0,-1.0,-1.0,-1.0,-1.0,0.0,0.0,0.0,0.0,2000000,none,pmcx,3775260285,1.893457912471201e-09,0.003897655340461076,0.00018871613715699324,0,5.861774219055383e-08,0.0060101417798896,0.0002934825361865728,0,12.170093499822542,9.327570361579954e-07,8.791397064466265e-07,3.5330270133309034e-05,1.2907945481634869e-05,
subject_00152_hemorrhage,subject_00152,subject_00152,subject_00152_hemorrhage.npz,1,complete,3.0,5.0,1.0,10.0,43.0,24.0,21.0,20.0,6.0,5.0,4.0,491.0,2000000,none,pmcx,3775260285,1.8989219985339685e-09,0.003896284191981121,0.0001885930960403595,0,5.733506872849798e-08,0.006018604148606703,0.00029349789652685724,0,12.172500800341368,9.327570361579954e-07,8.791397064466265e-07,3.5330270133309034e-05,1.2907945481634869e-05,
subject_00153_healthy,subject_00153,subject_00153,subject_00153_healthy.npz,0,complete,2.0,7.0,2.0,12.0,-1.0,-1.0,-1.0,-1.0,0.0,0.0,0.0,0.0,2000000,none,pmcx,2492280476,3.571839661275451e-08,0.0042359030848636734,0.00020682839114240318,0,7.218336495766338e-08,0.00661469205407543,0.000324423772357328,0,11.129928399575874,6.974991790256164e-07,1.7331064268494292e-06,1.863206517033634e-05,3.138316136250697e-05,
subject_00153_hemorrhage,subject_00153,subject_00153,subject_00153_hemorrhage.npz,1,complete,2.0,7.0,2.0,12.0,40.0,56.0,19.0,18.0,7.0,6.0,4.0,671.0,2000000,none,pmcx,2492280476,2.9298236962774862e-08,0.004237181183561981,0.00020672727808825634,0,1.4253737819787107e-07,0.006586695408805127,0.00032453783765870256,0,11.176907800137997,6.974991790256164e-07,1.7331064268494292e-06,1.863206517033634e-05,3.138316136250697e-05,
subject_00154_healthy,subject_00154,subject_00154,subject_00154_healthy.npz,0,complete,2.0,7.0,2.0,12.0,-1.0,-1.0,-1.0,-1.0,0.0,0.0,0.0,0.0,2000000,none,pmcx,1611228283,2.4558775500347593e-08,0.004207337841100754,0.00020538284867660622,0,1.0621846198886022e-07,0.006255210423381312,0.0003029843956989473,0,10.74933769972995,1.4367391752610374e-06,1.4453255781391516e-06,3.997402589286502e-05,2.1784444567616613e-05,
subject_00154_hemorrhage,subject_00154,subject_00154,subject_00154_hemorrhage.npz,1,complete,2.0,7.0,2.0,12.0,36.0,51.0,20.0,19.0,7.0,7.0,5.0,1023.0,2000000,none,pmcx,1611228283,2.0001622961284286e-08,0.004167363815207889,0.00020478445189867095,0,1.0459730875303808e-07,0.006253685552992658,0.0003029029111560109,0,10.81717330031097,1.4367391752610374e-06,1.4453255781391516e-06,3.997402589286502e-05,2.1784444567616613e-05,
subject_00155_healthy,subject_00155,subject_00155,subject_00155_healthy.npz,0,complete,2.0,6.0,2.0,11.0,-1.0,-1.0,-1.0,-1.0,0.0,0.0,0.0,0.0,2000000,none,pmcx,3441428496,3.872527116055852e-08,0.004156788012052613,0.0002028097661439892,0,2.167752847119934e-07,0.00614256560662747,0.00030477828493474487,0,11.360921299550682,9.105586552673222e-07,1.4595521706329503e-06,2.7392603972189317e-05,3.055125147136996e-05,
subject_00155_hemorrhage,subject_00155,subject_00155,subject_00155_hemorrhage.npz,1,complete,2.0,6.0,2.0,11.0,39.0,32.0,20.0,19.0,7.0,7.0,5.0,1023.0,2000000,none,pmcx,3441428496,1.8736772787503208e-08,0.004153863082585085,0.00020250544866715,0,2.361064272176005e-07,0.0061484596940857795,0.0003043698577137205,0,11.375593800330535,9.105586552673222e-07,1.4595521706329503e-06,2.7392603972189317e-05,3.055125147136996e-05,
subject_00156_healthy,subject_00156,subject_00156,subject_00156_healthy.npz,0,complete,3.0,7.0,1.0,12.0,-1.0,-1.0,-1.0,-1.0,0.0,0.0,0.0,0.0,2000000,none,pmcx,222208772,1.2349985158817868e-09,0.0039673426585445735,0.00019523209713565162,0,1.452250478849102e-08,0.006433264367834381,0.0003209531350350512,0,11.797762000001967,7.580768029096511e-07,1.515809546812524e-06,1.1696034828485857e-05,4.1467897836712855e-05,
subject_00156_hemorrhage,subject_00156,subject_00156,subject_00156_hemorrhage.npz,1,complete,3.0,7.0,1.0,12.0,35.0,30.0,21.0,20.0,5.0,6.0,5.0,613.0,2000000,none,pmcx,222208772,1.3064385339763027e-09,0.003976129984701574,0.00019566259351843805,0,3.813423709328619e-08,0.006428570296450002,0.0003211421513661868,0,11.888650700217113,7.580768029096511e-07,1.515809546812524e-06,1.1696034828485857e-05,4.1467897836712855e-05,
subject_00157_healthy,subject_00157,subject_00157,subject_00157_healthy.npz,0,complete,3.0,5.0,1.0,10.0,-1.0,-1.0,-1.0,-1.0,0.0,0.0,0.0,0.0,2000000,none,pmcx,4213248891,8.750270191633209e-10,0.0039922965864347335,0.0001936736631589132,0,2.1925208964957592e-08,0.005989227551925727,0.00029286930724584906,0,12.189649799838662,9.348777287664807e-07,1.5798047053311222e-06,2.011948966166438e-05,7.907320954920766e-05,
subject_00157_hemorrhage,subject_00157,subject_00157,subject_00157_hemorrhage.npz,1,complete,3.0,5.0,1.0,10.0,37.0,51.0,19.0,18.0,6.0,6.0,5.0,739.0,2000000,none,pmcx,4213248891,7.724285853248482e-10,0.003972177096773069,0.00019361480627256607,0,2.808441829253019e-08,0.005910338704455405,0.00029191387970780864,0,12.240028199972585,9.348777287664807e-07,1.5798047053311222e-06,2.011948966166438e-05,7.907320954920766e-05,
subject_00158_healthy,subject_00158,subject_00158,subject_00158_healthy.npz,0,complete,3.0,6.0,1.0,11.0,-1.0,-1.0,-1.0,-1.0,0.0,0.0,0.0,0.0,2000000,none,pmcx,1388027000,1.5686326182979693e-09,0.004123173189203609,0.0002061073749230172,0,3.105903560391448e-08,0.006233844157583469,0.0003137737688915713,0,11.280919500160962,7.46307902292871e-07,1.1842198269813819e-06,1.067223206732042e-05,2.256602160013131e-05,
subject_00158_hemorrhage,subject_00158,subject_00158,subject_00158_hemorrhage.npz,1,complete,3.0,6.0,1.0,11.0,49.0,36.0,16.0,15.0,6.0,5.0,4.0,491.0,2000000,none,pmcx,1388027000,1.6564814622341771e-09,0.004117759771485463,0.00020573224915232944,0,1.699794509074764e-08,0.006248161456498621,0.00031378510279812875,0,11.295636599650607,7.46307902292871e-07,1.1842198269813819e-06,1.067223206732042e-05,2.256602160013131e-05,
subject_00159_healthy,subject_00159,subject_00159,subject_00159_healthy.npz,0,complete,2.0,6.0,1.0,10.0,-1.0,-1.0,-1.0,-1.0,0.0,0.0,0.0,0.0,2000000,none,pmcx,992271460,4.050026814205924e-10,0.004096858688563502,0.0001979712593492901,0,6.932152138517588e-08,0.006472558452465392,0.0003165836410751466,0,12.124693900113925,6.862085682370634e-07,1.5336208931575146e-06,1.0753088102929097e-05,3.83879653766744e-05,
subject_00159_hemorrhage,subject_00159,subject_00159,subject_00159_hemorrhage.npz,1,complete,2.0,6.0,1.0,10.0,37.0,31.0,16.0,15.0,5.0,6.0,4.0,491.0,2000000,none,pmcx,992271460,4.132411645522565e-09,0.004102553976028479,0.0001980795322247486,0,7.085017646463589e-08,0.0064844626123226655,0.00031704508257198566,0,12.09779730043374,6.862085682370634e-07,1.5336208931575146e-06,1.0753088102929097e-05,3.83879653766744e-05,
subject_00160_healthy,subject_00160,subject_00160,subject_00160_healthy.npz,0,complete,2.0,7.0,1.0,11.0,-1.0,-1.0,-1.0,-1.0,0.0,0.0,0.0,0.0,2000000,none,pmcx,3788829055,1.3479808033857348e-09,0.004081177265609689,0.00019669833258920385,0,5.744961499784703e-09,0.006628812995598149,0.000326670784830508,0,12.455519699957222,6.14870896206766e-07,1.45839411072766e-06,8.775360654673589e-06,5.3806494241659744e-05,
subject_00160_hemorrhage,subject_00160,subject_00160,subject_00160_hemorrhage.npz,1,complete,2.0,7.0,1.0,11.0,32.0,34.0,21.0,20.0,6.0,6.0,5.0,739.0,2000000,none,pmcx,3788829055,1.481987683883626e-09,0.004072401904955015,0.00019660281342568487,0,5.074001514803177e-08,0.006630267723967411,0.0003261513095566413,0,12.326983799925074,6.14870896206766e-07,1.45839411072766e-06,8.775360654673589e-06,5.3806494241659744e-05,
subject_00161_healthy,subject_00161,subject_00161,subject_00161_healthy.npz,0,complete,3.0,5.0,2.0,11.0,-1.0,-1.0,-1.0,-1.0,0.0,0.0,0.0,0.0,2000000,none,pmcx,170573402,3.3726898580259724e-08,0.003991941685048942,0.0001983006018397254,0,1.8005914188168328e-07,0.005888712656817757,0.0002918668248347923,0,10.880398300010711,1.1311072276356782e-06,2.1387292450658793e-06,2.1081786655580137e-05,4.937002293816002e-05,
subject_00161_hemorrhage,subject_00161,subject_00161,subject_00161_hemorrhage.npz,1,complete,3.0,5.0,2.0,11.0,32.0,31.0,19.0,18.0,7.0,6.0,4.0,671.0,2000000,none,pmcx,170573402,3.103149408254636e-08,0.0040036294294641195,0.0001985789680087574,0,2.1359884369119299e-07,0.005938082679755917,0.00029256427109734784,0,10.894062200095505,1.1311072276356782e-06,2.1387292450658793e-06,2.1081786655580137e-05,4.937002293816002e-05,
subject_00162_healthy,subject_00162,subject_00162,subject_00162_healthy.npz,0,complete,2.0,6.0,1.0,10.0,-1.0,-1.0,-1.0,-1.0,0.0,0.0,0.0,0.0,2000000,none,pmcx,3623461698,4.3794081295933485e-09,0.004142657902960967,0.00020262856981179172,0,4.920276678745301e-08,0.006534090661244837,0.0003178281230751178,0,11.934208900202066,7.79083822925581e-07,1.2776353201401146e-06,1.4351248110942502e-05,3.159264564443591e-05,
subject_00162_hemorrhage,subject_00162,subject_00162,subject_00162_hemorrhage.npz,1,complete,2.0,6.0,1.0,10.0,46.0,27.0,17.0,16.0,6.0,7.0,4.0,671.0,2000000,none,pmcx,3623461698,3.3714883601708624e-10,0.00412961618204602,0.00020256797739356887,0,1.9181667888326716e-08,0.006541268693078144,0.00031765259741507425,0,11.891891399864107,7.79083822925581e-07,1.2776353201401146e-06,1.4351248110942502e-05,3.159264564443591e-05,
subject_00163_healthy,subject_00163,subject_00163,subject_00163_healthy.npz,0,complete,3.0,7.0,1.0,12.0,-1.0,-1.0,-1.0,-1.0,0.0,0.0,0.0,0.0,2000000,none,pmcx,2650988314,2.2026535643547318e-10,0.004289918724206205,0.00021282744121938748,0,1.6183116859448773e-08,0.006141958069559766,0.0003055044828713366,0,11.782813499914482,9.067415876518629e-07,1.1487132141257249e-06,2.9069959212676792e-05,1.793687440955309e-05,
subject_00163_hemorrhage,subject_00163,subject_00163,subject_00163_hemorrhage.npz,1,complete,3.0,7.0,1.0,12.0,48.0,57.0,18.0,17.0,5.0,5.0,5.0,515.0,2000000,none,pmcx,2650988314,4.1159708988782725e-10,0.0043189886834188815,0.00021300855495097194,0,1.0245017130369133e-08,0.006138408623588826,0.00030573716349511907,0,11.789343500277027,9.067415876518629e-07,1.1487132141257249e-06,2.9069959212676792e-05,1.793687440955309e-05,
subject_00164_healthy,subject_00164,subject_00164,subject_00164_healthy.npz,0,complete,2.0,7.0,2.0,12.0,-1.0,-1.0,-1.0,-1.0,0.0,0.0,0.0,0.0,2000000,none,pmcx,258575193,1.1210734990359217e-08,0.0042238645630932525,0.0002104193199344516,0,1.3680518478423728e-07,0.00631417145404311,0.0003079260671222348,0,11.337205199990422,1.04600647960645e-06,1.4805384574022523e-06,1.9126590131281034e-05,2.5553641533508815e-05,
subject_00164_hemorrhage,subject_00164,subject_00164,subject_00164_hemorrhage.npz,1,complete,2.0,7.0,2.0,12.0,47.0,38.0,17.0,16.0,5.0,6.0,5.0,613.0,2000000,none,pmcx,258575193,9.669495445286705e-09,0.004236982136035175,0.0002105709478711852,0,1.6642885048029817e-07,0.006308596929371726,0.00030714222905244557,0,11.358369000488892,1.04600647960645e-06,1.4805384574022523e-06,1.9126590131281034e-05,2.5553641533508815e-05,
subject_00165_healthy,subject_00165,subject_00165,subject_00165_healthy.npz,0,complete,2.0,6.0,1.0,10.0,-1.0,-1.0,-1.0,-1.0,0.0,0.0,0.0,0.0,2000000,none,pmcx,3764111519,7.012319871683841e-10,0.004087988070430672,0.00019772989009342426,0,4.745551628777593e-08,0.0065239493450985645,0.0003157127501874609,0,11.643873099703342,1.0831238991770318e-06,1.4998809503915924e-06,4.0062369337267364e-05,2.7312450041143063e-05,
subject_00165_hemorrhage,subject_00165,subject_00165,subject_00165_hemorrhage.npz,1,complete,2.0,6.0,1.0,10.0,41.0,53.0,20.0,19.0,6.0,5.0,5.0,613.0,2000000,none,pmcx,3764111519,1.3497499099635532e-09,0.004104851070021671,0.000197545309752524,0,4.74502936326883e-08,0.006548074535177702,0.00031626283812225193,0,11.620977899758145,1.0831238991770318e-06,1.4998809503915924e-06,4.0062369337267364e-05,2.7312450041143063e-05,
subject_00166_healthy,subject_00166,subject_00166,subject_00166_healthy.npz,0,complete,3.0,5.0,1.0,10.0,-1.0,-1.0,-1.0,-1.0,0.0,0.0,0.0,0.0,2000000,none,pmcx,2076772006,2.6647890685397103e-09,0.004039672180973564,0.00019930865337363247,0,2.537391930454726e-08,0.005959167109894558,0.0002902379321227614,0,11.547671299893409,8.018468555949355e-07,1.5122124246860834e-06,1.516844694876931e-05,3.6661373297775836e-05,
subject_00166_hemorrhage,subject_00166,subject_00166,subject_00166_hemorrhage.npz,1,complete,3.0,5.0,1.0,10.0,31.0,28.0,20.0,19.0,7.0,6.0,5.0,877.0,2000000,none,pmcx,2076772006,1.3737813257056957e-09,0.004035093474832144,0.0001994626747287242,0,1.9063971887385486e-08,0.0059225057365967825,0.00029002043575741734,0,11.547091199550778,8.018468555949355e-07,1.5122124246860834e-06,1.516844694876931e-05,3.6661373297775836e-05,
subject_00167_healthy,subject_00167,subject_00167,subject_00167_healthy.npz,0,complete,3.0,5.0,1.0,10.0,-1.0,-1.0,-1.0,-1.0,0.0,0.0,0.0,0.0,2000000,none,pmcx,1554509706,4.685047554209006e-09,0.004110343989724567,0.0002024940782207463,0,7.969502235219958e-08,0.006065141032870631,0.00029614716270607135,0,11.691381999989972,9.428109907879346e-07,1.3010423872358115e-06,1.793289302899192e-05,1.921005406206426e-05,
subject_00167_hemorrhage,subject_00167,subject_00167,subject_00167_hemorrhage.npz,1,complete,3.0,5.0,1.0,10.0,39.0,41.0,21.0,20.0,6.0,7.0,5.0,877.0,2000000,none,pmcx,1554509706,2.6868200227048836e-09,0.004111823159915402,0.00020225571090234592,0,4.887922529615353e-08,0.00605718708523068,0.00029632321552934836,0,11.681485100649297,9.428109907879346e-07,1.3010423872358115e-06,1.793289302899192e-05,1.921005406206426e-05,
subject_00168_healthy,subject_00168,subject_00168,subject_00168_healthy.npz,0,complete,3.0,7.0,2.0,13.0,-1.0,-1.0,-1.0,-1.0,0.0,0.0,0.0,0.0,2000000,none,pmcx,123198022,1.719491227258779e-08,0.004154526802983162,0.00020520590809084826,0,6.663930811334917e-08,0.006260571554849447,0.0003152488260963583,0,10.714126699604094,6.181936110422025e-07,1.1409308616862415e-06,1.1755368867330356e-05,1.8402256898821488e-05,
subject_00168_hemorrhage,subject_00168,subject_00168,subject_00168_hemorrhage.npz,1,complete,3.0,7.0,2.0,13.0,40.0,44.0,19.0,18.0,5.0,6.0,4.0,491.0,2000000,none,pmcx,123198022,1.726985495909339e-08,0.004142771434115832,0.00020508529557533665,0,6.571727053759314e-08,0.006242169297950626,0.00031523849302433785,0,10.760810299543664,6.181936110422025e-07,1.1409308616862415e-06,1.1755368867330356e-05,1.8402256898821488e-05,
subject_00169_healthy,subject_00169,subject_00169,subject_00169_healthy.npz,0,complete,2.0,5.0,1.0,9.0,-1.0,-1.0,-1.0,-1.0,0.0,0.0,0.0,0.0,2000000,none,pmcx,286598455,1.2850420645794927e-09,0.004100697794094561,0.00019911710561737244,0,1.8881092412820557e-08,0.0062029596981581,0.00030433979538317034,0,12.146386199630797,6.796641154496669e-07,1.0500724665413135e-06,1.435040810940022e-05,1.900681657073574e-05,
subject_00169_hemorrhage,subject_00169,subject_00169,subject_00169_hemorrhage.npz,1,complete,2.0,5.0,1.0,9.0,51.0,32.0,20.0,19.0,6.0,5.0,4.0,491.0,2000000,none,pmcx,286598455,7.70059590187737e-09,0.004086347385985161,0.00019901303903941845,0,4.641200091085175e-08,0.006221966514728836,0.0003040250459014056,0,12.218571200035512,6.796641154496669e-07,1.0500724665413135e-06,1.435040810940022e-05,1.900681657073574e-05,
subject_00170_healthy,subject_00170,subject_00170,subject_00170_healthy.npz,0,complete,2.0,5.0,1.0,9.0,-1.0,-1.0,-1.0,-1.0,0.0,0.0,0.0,0.0,2000000,none,pmcx,3147737803,2.8784411540374804e-10,0.003958087200624612,0.0001938046831063185,0,5.938518960409359e-09,0.006177646988235411,0.00030253187544273125,0,11.75775619968772,1.1333434402630662e-06,1.9874460042107446e-06,2.0560875473080945e-05,3.1095123915034564e-05,
subject_00170_hemorrhage,subject_00170,subject_00170,subject_00170_hemorrhage.npz,1,complete,2.0,5.0,1.0,9.0,39.0,28.0,16.0,15.0,6.0,7.0,5.0,877.0,2000000,none,pmcx,3147737803,5.13453302902799e-10,0.00395521020769758,0.00019383926450499181,0,2.5862818000514026e-08,0.006161456729455803,0.0003008981758314045,0,11.708064599893987,1.1333434402630662e-06,1.9874460042107446e-06,2.0560875473080945e-05,3.1095123915034564e-05,
subject_00171_healthy,subject_00171,subject_00171,subject_00171_healthy.npz,0,complete,2.0,6.0,1.0,10.0,-1.0,-1.0,-1.0,-1.0,0.0,0.0,0.0,0.0,2000000,none,pmcx,132034213,2.838451598235578e-09,0.0041870203895988745,0.00020737900067352725,0,9.3405527060565e-09,0.006405040937319383,0.00031373849163701055,0,11.475700600305572,6.548129262375323e-07,1.309385597412745e-06,1.465471359100596e-05,3.436648595273213e-05,
subject_00171_hemorrhage,subject_00171,subject_00171,subject_00171_hemorrhage.npz,1,complete,2.0,6.0,1.0,10.0,44.0,42.0,17.0,16.0,7.0,5.0,5.0,711.0,2000000,none,pmcx,132034213,1.3462031844569745e-09,0.0041723656760078685,0.00020702472074306857,0,2.7850892803526896e-09,0.006413292488657352,0.0003138703564056853,0,11.485549900913611,6.548129262375323e-07,1.309385597412745e-06,1.465471359100596e-05,3.436648595273213e-05,
subject_00172_healthy,subject_00172,subject_00172,subject_00172_healthy.npz,0,complete,2.0,5.0,1.0,9.0,-1.0,-1.0,-1.0,-1.0,0.0,0.0,0.0,0.0,2000000,none,pmcx,2030949631,1.3607017399784318e-09,0.003910097444884075,0.00019331314618327292,0,4.0223096104510895e-08,0.006175293893431465,0.0002929950070505421,0,11.742709799436852,1.0438507281149914e-06,1.202693508115031e-06,3.5816432804804295e-05,1.5084457645426824e-05,
subject_00172_hemorrhage,subject_00172,subject_00172,subject_00172_hemorrhage.npz,1,complete,2.0,5.0,1.0,9.0,31.0,48.0,17.0,16.0,5.0,6.0,5.0,613.0,2000000,none,pmcx,2030949631,1.702419191867126e-09,0.0039181457284275184,0.0001931205276942229,0,2.2074957093658786e-08,0.006165006323763207,0.0002926941781339424,0,11.765151800354943,1.0438507281149914e-06,1.202693508115031e-06,3.5816432804804295e-05,1.5084457645426824e-05,
subject_00173_healthy,subject_00173,subject_00173,subject_00173_healthy.npz,0,complete,2.0,5.0,2.0,10.0,-1.0,-1.0,-1.0,-1.0,0.0,0.0,0.0,0.0,2000000,none,pmcx,99602124,2.4640712108712324e-08,0.004010862352766604,0.00019439958140375136,0,1.891614078357396e-07,0.0063838229647669035,0.0003108736823588564,0,11.245707400143147,8.632509615051511e-07,1.5198499788111163e-06,1.6663538721079126e-05,3.352975474298775e-05,
subject_00173_hemorrhage,subject_00173,subject_00173,subject_00173_hemorrhage.npz,1,complete,2.0,5.0,2.0,10.0,44.0,38.0,21.0,20.0,5.0,5.0,4.0,417.0,2000000,none,pmcx,99602124,2.557836801376565e-08,0.00401855187029229,0.00019451038490124356,0,2.4535128267011254e-07,0.006350293210023916,0.00031124194170471304,0,11.26518930005841,8.632509615051511e-07,1.5198499788111163e-06,1.6663538721079126e-05,3.352975474298775e-05,
subject_00174_healthy,subject_00174,subject_00174,subject_00174_healthy.npz,0,complete,3.0,6.0,2.0,12.0,-1.0,-1.0,-1.0,-1.0,0.0,0.0,0.0,0.0,2000000,none,pmcx,3054555095,2.0115508350897052e-08,0.0038789047138160816,0.00018914607768664407,0,1.2447084200172388e-07,0.006221780209424985,0.00030719522215014606,0,11.29148850007914,9.069829271564478e-07,1.941148205501214e-06,3.782666672978935e-05,4.557495937382392e-05,
subject_00174_hemorrhage,subject_00174,subject_00174,subject_00174_hemorrhage.npz,1,complete,3.0,6.0,2.0,12.0,41.0,28.0,16.0,15.0,6.0,5.0,4.0,491.0,2000000,none,pmcx,3054555095,1.817517612362845e-08,0.0038733019204097575,0.00018952520373523526,0,1.0908100838953291e-07,0.006229978540684064,0.00030708918846240863,0,11.2756924002897,9.069829271564478e-07,1.941148205501214e-06,3.782666672978935e-05,4.557495937382392e-05,
subject_00175_healthy,subject_00175,subject_00175,subject_00175_healthy.npz,0,complete,3.0,6.0,1.0,11.0,-1.0,-1.0,-1.0,-1.0,0.0,0.0,0.0,0.0,2000000,none,pmcx,3940939430,1.2393386081659208e-09,0.004107771274358704,0.0002041657989197784,0,3.958389608546853e-08,0.006229830512808322,0.0003082598009770159,0,11.757848599925637,1.1865395840688797e-06,1.242172754410599e-06,2.8247474179711463e-05,2.1432873809435447e-05,
subject_00175_hemorrhage,subject_00175,subject_00175,subject_00175_hemorrhage.npz,1,complete,3.0,6.0,1.0,11.0,47.0,42.0,16.0,15.0,5.0,5.0,5.0,515.0,2000000,none,pmcx,3940939430,2.155777808862411e-09,0.004124005170064924,0.00020461104889602812,0,3.690636493007832e-08,0.006208397638998887,0.00030822002594129225,0,11.803011100040749,1.1865395840688797e-06,1.242172754410599e-06,2.8247474179711463e-05,2.1432873809435447e-05,
subject_00176_healthy,subject_00176,subject_00176,subject_00176_healthy.npz,0,complete,3.0,5.0,2.0,11.0,-1.0,-1.0,-1.0,-1.0,0.0,0.0,0.0,0.0,2000000,none,pmcx,1113958440,2.724199182311463e-08,0.0039023971722137903,0.00019387075046915512,0,1.6910560831298848e-07,0.006089300719170393,0.0002989997495751722,0,11.235271100420505,8.142602539368622e-07,1.6273343855262935e-06,1.9846451206030234e-05,4.532886625464947e-05,
subject_00176_hemorrhage,subject_00176,subject_00176,subject_00176_hemorrhage.npz,1,complete,3.0,5.0,2.0,11.0,44.0,24.0,15.0,14.0,7.0,6.0,4.0,671.0,2000000,none,pmcx,1113958440,2.7296228155600407e-08,0.003914026571995018,0.00019373476985596282,0,1.573282735274762e-07,0.0060924428151667015,0.0002982953195797883,0,11.216872299322858,8.142602539368622e-07,1.6273343855262935e-06,1.9846451206030234e-05,4.532886625464947e-05,
subject_00177_healthy,subject_00177,subject_00177,subject_00177_healthy.npz,0,complete,2.0,6.0,1.0,10.0,-1.0,-1.0,-1.0,-1.0,0.0,0.0,0.0,0.0,2000000,none,pmcx,3780657378,1.295145070591338e-09,0.003991417799438904,0.0001919376522575139,0,6.077079865409242e-08,0.006408718565434821,0.0003105895107896504,0,11.604228499811143,5.6116050608737e-07,1.1350881643669205e-06,1.1590203753701644e-05,2.2661853229240074e-05,
subject_00177_hemorrhage,subject_00177,subject_00177,subject_00177_hemorrhage.npz,1,complete,2.0,6.0,1.0,10.0,42.0,51.0,21.0,20.0,5.0,6.0,4.0,491.0,2000000,none,pmcx,3780657378,1.2950542488571583e-09,0.003989455177058194,0.00019186255152821063,0,3.610530792096058e-08,0.006386056712205581,0.00031026380012807016,0,11.573357099900022,5.6116050608737e-07,1.1350881643669205e-06,1.1590203753701644e-05,2.2661853229240074e-05,
subject_00178_healthy,subject_00178,subject_00178,subject_00178_healthy.npz,0,complete,3.0,6.0,2.0,12.0,-1.0,-1.0,-1.0,-1.0,0.0,0.0,0.0,0.0,2000000,none,pmcx,4032525240,2.8309830071053804e-08,0.003928761513552328,0.0001921797335331113,0,1.137145977219905e-07,0.0060985053206551385,0.00030363948088702494,0,11.25166789907962,1.0573222388043529e-06,1.5229519670527723e-06,2.2016796064282338e-05,3.3151499304082815e-05,
subject_00178_hemorrhage,subject_00178,subject_00178,subject_00178_hemorrhage.npz,1,complete,3.0,6.0,2.0,12.0,42.0,47.0,18.0,17.0,5.0,7.0,5.0,711.0,2000000,none,pmcx,4032525240,3.062749071729013e-08,0.003909809088386437,0.00019216207047943133,0,1.0973491464046131e-07,0.006122001114247575,0.00030371872026323764,0,11.234951100312173,1.0573222388043529e-06,1.5229519670527723e-06,2.2016796064282338e-05,3.3151499304082815e-05,
subject_00179_healthy,subject_00179,subject_00179,subject_00179_healthy.npz,0,complete,2.0,6.0,1.0,10.0,-1.0,-1.0,-1.0,-1.0,0.0,0.0,0.0,0.0,2000000,none,pmcx,3484573732,8.53685793197519e-12,0.0041602679765325905,0.00020286805435616978,0,3.730723403477639e-08,0.006126739008039918,0.00029430757416931414,0,12.051213799510151,9.41793203202362e-07,1.4322775917319857e-06,3.168656462000305e-05,3.17496790553538e-05,
subject_00179_hemorrhage,subject_00179,subject_00179,subject_00179_hemorrhage.npz,1,complete,2.0,6.0,1.0,10.0,37.0,29.0,21.0,20.0,6.0,5.0,5.0,613.0,2000000,none,pmcx,3484573732,7.017856545321639e-12,0.004170313219121499,0.0002026901671770428,0,3.9555597037203183e-08,0.006131868057332424,0.00029447869478654165,0,12.039138399297372,9.41793203202362e-07,1.4322775917319857e-06,3.168656462000305e-05,3.17496790553538e-05,
subject_00180_healthy,subject_00180,subject_00180,subject_00180_healthy.npz,0,complete,3.0,6.0,2.0,12.0,-1.0,-1.0,-1.0,-1.0,0.0,0.0,0.0,0.0,2000000,none,pmcx,3812892097,2.4969879049433466e-09,0.00425733135379574,0.00021139572913563112,0,4.621523817539028e-08,0.006215565657995804,0.00030942560326805986,0,11.215825899969786,7.168006106499332e-07,1.6922649921498608e-06,1.831486104336656e-05,3.339769779719254e-05,
subject_00180_hemorrhage,subject_00180,subject_00180,subject_00180_hemorrhage.npz,1,complete,3.0,6.0,2.0,12.0,44.0,26.0,21.0,20.0,7.0,6.0,5.0,877.0,2000000,none,pmcx,3812892097,2.4343118558561135e-09,0.004248610675118327,0.0002113510240133561,0,5.2511606476167467e-08,0.006240500713439867,0.0003093567607520099,0,11.215325199998915,7.168006106499332e-07,1.6922649921498608e-06,1.831486104336656e-05,3.339769779719254e-05,
subject_00181_healthy,subject_00181,subject_00181,subject_00181_healthy.npz,0,complete,2.0,5.0,2.0,10.0,-1.0,-1.0,-1.0,-1.0,0.0,0.0,0.0,0.0,2000000,none,pmcx,3481278994,1.1929738066348828e-08,0.004014185999120239,0.00019481953366198485,0,6.551623173571787e-08,0.006278531983914534,0.0003090034576726467,0,11.448904400225729,1.0429103712101207e-06,1.234695903468409e-06,2.2533895226889075e-05,5.068174152968001e-05,
subject_00181_hemorrhage,subject_00181,subject_00181,subject_00181_hemorrhage.npz,1,complete,2.0,5.0,2.0,10.0,34.0,26.0,20.0,19.0,5.0,6.0,5.0,613.0,2000000,none,pmcx,3481278994,1.0142177221673172e-07,0.004024461111568138,0.00019471731393890809,0,6.373444919727523e-08,0.0062833425531605295,0.00030868232738065124,0,11.483885299880058,1.0429103712101207e-06,1.234695903468409e-06,2.2533895226889075e-05,5.068174152968001e-05,
subject_00182_healthy,subject_00182,subject_00182,subject_00182_healthy.npz,0,complete,3.0,6.0,1.0,11.0,-1.0,-1.0,-1.0,-1.0,0.0,0.0,0.0,0.0,2000000,none,pmcx,2768321042,1.6107859939469333e-09,0.0039843435421311885,0.00019671129466473596,0,2.778722254578854e-08,0.006171639911275967,0.0002998319677852909,0,11.5296289997641,8.128267096256123e-07,1.2946870939199063e-06,2.4785572998819658e-05,1.614653640287923e-05,
subject_00182_hemorrhage,subject_00182,subject_00182,subject_00182_hemorrhage.npz,1,complete,3.0,6.0,1.0,11.0,35.0,38.0,19.0,18.0,7.0,5.0,5.0,711.0,2000000,none,pmcx,2768321042,1.6074917716565855e-09,0.003999930426494512,0.00019717088304253301,0,2.6229005695749516e-08,0.006182552975846709,0.00030008696338309425,0,11.61269579990767,8.128267096256123e-07,1.2946870939199063e-06,2.4785572998819658e-05,1.614653640287923e-05,
subject_00183_healthy,subject_00183,subject_00183,subject_00183_healthy.npz,0,complete,2.0,7.0,1.0,11.0,-1.0,-1.0,-1.0,-1.0,0.0,0.0,0.0,0.0,2000000,none,pmcx,1924681383,6.369896454925494e-10,0.004273003426529654,0.000208565271678069,0,3.297007315356417e-09,0.006645020221578255,0.0003237643414554058,0,11.661879500141367,1.0326557834859221e-06,1.643385869478417e-06,2.189725509942151e-05,5.630580338922362e-05,
subject_00183_hemorrhage,subject_00183,subject_00183,subject_00183_hemorrhage.npz,1,complete,2.0,7.0,1.0,11.0,47.0,52.0,15.0,14.0,7.0,6.0,4.0,671.0,2000000,none,pmcx,1924681383,2.017272928926119e-09,0.004275417290562262,0.0002085195793680786,0,3.097963510766297e-09,0.006588714418189031,0.00032338871126318217,0,11.678183000069112,1.0326557834859221e-06,1.643385869478417e-06,2.189725509942151e-05,5.630580338922362e-05,
subject_00184_healthy,subject_00184,subject_00184,subject_00184_healthy.npz,0,complete,3.0,7.0,1.0,12.0,-1.0,-1.0,-1.0,-1.0,0.0,0.0,0.0,0.0,2000000,none,pmcx,2701373431,3.344786987491924e-09,0.004060750822906397,0.00019951771623072162,0,1.018584488214859e-09,0.006156157610176917,0.00030629964671233554,0,11.86692860070616,8.899885831278212e-07,1.5232384229669833e-06,2.712099321735325e-05,5.2644557518950405e-05,
subject_00184_hemorrhage,subject_00184,subject_00184,subject_00184_hemorrhage.npz,1,complete,3.0,7.0,1.0,12.0,51.0,28.0,16.0,15.0,6.0,6.0,4.0,585.0,2000000,none,pmcx,2701373431,2.586918394016969e-09,0.00406557553982701,0.00019902152491947704,0,9.823314121800584e-10,0.0061763057704751516,0.0003072626621790634,0,11.855168300447986,8.899885831278212e-07,1.5232384229669833e-06,2.712099321735325e-05,5.2644557518950405e-05,
subject_00185_healthy,subject_00185,subject_00185,subject_00185_healthy.npz,0,complete,3.0,6.0,1.0,11.0,-1.0,-1.0,-1.0,-1.0,0.0,0.0,0.0,0.0,2000000,none,pmcx,2598605520,4.667742047768702e-09,0.004030133450117045,0.0001941656183291258,0,3.6745483460316886e-08,0.0060242133623520265,0.00029630940739283005,0,11.98330880026333,6.125603008125829e-07,1.1917759848372943e-06,2.4017713029048007e-05,1.4559625921481672e-05,
subject_00185_hemorrhage,subject_00185,subject_00185,subject_00185_hemorrhage.npz,1,complete,3.0,6.0,1.0,11.0,31.0,50.0,21.0,20.0,7.0,7.0,4.0,805.0,2000000,none,pmcx,2598605520,4.4000294700311165e-10,0.004025840272282278,0.00019432965072888438,0,3.707449894266158e-08,0.006026100456449752,0.0002961349691494576,0,11.950823399471119,6.125603008125829e-07,1.1917759848372943e-06,2.4017713029048007e-05,1.4559625921481672e-05,
subject_00186_healthy,subject_00186,subject_00186,subject_00186_healthy.npz,0,complete,3.0,6.0,1.0,11.0,-1.0,-1.0,-1.0,-1.0,0.0,0.0,0.0,0.0,2000000,none,pmcx,4119049888,2.750098403525531e-09,0.004045225859359584,0.00019809572026576914,0,2.5304025551145126e-08,0.006451939271420179,0.00032493432605599457,0,11.874717099126428,6.286249167797312e-07,1.8146486310306671e-06,9.938899010638312e-06,3.296800981782231e-05,
subject_00186_hemorrhage,subject_00186,subject_00186,subject_00186_hemorrhage.npz,1,complete,3.0,6.0,1.0,11.0,38.0,51.0,16.0,15.0,7.0,6.0,4.0,671.0,2000000,none,pmcx,4119049888,8.543782526766657e-10,0.004047908227877291,0.000198310945413085,0,1.2360196690954793e-08,0.006466451021107508,0.0003251275252244329,0,11.901972300140187,6.286249167797312e-07,1.8146486310306671e-06,9.938899010638312e-06,3.296800981782231e-05,
subject_00187_healthy,subject_00187,subject_00187,subject_00187_healthy.npz,0,complete,3.0,7.0,1.0,12.0,-1.0,-1.0,-1.0,-1.0,0.0,0.0,0.0,0.0,2000000,none,pmcx,1996897018,3.041404925392929e-09,0.0039165330725107455,0.00019300640418692586,0,4.9561120049471576e-08,0.0062643902562905165,0.000314690741932579,0,11.636531200027093,1.1346937724686904e-06,1.8409384125969848e-06,2.4837581947537678e-05,2.581002274027345e-05,
subject_00187_hemorrhage,subject_00187,subject_00187,subject_00187_hemorrhage.npz,1,complete,3.0,7.0,1.0,12.0,33.0,46.0,16.0,15.0,6.0,7.0,4.0,671.0,2000000,none,pmcx,1996897018,1.907944042227657e-09,0.003941370654458283,0.00019310902487144582,0,8.264263692564718e-08,0.006285739802041415,0.00031416420634820894,0,11.620364299509674,1.1346937724686904e-06,1.8409384125969848e-06,2.4837581947537678e-05,2.581002274027345e-05,
subject_00188_healthy,subject_00188,subject_00188,subject_00188_healthy.npz,0,complete,2.0,7.0,2.0,12.0,-1.0,-1.0,-1.0,-1.0,0.0,0.0,0.0,0.0,2000000,none,pmcx,450308084,2.027568119836265e-08,0.004057414659621799,0.00019802704918817535,0,1.4579156530906522e-07,0.0063995464542795505,0.00031814697815018997,0,11.411456900183111,6.836616530522521e-07,1.60948197871522e-06,1.570937595207452e-05,3.0332814012868714e-05,
subject_00188_hemorrhage,subject_00188,subject_00188,subject_00188_hemorrhage.npz,1,complete,2.0,7.0,2.0,12.0,30.0,51.0,19.0,18.0,7.0,7.0,5.0,1023.0,2000000,none,pmcx,450308084,2.3859411342834306e-08,0.004054439695293686,0.00019806257949903105,0,1.7649063973467636e-07,0.006396289013596466,0.00031838976094738874,0,11.469227200141177,6.836616530522521e-07,1.60948197871522e-06,1.570937595207452e-05,3.0332814012868714e-05,
subject_00189_healthy,subject_00189,subject_00189,subject_00189_healthy.npz,0,complete,3.0,7.0,1.0,12.0,-1.0,-1.0,-1.0,-1.0,0.0,0.0,0.0,0.0,2000000,none,pmcx,2155161581,4.398221557191137e-10,0.0040706265115223,0.00020028284977019462,0,3.452548534691811e-08,0.0061654232262401635,0.00030713987421718736,0,11.728861700044945,7.00830313552446e-07,1.670067220723591e-06,2.330749797609371e-05,3.975570623752423e-05,
subject_00189_hemorrhage,subject_00189,subject_00189,subject_00189_hemorrhage.npz,1,complete,3.0,7.0,1.0,12.0,30.0,27.0,17.0,16.0,7.0,6.0,4.0,671.0,2000000,none,pmcx,2155161581,7.413903804922308e-10,0.004065407507002802,0.0002002422356987615,0,5.680289929956273e-08,0.006162465158916544,0.0003062236559466366,0,11.759278400568292,7.00830313552446e-07,1.670067220723591e-06,2.330749797609371e-05,3.975570623752423e-05,
subject_00190_healthy,subject_00190,subject_00190,subject_00190_healthy.npz,0,complete,3.0,7.0,2.0,13.0,-1.0,-1.0,-1.0,-1.0,0.0,0.0,0.0,0.0,2000000,none,pmcx,4085612306,5.544055889860322e-09,0.004236003409138607,0.00020816346900327104,0,3.2745404456952566e-08,0.006362829859457473,0.0003137871517873624,0,10.71113710058853,9.784544774923584e-07,1.4064949449879835e-06,1.8142061218822184e-05,1.7431796878156387e-05,
subject_00190_hemorrhage,subject_00190,subject_00190,subject_00190_hemorrhage.npz,1,complete,3.0,7.0,2.0,13.0,35.0,39.0,18.0,17.0,6.0,6.0,5.0,739.0,2000000,none,pmcx,4085612306,1.1510666149459894e-08,0.004240033059353764,0.00020834568551535856,0,2.989062504632353e-08,0.006380261656335629,0.00031393929911576683,0,10.767725700046867,9.784544774923584e-07,1.4064949449879835e-06,1.8142061218822184e-05,1.7431796878156387e-05,
subject_00191_healthy,subject_00191,subject_00191,subject_00191_healthy.npz,0,complete,3.0,6.0,2.0,12.0,-1.0,-1.0,-1.0,-1.0,0.0,0.0,0.0,0.0,2000000,none,pmcx,94475362,2.250179794457447e-08,0.003887457001327809,0.00019326687264527927,0,1.1281732081479555e-07,0.0062049164698975865,0.00031588107075455657,0,10.675802199635655,8.541515259340997e-07,1.5360176320687734e-06,1.7181538818769344e-05,2.583784164199559e-05,
subject_00191_hemorrhage,subject_00191,subject_00191,subject_00191_hemorrhage.npz,1,complete,3.0,6.0,2.0,12.0,34.0,53.0,19.0,18.0,7.0,7.0,4.0,805.0,2000000,none,pmcx,94475362,1.9608100379394155e-08,0.0038941414463143746,0.00019357983998780215,0,1.1753497493590731e-07,0.006209716404240944,0.0003162410165933212,0,10.771908100228757,8.541515259340997e-07,1.5360176320687734e-06,1.7181538818769344e-05,2.583784164199559e-05,
subject_00192_healthy,subject_00192,subject_00192,subject_00192_healthy.npz,0,complete,2.0,5.0,1.0,9.0,-1.0,-1.0,-1.0,-1.0,0.0,0.0,0.0,0.0,2000000,none,pmcx,823364516,3.418650607563071e-10,0.003999585621929285,0.00019501073328580316,0,2.545220394433135e-08,0.006057866565430881,0.0002928939577531434,0,12.061598599888384,7.290251740502496e-07,1.1370937764789922e-06,1.2038268054199086e-05,1.7788868808434402e-05,
subject_00192_hemorrhage,subject_00192,subject_00192,subject_00192_hemorrhage.npz,1,complete,2.0,5.0,1.0,9.0,37.0,41.0,19.0,18.0,7.0,6.0,4.0,671.0,2000000,none,pmcx,823364516,3.190709005449764e-10,0.003991667066228577,0.0001952761120491601,0,2.5373432406469777e-08,0.006040077696622447,0.0002927421329078755,0,12.04847660055384,7.290251740502496e-07,1.1370937764789922e-06,1.2038268054199086e-05,1.7788868808434402e-05,
subject_00193_healthy,subject_00193,subject_00193,subject_00193_healthy.npz,0,complete,3.0,6.0,1.0,11.0,-1.0,-1.0,-1.0,-1.0,0.0,0.0,0.0,0.0,2000000,none,pmcx,1630026927,2.7750355365759185e-09,0.003837831265656211,0.00018572426720860947,0,5.7103484483443274e-09,0.006118807314597056,0.00029828662200038396,0,11.661732199601829,1.027185337769605e-06,1.4292815741894818e-06,2.6799097948467573e-05,4.3375744415205704e-05,
subject_00193_hemorrhage,subject_00193,subject_00193,subject_00193_hemorrhage.npz,1,complete,3.0,6.0,1.0,11.0,37.0,26.0,21.0,20.0,7.0,7.0,4.0,805.0,2000000,none,pmcx,1630026927,2.7749911367002995e-09,0.0038254561567592333,0.00018577715867520718,0,3.6417786332750236e-08,0.006101641114178598,0.00029742770052399147,0,11.640814300160855,1.027185337769605e-06,1.4292815741894818e-06,2.6799097948467573e-05,4.3375744415205704e-05,
subject_00194_healthy,subject_00194,subject_00194,subject_00194_healthy.npz,0,complete,3.0,6.0,1.0,11.0,-1.0,-1.0,-1.0,-1.0,0.0,0.0,0.0,0.0,2000000,none,pmcx,1364990292,2.6036637895756177e-09,0.004277202643502811,0.0002131775079799916,0,1.689890661249396e-08,0.006061201770258642,0.0002956892241045179,0,11.607615000801161,9.672054293289911e-07,1.3190767173148135e-06,1.405109499717002e-05,1.90346620688904e-05,
subject_00194_hemorrhage,subject_00194,subject_00194,subject_00194_hemorrhage.npz,1,complete,3.0,6.0,1.0,11.0,47.0,52.0,19.0,18.0,6.0,7.0,4.0,671.0,2000000,none,pmcx,1364990292,2.629573616557567e-09,0.0042656148314320136,0.00021319340012086925,0,1.688569376231058e-08,0.006047881756122302,0.00029625921366693495,0,11.536056800046936,9.672054293289911e-07,1.3190767173148135e-06,1.405109499717002e-05,1.90346620688904e-05,
subject_00195_healthy,subject_00195,subject_00195,subject_00195_healthy.npz,0,complete,2.0,6.0,2.0,11.0,-1.0,-1.0,-1.0,-1.0,0.0,0.0,0.0,0.0,2000000,none,pmcx,305050689,6.330077517066593e-09,0.004090998794832594,0.00020503652669597543,0,2.0810931220295759e-07,0.0063140723543729585,0.00030472370121514266,0,11.075852699344978,1.007160985543409e-06,1.5182706463298782e-06,2.4737561702829584e-05,4.80374970082912e-05,
subject_00195_hemorrhage,subject_00195,subject_00195,subject_00195_hemorrhage.npz,1,complete,2.0,6.0,2.0,11.0,48.0,49.0,19.0,18.0,7.0,6.0,5.0,877.0,2000000,none,pmcx,305050689,6.605134218389315e-09,0.004106644625074329,0.00020503825069429052,0,2.0382890027652013e-07,0.006280392076039346,0.0003037891710942382,0,11.17274760059081,1.007160985543409e-06,1.5182706463298782e-06,2.4737561702829584e-05,4.80374970082912e-05,
subject_00196_healthy,subject_00196,subject_00196,subject_00196_healthy.npz,0,complete,3.0,6.0,1.0,11.0,-1.0,-1.0,-1.0,-1.0,0.0,0.0,0.0,0.0,2000000,none,pmcx,4286211383,4.5531859623967566e-10,0.003922622734782927,0.00019290952437092863,0,3.07194298998682e-08,0.0064147100100473845,0.000322097669635023,0,12.11505619972013,1.0801982820440743e-06,1.2606549597260606e-06,3.126578889614453e-05,2.0541419331274353e-05,
subject_00196_hemorrhage,subject_00196,subject_00196,subject_00196_hemorrhage.npz,1,complete,3.0,6.0,1.0,11.0,32.0,32.0,18.0,17.0,6.0,5.0,4.0,491.0,2000000,none,pmcx,4286211383,7.086089499917912e-10,0.0039538885236790715,0.00019298865916684177,0,3.061846440934846e-08,0.006419458834827076,0.00032225929046989914,0,12.19681080011651,1.0801982820440743e-06,1.2606549597260606e-06,3.126578889614453e-05,2.0541419331274353e-05,
subject_00197_healthy,subject_00197,subject_00197,subject_00197_healthy.npz,0,complete,2.0,6.0,1.0,10.0,-1.0,-1.0,-1.0,-1.0,0.0,0.0,0.0,0.0,2000000,none,pmcx,1676813137,8.592327823597007e-10,0.0041950022189213825,0.00020865497465566256,0,1.2309893476711653e-08,0.006274598872063059,0.00030190566159109586,0,11.822054099990055,1.0616787606984483e-06,1.2188910967188686e-06,3.138863300059056e-05,1.7541090420318626e-05,
subject_00197_hemorrhage,subject_00197,subject_00197,subject_00197_hemorrhage.npz,1,complete,2.0,6.0,1.0,10.0,33.0,25.0,21.0,20.0,6.0,7.0,5.0,877.0,2000000,none,pmcx,1676813137,2.468730143031997e-09,0.004207808534819762,0.00020825626115315683,0,1.2257713170443241e-08,0.006277477331068546,0.0003019936850999466,0,11.785323399817571,1.0616787606984483e-06,1.2188910967188686e-06,3.138863300059056e-05,1.7541090420318626e-05,
subject_00198_healthy,subject_00198,subject_00198,subject_00198_healthy.npz,0,complete,2.0,6.0,1.0,10.0,-1.0,-1.0,-1.0,-1.0,0.0,0.0,0.0,0.0,2000000,none,pmcx,1774759103,7.97944483561611e-10,0.00412644477500634,0.0001993569535920783,0,2.579254372276095e-08,0.006454232259333432,0.00031253450328069647,0,11.632366999983788,1.086387917849288e-06,1.5430551050834732e-06,1.9331641382849644e-05,2.2966121963916312e-05,
subject_00198_hemorrhage,subject_00198,subject_00198,subject_00198_hemorrhage.npz,1,complete,2.0,6.0,1.0,10.0,32.0,54.0,14.0,13.0,5.0,5.0,4.0,417.0,2000000,none,pmcx,1774759103,1.0730420241226476e-08,0.00414114570658486,0.0001993075467230586,0,2.5255911231859334e-08,0.006439566300287074,0.00031178802209562624,0,11.54843520000577,1.086387917849288e-06,1.5430551050834732e-06,1.9331641382849644e-05,2.2966121963916312e-05,
subject_00199_healthy,subject_00199,subject_00199,subject_00199_healthy.npz,0,complete,2.0,7.0,1.0,11.0,-1.0,-1.0,-1.0,-1.0,0.0,0.0,0.0,0.0,2000000,none,pmcx,477597655,1.6704950132833672e-09,0.004247984270366846,0.0002086854046938879,0,1.866295955512601e-09,0.006453415079739331,0.00031963854412061707,0,11.773091299925,7.331050648324587e-07,1.1955481141538083e-06,1.0219661444878583e-05,1.9530271077242492e-05,
subject_00199_hemorrhage,subject_00199,subject_00199,subject_00199_hemorrhage.npz,1,complete,2.0,7.0,1.0,11.0,42.0,46.0,21.0,20.0,5.0,6.0,4.0,491.0,2000000,none,pmcx,477597655,1.6416934880350124e-09,0.004254557650561615,0.00020898506125667716,0,1.7730414416067403e-09,0.0064709360250454415,0.0003195339489689265,0,11.832368400646374,7.331050648324587e-07,1.1955481141538083e-06,1.0219661444878583e-05,1.9530271077242492e-05,
subject_00200_healthy,subject_00200,subject_00200,subject_00200_healthy.npz,0,complete,2.0,6.0,1.0,10.0,-1.0,-1.0,-1.0,-1.0,0.0,0.0,0.0,0.0,2000000,none,pmcx,834015084,5.398310938016883e-10,0.004219032742552723,0.00020532167993606213,0,3.071313084586671e-08,0.0061673062649441595,0.00030112703821461864,0,11.820357200223953,7.103582474383972e-07,1.4582028162320245e-06,1.5024021253345638e-05,4.479659378687183e-05,
subject_00200_hemorrhage,subject_00200,subject_00200,subject_00200_hemorrhage.npz,1,complete,2.0,6.0,1.0,10.0,43.0,45.0,17.0,16.0,6.0,7.0,5.0,877.0,2000000,none,pmcx,834015084,7.980119259938112e-10,0.004225317315966105,0.00020533115372456677,0,1.1165177965755924e-08,0.00616817906942758,0.00030116679056400907,0,11.796520399395376,7.103582474383972e-07,1.4582028162320245e-06,1.5024021253345638e-05,4.479659378687183e-05,
subject_00201_healthy,subject_00201,subject_00201,subject_00201_healthy.npz,0,complete,2.0,5.0,2.0,10.0,-1.0,-1.0,-1.0,-1.0,0.0,0.0,0.0,0.0,2000000,none,pmcx,866085238,1.54161786006385e-08,0.003907057715831522,0.00019000801100576547,0,7.953752908097617e-08,0.0060502029338204534,0.0002914656568382323,0,11.489544900367036,8.617956773756208e-07,1.2459937719837423e-06,3.394759834630815e-05,3.1634978318445355e-05,
subject_00201_hemorrhage,subject_00201,subject_00201,subject_00201_hemorrhage.npz,1,complete,2.0,5.0,2.0,10.0,51.0,44.0,19.0,18.0,6.0,5.0,4.0,491.0,2000000,none,pmcx,866085238,1.5419910962981805e-08,0.003907354027269793,0.0001903852578687528,0,9.634371529977428e-08,0.006063388647269979,0.0002916585293789223,0,11.52196169947274,8.617956773756208e-07,1.2459937719837423e-06,3.394759834630815e-05,3.1634978318445355e-05,
subject_00202_healthy,subject_00202,subject_00202,subject_00202_healthy.npz,0,complete,3.0,6.0,2.0,12.0,-1.0,-1.0,-1.0,-1.0,0.0,0.0,0.0,0.0,2000000,none,pmcx,1407852563,1.4239967482578979e-08,0.004056292452012413,0.0002002248808376398,0,1.3358350557507337e-07,0.006258111674388106,0.0003099608213290583,0,11.092846400570124,9.1368452271644e-07,1.5357877718468114e-06,2.8702752617147664e-05,6.146426382163967e-05,
subject_00202_hemorrhage,subject_00202,subject_00202,subject_00202_hemorrhage.npz,1,complete,3.0,6.0,2.0,12.0,43.0,55.0,19.0,18.0,5.0,7.0,4.0,577.0,2000000,none,pmcx,1407852563,1.2775578588498068e-08,0.004084995204629561,0.0002004376650524385,0,1.3812730243223068e-07,0.006196647410566467,0.00030943769875844913,0,11.100836400408298,9.1368452271644e-07,1.5357877718468114e-06,2.8702752617147664e-05,6.146426382163967e-05,
subject_00203_healthy,subject_00203,subject_00203,subject_00203_healthy.npz,0,complete,3.0,6.0,1.0,11.0,-1.0,-1.0,-1.0,-1.0,0.0,0.0,0.0,0.0,2000000,none,pmcx,425879744,6.037865868859303e-09,0.004076984267300337,0.00020163581098044868,0,6.407351917820348e-09,0.006077191066285193,0.0002985127522118782,0,11.58845670032315,9.316676690643214e-07,9.246308081173472e-07,2.618104201115184e-05,2.17476666467696e-05,
subject_00203_hemorrhage,subject_00203,subject_00203,subject_00203_hemorrhage.npz,1,complete,3.0,6.0,1.0,11.0,35.0,23.0,19.0,18.0,7.0,5.0,4.0,577.0,2000000,none,pmcx,425879744,5.1673333551168975e-09,0.004074335286815581,0.00020166727253533105,0,7.406767244888958e-09,0.006077763645278858,0.0002985554495332025,0,11.596096399705857,9.316676690643214e-07,9.246308081173472e-07,2.618104201115184e-05,2.17476666467696e-05,
subject_00204_healthy,subject_00204,subject_00204,subject_00204_healthy.npz,0,complete,3.0,7.0,2.0,13.0,-1.0,-1.0,-1.0,-1.0,0.0,0.0,0.0,0.0,2000000,none,pmcx,2713082337,2.268943622361624e-08,0.004078459783647917,0.00020148477307605316,0,4.027638789386875e-08,0.006252973991976359,0.00031201385480177947,0,10.973558200290427,1.264617210704273e-06,1.71881701536133e-06,4.8388499397139e-05,3.608998467186531e-05,
subject_00204_hemorrhage,subject_00204,subject_00204,subject_00204_hemorrhage.npz,1,complete,3.0,7.0,2.0,13.0,32.0,42.0,20.0,19.0,5.0,6.0,4.0,491.0,2000000,none,pmcx,2713082337,2.2750609721470316e-08,0.004096955935747653,0.00020155850666281848,0,3.720594732034216e-08,0.006216884007304494,0.00031155051080689863,0,11.002286199945956,1.264617210704273e-06,1.71881701536133e-06,4.8388499397139e-05,3.608998467186531e-05,
subject_00205_healthy,subject_00205,subject_00205,subject_00205_healthy.npz,0,complete,3.0,6.0,2.0,12.0,-1.0,-1.0,-1.0,-1.0,0.0,0.0,0.0,0.0,2000000,none,pmcx,2329137152,4.3434521962859655e-08,0.003863214611216577,0.00019147294538502288,0,2.5630552643648367e-07,0.00633232857628543,0.0003153559298099655,0,10.87831769976765,8.721694574432152e-07,1.5188122137399797e-06,1.8312469163165278e-05,2.7992203086953625e-05,
subject_00205_hemorrhage,subject_00205,subject_00205,subject_00205_hemorrhage.npz,1,complete,3.0,6.0,2.0,12.0,39.0,54.0,17.0,16.0,7.0,7.0,5.0,1023.0,2000000,none,pmcx,2329137152,2.31361974970547e-08,0.0038701248420684588,0.00019183490175153485,0,1.8342779189966805e-07,0.006304336373198476,0.0003154226729490422,0,10.936350900679827,8.721694574432152e-07,1.5188122137399797e-06,1.8312469163165278e-05,2.7992203086953625e-05,
subject_00206_healthy,subject_00206,subject_00206,subject_00206_healthy.npz,0,complete,2.0,7.0,1.0,11.0,-1.0,-1.0,-1.0,-1.0,0.0,0.0,0.0,0.0,2000000,none,pmcx,1818192850,1.6204894082030129e-09,0.0042993953867399865,0.0002079987857759041,0,2.1732289025533155e-08,0.006426670437293215,0.00031576551953970116,0,11.409616000251845,9.045314853038163e-07,1.8021791993471284e-06,2.2301651086133537e-05,3.765173680835693e-05,
subject_00206_hemorrhage,subject_00206,subject_00206,subject_00206_hemorrhage.npz,1,complete,2.0,7.0,1.0,11.0,30.0,47.0,17.0,16.0,7.0,7.0,4.0,805.0,2000000,none,pmcx,1818192850,2.670487481919357e-10,0.004292968122477826,0.0002079998784229492,0,3.8861595822067353e-08,0.006399358020046387,0.000315121490416892,0,11.395748399663717,9.045314853038163e-07,1.8021791993471284e-06,2.2301651086133537e-05,3.765173680835693e-05,
subject_00207_healthy,subject_00207,subject_00207,subject_00207_healthy.npz,0,complete,3.0,5.0,2.0,11.0,-1.0,-1.0,-1.0,-1.0,0.0,0.0,0.0,0.0,2000000,none,pmcx,3296793467,3.926123675676479e-08,0.003927444146372535,0.0001933731554873038,0,2.4348271751704454e-07,0.006228260988507563,0.00030999167295233505,0,11.472230199724436,1.2240820570725745e-06,1.3501381645017384e-06,3.11758135974464e-05,2.8114695779678754e-05,
subject_00207_hemorrhage,subject_00207,subject_00207,subject_00207_hemorrhage.npz,1,complete,3.0,5.0,2.0,11.0,36.0,35.0,17.0,16.0,7.0,6.0,4.0,671.0,2000000,none,pmcx,3296793467,7.238565805299029e-08,0.003897664910287907,0.00019263338011984226,0,2.560646213150796e-07,0.006243182140809745,0.0003101120977613982,0,11.503104400355369,1.2240820570725745e-06,1.3501381645017384e-06,3.11758135974464e-05,2.8114695779678754e-05,
subject_00208_healthy,subject_00208,subject_00208,subject_00208_healthy.npz,0,complete,3.0,5.0,2.0,11.0,-1.0,-1.0,-1.0,-1.0,0.0,0.0,0.0,0.0,2000000,none,pmcx,549616097,6.464404279588466e-08,0.0038945478563450725,0.0001907377110733519,0,1.6967210501439185e-07,0.006064415865163193,0.00029867343385744677,0,10.794734599534422,1.0744819520456437e-06,1.9103314923033763e-06,2.041538525160121e-05,4.6655324206616895e-05,
subject_00208_hemorrhage,subject_00208,subject_00208,subject_00208_hemorrhage.npz,1,complete,3.0,5.0,2.0,11.0,42.0,31.0,16.0,15.0,6.0,6.0,5.0,739.0,2000000,none,pmcx,549616097,5.0704721001749146e-08,0.003914963241596674,0.00019093130542208715,0,1.4638935614245786e-07,0.006053916312318522,0.0002988640777426152,0,10.77804320002906,1.0744819520456437e-06,1.9103314923033763e-06,2.041538525160121e-05,4.6655324206616895e-05,
subject_00209_healthy,subject_00209,subject_00209,subject_00209_healthy.npz,0,complete,3.0,6.0,2.0,12.0,-1.0,-1.0,-1.0,-1.0,0.0,0.0,0.0,0.0,2000000,none,pmcx,2642363315,2.556148316403491e-08,0.004021320757911859,0.00019549024833967487,0,1.0525033267719623e-07,0.006163647954642885,0.0002998929070929614,0,10.906035100342706,1.1835737508734564e-06,1.751875571154965e-06,2.6401771207435268e-05,4.7391707391067524e-05,
subject_00209_hemorrhage,subject_00209,subject_00209,subject_00209_hemorrhage.npz,1,complete,3.0,6.0,2.0,12.0,41.0,29.0,21.0,20.0,6.0,5.0,4.0,491.0,2000000,none,pmcx,2642363315,2.556171128607535e-08,0.00400947910654052,0.0001952010991252541,0,8.493055870142553e-08,0.006177290493799182,0.0003007657176523896,0,10.880875599803403,1.1835737508734564e-06,1.751875571154965e-06,2.6401771207435268e-05,4.7391707391067524e-05,
subject_00210_healthy,subject_00210,subject_00210,subject_00210_healthy.npz,0,complete,3.0,7.0,2.0,13.0,-1.0,-1.0,-1.0,-1.0,0.0,0.0,0.0,0.0,2000000,none,pmcx,2967096342,9.63215132476017e-09,0.004008078475591535,0.00019731602822093775,0,1.0265592331038065e-07,0.00613769582720556,0.0003030211359419531,0,11.033419699873775,1.0815544535765194e-06,9.480901383497228e-07,4.054467823006065e-05,1.5459664106846557e-05,
subject_00210_hemorrhage,subject_00210,subject_00210,subject_00210_hemorrhage.npz,1,complete,3.0,7.0,2.0,13.0,46.0,24.0,20.0,19.0,6.0,5.0,4.0,491.0,2000000,none,pmcx,2967096342,1.1140077584149587e-08,0.004029126312289475,0.0001975871190566783,0,1.0270395037344548e-07,0.00614872286869898,0.0003033135547353842,0,10.965462799649686,1.0815544535765194e-06,9.480901383497228e-07,4.054467823006065e-05,1.5459664106846557e-05,
subject_00211_healthy,subject_00211,subject_00211,subject_00211_healthy.npz,0,complete,3.0,6.0,2.0,12.0,-1.0,-1.0,-1.0,-1.0,0.0,0.0,0.0,0.0,2000000,none,pmcx,3029474197,3.541973586038451e-08,0.004158980143532107,0.00020700734249544384,0,9.951093450218743e-08,0.006290774117390798,0.00031210787939677323,0,11.15367120015435,1.2069522491146596e-06,1.329707117144066e-06,3.5756219302197564e-05,2.143522448736293e-05,
subject_00211_hemorrhage,subject_00211,subject_00211,subject_00211_hemorrhage.npz,1,complete,3.0,6.0,2.0,12.0,45.0,29.0,18.0,17.0,7.0,7.0,4.0,805.0,2000000,none,pmcx,3029474197,3.4932734794418034e-08,0.004130798243332954,0.00020624646197800602,0,1.2954096061719248e-07,0.006269338892903435,0.0003118874082388778,0,11.207933499943465,1.2069522491146596e-06,1.329707117144066e-06,3.5756219302197564e-05,2.143522448736293e-05,
subject_00212_healthy,subject_00212,subject_00212,subject_00212_healthy.npz,0,complete,2.0,6.0,1.0,10.0,-1.0,-1.0,-1.0,-1.0,0.0,0.0,0.0,0.0,2000000,none,pmcx,1521911130,1.9385130366097912e-09,0.004096796735027872,0.00020167862991494784,0,5.133715972296354e-08,0.00628470695579986,0.0003111400830802441,0,11.916881199926138,8.115841599473047e-07,1.2856926075069753e-06,1.9104899772805564e-05,2.0290521947736832e-05,
subject_00212_hemorrhage,subject_00212,subject_00212,subject_00212_hemorrhage.npz,1,complete,2.0,6.0,1.0,10.0,47.0,30.0,18.0,17.0,5.0,7.0,4.0,577.0,2000000,none,pmcx,1521911130,9.063635838747975e-10,0.00408164481608039,0.00020136377035780075,0,4.1499446763128705e-08,0.006300397536632993,0.00031096271489396685,0,11.95330350031145,8.115841599473047e-07,1.2856926075069753e-06,1.9104899772805564e-05,2.0290521947736832e-05,
subject_00213_healthy,subject_00213,subject_00213,subject_00213_healthy.npz,0,complete,3.0,6.0,2.0,12.0,-1.0,-1.0,-1.0,-1.0,0.0,0.0,0.0,0.0,2000000,none,pmcx,1884670252,1.6746056157625732e-08,0.003906630818249894,0.00019120541896968618,0,1.5856550882934063e-07,0.006286903950488885,0.0003138916405448624,0,10.890442099422216,8.276074278662887e-07,1.5184286632595026e-06,1.8503903231130957e-05,3.422181919121928e-05,
subject_00213_hemorrhage,subject_00213,subject_00213,subject_00213_hemorrhage.npz,1,complete,3.0,6.0,2.0,12.0,30.0,24.0,18.0,17.0,6.0,6.0,4.0,585.0,2000000,none,pmcx,1884670252,1.385224076791577e-08,0.00392030360150932,0.00019107884777549368,0,1.482279295291003e-07,0.0062922396421710575,0.00031387298757573574,0,10.848305999999866,8.276074278662887e-07,1.5184286632595026e-06,1.8503903231130957e-05,3.422181919121928e-05,
subject_00214_healthy,subject_00214,subject_00214,subject_00214_healthy.npz,0,complete,3.0,7.0,1.0,12.0,-1.0,-1.0,-1.0,-1.0,0.0,0.0,0.0,0.0,2000000,none,pmcx,2275152526,1.0037982901968051e-08,0.00413541856151709,0.00020620809130518302,0,1.4465933226473004e-08,0.006377762660008326,0.0003174102987508736,0,11.557033400516957,9.293531682791862e-07,1.4713707113726796e-06,3.199961900253109e-05,4.989522548528528e-05,
subject_00214_hemorrhage,subject_00214,subject_00214,subject_00214_hemorrhage.npz,1,complete,3.0,7.0,1.0,12.0,51.0,53.0,18.0,17.0,5.0,6.0,5.0,613.0,2000000,none,pmcx,2275152526,1.0054992564104427e-08,0.004145085800441621,0.00020639142213398103,0,2.2028624186247227e-08,0.006398550614759591,0.00031740691097928756,0,11.573000800330192,9.293531682791862e-07,1.4713707113726796e-06,3.199961900253109e-05,4.989522548528528e-05,
subject_00215_healthy,subject_00215,subject_00215,subject_00215_healthy.npz,0,complete,3.0,7.0,1.0,12.0,-1.0,-1.0,-1.0,-1.0,0.0,0.0,0.0,0.0,2000000,none,pmcx,251623277,3.0262383063068336e-09,0.003881291855804472,0.00019037631796946193,0,1.8553203344068846e-08,0.006118848163160485,0.00030496764300408553,0,11.597513399552554,8.896912166778364e-07,1.3809328367228222e-06,1.4892179346642428e-05,2.1844217793469704e-05,
subject_00215_hemorrhage,subject_00215,subject_00215,subject_00215_hemorrhage.npz,1,complete,3.0,7.0,1.0,12.0,34.0,55.0,20.0,19.0,6.0,7.0,5.0,877.0,2000000,none,pmcx,251623277,3.026224621720856e-09,0.0038785459557430764,0.0001907002594474985,0,1.860732585423787e-08,0.006100893402838038,0.00030460231873797276,0,11.63007149938494,8.896912166778364e-07,1.3809328367228222e-06,1.4892179346642428e-05,2.1844217793469704e-05,
subject_00216_healthy,subject_00216,subject_00216,subject_00216_healthy.npz,0,complete,2.0,5.0,1.0,9.0,-1.0,-1.0,-1.0,-1.0,0.0,0.0,0.0,0.0,2000000,none,pmcx,294783224,2.502377842747372e-09,0.004256325059159771,0.00020392978213993059,0,2.2471164293403255e-08,0.006228037997395864,0.0003025527040047903,0,12.070381299825385,6.688976263617051e-07,1.9052496035808669e-06,1.1226552059677083e-05,3.423080768900563e-05,
subject_00216_hemorrhage,subject_00216,subject_00216,subject_00216_hemorrhage.npz,1,complete,2.0,5.0,1.0,9.0,42.0,48.0,15.0,14.0,6.0,7.0,5.0,877.0,2000000,none,pmcx,294783224,1.5200277418267638e-08,0.004260397737861372,0.0002039378164361587,0,2.2477759687216833e-08,0.006257296066794468,0.0003029821942367217,0,12.103246200131252,6.688976263617051e-07,1.9052496035808669e-06,1.1226552059677083e-05,3.423080768900563e-05,
subject_00217_healthy,subject_00217,subject_00217,subject_00217_healthy.npz,0,complete,3.0,7.0,2.0,13.0,-1.0,-1.0,-1.0,-1.0,0.0,0.0,0.0,0.0,2000000,none,pmcx,396485798,9.673209001402467e-09,0.004053561374691812,0.00020135843203204805,0,1.6054663640143834e-07,0.006258383723139448,0.00030800182994066016,0,11.08598620025441,1.070153931047504e-06,1.42974109388253e-06,2.7013798842945996e-05,4.562140549948558e-05,
subject_00217_hemorrhage,subject_00217,subject_00217,subject_00217_hemorrhage.npz,1,complete,3.0,7.0,2.0,13.0,35.0,45.0,20.0,19.0,5.0,5.0,5.0,515.0,2000000,none,pmcx,396485798,7.163424287928268e-09,0.004080575173534758,0.0002012219041851684,0,1.0569934623784126e-07,0.006212762317639962,0.0003073616668147549,0,11.10918749962002,1.070153931047504e-06,1.42974109388253e-06,2.7013798842945996e-05,4.562140549948558e-05,
subject_00218_healthy,subject_00218,subject_00218,subject_00218_healthy.npz,0,complete,2.0,5.0,2.0,10.0,-1.0,-1.0,-1.0,-1.0,0.0,0.0,0.0,0.0,2000000,none,pmcx,2067975367,6.355901928869643e-08,0.003975355841957548,0.00019594697741037826,0,2.2080886186556007e-07,0.006206104071032846,0.0003006730760996218,0,11.366425799904391,7.292329172195982e-07,8.019918575701433e-07,1.091167088272671e-05,1.0343617194033192e-05,
subject_00218_hemorrhage,subject_00218,subject_00218,subject_00218_hemorrhage.npz,1,complete,2.0,5.0,2.0,10.0,49.0,33.0,19.0,18.0,6.0,7.0,5.0,877.0,2000000,none,pmcx,2067975367,6.338154830321857e-08,0.003964444171074821,0.0001957613733122454,0,2.9266263139593707e-07,0.006195760453838813,0.00030083303555946084,0,11.322837800253183,7.292329172195982e-07,8.019918575701433e-07,1.091167088272671e-05,1.0343617194033192e-05,
subject_00219_healthy,subject_00219,subject_00219,subject_00219_healthy.npz,0,complete,2.0,7.0,1.0,11.0,-1.0,-1.0,-1.0,-1.0,0.0,0.0,0.0,0.0,2000000,none,pmcx,4013411488,6.319541123367117e-10,0.0041105310437416385,0.00020038919663828978,0,1.4407007935597199e-08,0.006207042396694936,0.0002968563436183432,0,11.810791699681431,6.860410599655278e-07,1.2063440000381285e-06,2.5945768788656308e-05,3.047894520782305e-05,
subject_00219_hemorrhage,subject_00219,subject_00219,subject_00219_hemorrhage.npz,1,complete,2.0,7.0,1.0,11.0,50.0,50.0,15.0,14.0,5.0,6.0,4.0,491.0,2000000,none,pmcx,4013411488,6.359776002333543e-10,0.004111057042579725,0.00020048149623123372,0,1.4408562173882321e-08,0.006198570264032166,0.0002964456425196279,0,11.872417700709775,6.860410599655278e-07,1.2063440000381285e-06,2.5945768788656308e-05,3.047894520782305e-05,
subject_00220_healthy,subject_00220,subject_00220,subject_00220_healthy.npz,0,complete,2.0,6.0,1.0,10.0,-1.0,-1.0,-1.0,-1.0,0.0,0.0,0.0,0.0,2000000,none,pmcx,3297069038,2.50063737947867e-09,0.004096225922884834,0.0001998138197947142,0,2.6190090770253262e-08,0.0063497218749563305,0.00030464331220283504,0,11.843278198968619,6.215105072431933e-07,1.2031306089144238e-06,1.4234971408004504e-05,1.522951656581016e-05,
subject_00220_hemorrhage,subject_00220,subject_00220,subject_00220_hemorrhage.npz,1,complete,2.0,6.0,1.0,10.0,36.0,40.0,21.0,20.0,6.0,5.0,4.0,491.0,2000000,none,pmcx,3297069038,3.792640228731446e-09,0.004095526904086369,0.00020003762592138864,0,2.607990026844169e-08,0.006348266186551353,0.0003047070645371774,0,11.903214000863954,6.215105072431933e-07,1.2031306089144238e-06,1.4234971408004504e-05,1.522951656581016e-05,
subject_00221_healthy,subject_00221,subject_00221,subject_00221_healthy.npz,0,complete,2.0,5.0,2.0,10.0,-1.0,-1.0,-1.0,-1.0,0.0,0.0,0.0,0.0,2000000,none,pmcx,28590948,2.305956156553036e-08,0.004007496963396515,0.00019810007752777385,0,2.2211175314924797e-07,0.006328846831431718,0.0003114041300931594,0,11.105475300224498,8.177897194503379e-07,1.5284855832537774e-06,1.9703042829942972e-05,2.0793184405015416e-05,
subject_00221_hemorrhage,subject_00221,subject_00221,subject_00221_hemorrhage.npz,1,complete,2.0,5.0,2.0,10.0,44.0,44.0,19.0,18.0,5.0,6.0,5.0,613.0,2000000,none,pmcx,28590948,2.305866223436926e-08,0.004002470797130694,0.00019805015355377448,0,2.5719361474430206e-07,0.006349640015836733,0.00031176887890534144,0,11.1194072002545,8.177897194503379e-07,1.5284855832537774e-06,1.9703042829942972e-05,2.0793184405015416e-05,
subject_00222_healthy,subject_00222,subject_00222,subject_00222_healthy.npz,0,complete,2.0,6.0,2.0,11.0,-1.0,-1.0,-1.0,-1.0,0.0,0.0,0.0,0.0,2000000,none,pmcx,14116359,1.0517002864629757e-08,0.004099937051574059,0.0002006257806051345,0,1.5456345797582888e-07,0.0061547850225384115,0.00029841540125626303,0,11.299453099956736,1.0345450600766116e-06,1.4842507935425458e-06,2.532298528458584e-05,2.27738119525857e-05,
subject_00222_hemorrhage,subject_00222,subject_00222,subject_00222_hemorrhage.npz,1,complete,2.0,6.0,2.0,11.0,30.0,51.0,16.0,15.0,5.0,5.0,5.0,515.0,2000000,none,pmcx,14116359,1.4226222325573704e-08,0.004116725445371699,0.00020085520680971906,0,1.983856247539306e-07,0.0061663838922064425,0.0002979176558275567,0,11.287681800546125,1.0345450600766116e-06,1.4842507935425458e-06,2.532298528458584e-05,2.27738119525857e-05,
subject_00223_healthy,subject_00223,subject_00223,subject_00223_healthy.npz,0,complete,3.0,6.0,2.0,12.0,-1.0,-1.0,-1.0,-1.0,0.0,0.0,0.0,0.0,2000000,none,pmcx,2731395316,1.3583854083145202e-08,0.0041433259590000155,0.0002044597380238201,0,3.6558548930827586e-08,0.006134267814903554,0.00030178984896367373,0,11.060413000406697,8.769000704818672e-07,1.307602024366992e-06,2.281080745453884e-05,1.682758178550407e-05,
subject_00223_hemorrhage,subject_00223,subject_00223,subject_00223_hemorrhage.npz,1,complete,3.0,6.0,2.0,12.0,41.0,31.0,16.0,15.0,5.0,5.0,4.0,417.0,2000000,none,pmcx,2731395316,1.5118698140286266e-08,0.004149276087640319,0.00020466754739393743,0,3.873614988847582e-08,0.0061289987765244846,0.0003018176216652254,0,11.103704399894923,8.769000704818672e-07,1.307602024366992e-06,2.281080745453884e-05,1.682758178550407e-05,
subject_00224_healthy,subject_00224,subject_00224,subject_00224_healthy.npz,0,complete,2.0,7.0,1.0,11.0,-1.0,-1.0,-1.0,-1.0,0.0,0.0,0.0,0.0,2000000,none,pmcx,692043725,5.094668898738523e-10,0.004077453770233247,0.00020168388973954755,0,2.312113988974411e-08,0.006423401510142971,0.00031125935533124585,0,12.089568000752479,9.349595040573636e-07,1.5825610608221739e-06,2.9360843852591946e-05,4.883272309168761e-05,
subject_00224_hemorrhage,subject_00224,subject_00224,subject_00224_hemorrhage.npz,1,complete,2.0,7.0,1.0,11.0,37.0,36.0,20.0,19.0,6.0,7.0,4.0,671.0,2000000,none,pmcx,692043725,1.0468678323235137e-09,0.004084975841249969,0.0002014076096267761,0,2.32331078663672e-08,0.0064722342332346585,0.0003118725158296762,0,12.102171499747783,9.349595040573636e-07,1.5825610608221739e-06,2.9360843852591946e-05,4.883272309168761e-05,
subject_00225_healthy,subject_00225,subject_00225,subject_00225_healthy.npz,0,complete,3.0,5.0,1.0,10.0,-1.0,-1.0,-1.0,-1.0,0.0,0.0,0.0,0.0,2000000,none,pmcx,27957890,3.811511068494098e-09,0.003960942005957933,0.00019625305140705935,0,5.545737907958523e-08,0.006132432007283361,0.00030378935979221425,0,11.798780500423163,6.989785728831752e-07,1.6940023345897598e-06,1.9002071770064452e-05,3.380271411911138e-05,
subject_00225_hemorrhage,subject_00225,subject_00225,subject_00225_hemorrhage.npz,1,complete,3.0,5.0,1.0,10.0,33.0,27.0,16.0,15.0,5.0,5.0,5.0,515.0,2000000,none,pmcx,27957890,5.538880926612488e-09,0.003941939934187869,0.00019590424073756823,0,5.8405882339796904e-08,0.006099621022428086,0.00030356016042725354,0,11.832587599987164,6.989785728831752e-07,1.6940023345897598e-06,1.9002071770064452e-05,3.380271411911138e-05,
subject_00226_healthy,subject_00226,subject_00226,subject_00226_healthy.npz,0,complete,2.0,6.0,1.0,10.0,-1.0,-1.0,-1.0,-1.0,0.0,0.0,0.0,0.0,2000000,none,pmcx,2038670883,9.89554142573803e-10,0.004028301522990463,0.00019606007427055495,0,3.204337372968183e-09,0.006521987875036479,0.00031827669679175736,0,12.154878300847486,7.699358418498496e-07,1.9657734362183114e-06,1.3432010292105563e-05,4.8351557126614236e-05,
subject_00226_hemorrhage,subject_00226,subject_00226,subject_00226_hemorrhage.npz,1,complete,2.0,6.0,1.0,10.0,41.0,49.0,21.0,20.0,6.0,7.0,5.0,877.0,2000000,none,pmcx,2038670883,9.847748559414113e-10,0.004041733533282569,0.00019631993017643634,0,2.6923925458388394e-09,0.006570339432163093,0.0003194744282075889,0,12.157694700639695,7.699358418498496e-07,1.9657734362183114e-06,1.3432010292105563e-05,4.8351557126614236e-05,
subject_00227_healthy,subject_00227,subject_00227,subject_00227_healthy.npz,0,complete,3.0,6.0,2.0,12.0,-1.0,-1.0,-1.0,-1.0,0.0,0.0,0.0,0.0,2000000,none,pmcx,3985708578,6.2065124834101995e-09,0.00395378719664606,0.00019331497699515347,0,8.644539959623672e-08,0.0063686240073077315,0.0003174486518155012,0,10.867014499846846,1.0771034693569922e-06,1.7866697042832904e-06,2.315308205767027e-05,2.135586638084947e-05,
subject_00227_hemorrhage,subject_00227,subject_00227,subject_00227_hemorrhage.npz,1,complete,3.0,6.0,2.0,12.0,31.0,36.0,17.0,16.0,7.0,5.0,5.0,711.0,2000000,none,pmcx,3985708578,6.291529842693902e-08,0.003937563960552928,0.00019276028170197077,0,9.660743975010673e-08,0.0063604816748606,0.0003172830717619015,0,10.953155299881473,1.0771034693569922e-06,1.7866697042832904e-06,2.315308205767027e-05,2.135586638084947e-05,
subject_00228_healthy,subject_00228,subject_00228,subject_00228_healthy.npz,0,complete,3.0,6.0,1.0,11.0,-1.0,-1.0,-1.0,-1.0,0.0,0.0,0.0,0.0,2000000,none,pmcx,3041712872,1.5728779267904875e-09,0.004148303730022646,0.00020337278916592,0,5.257847210369411e-08,0.006244759380928046,0.00031093761691093613,0,11.575756299775094,6.484876705715837e-07,1.4240345775714305e-06,1.1993224118212777e-05,2.076481453018933e-05,
subject_00228_hemorrhage,subject_00228,subject_00228,subject_00228_hemorrhage.npz,1,complete,3.0,6.0,1.0,11.0,49.0,44.0,18.0,17.0,7.0,7.0,5.0,1023.0,2000000,none,pmcx,3041712872,1.7125990584552685e-09,0.0041453786180491855,0.00020340456120192152,0,4.745077707795937e-08,0.006223994566397857,0.0003110932893097176,0,11.637996099889278,6.484876705715837e-07,1.4240345775714305e-06,1.1993224118212777e-05,2.076481453018933e-05,
subject_00229_healthy,subject_00229,subject_00229,subject_00229_healthy.npz,0,complete,3.0,7.0,1.0,12.0,-1.0,-1.0,-1.0,-1.0,0.0,0.0,0.0,0.0,2000000,none,pmcx,1180099473,9.265478482484991e-10,0.003888293353191668,0.000189396930014401,0,2.540076619823037e-08,0.006326011107488773,0.00031438027981801767,0,11.620011898921803,7.658031264646651e-07,1.4377692069764254e-06,3.00289834257308e-05,2.6626629459080425e-05,
subject_00229_hemorrhage,subject_00229,subject_00229,subject_00229_hemorrhage.npz,1,complete,3.0,7.0,1.0,12.0,44.0,54.0,17.0,16.0,5.0,6.0,5.0,613.0,2000000,none,pmcx,1180099473,9.376337249457452e-10,0.0038937133524869633,0.00018955273369349114,0,2.274066642024915e-08,0.0063410156668169595,0.0003141717087248306,0,11.688311299309134,7.658031264646651e-07,1.4377692069764254e-06,3.00289834257308e-05,2.6626629459080425e-05,
subject_00230_healthy,subject_00230,subject_00230,subject_00230_healthy.npz,0,complete,2.0,6.0,1.0,10.0,-1.0,-1.0,-1.0,-1.0,0.0,0.0,0.0,0.0,2000000,none,pmcx,3081202433,5.550590792209023e-10,0.004061025606894689,0.000198690112979426,0,6.378729578187165e-08,0.0064292534492085916,0.0003152156516138348,0,11.600165999727324,7.687554620355699e-07,1.2708876634850962e-06,2.565764576945191e-05,3.441377446353373e-05,
subject_00230_hemorrhage,subject_00230,subject_00230,subject_00230_hemorrhage.npz,1,complete,2.0,6.0,1.0,10.0,44.0,54.0,19.0,18.0,7.0,7.0,4.0,805.0,2000000,none,pmcx,3081202433,1.987382844829452e-09,0.004066833572901381,0.0001986723444740716,0,5.526423116027349e-08,0.006394839674745058,0.00031533913259081694,0,11.605450700270012,7.687554620355699e-07,1.2708876634850962e-06,2.565764576945191e-05,3.441377446353373e-05,
subject_00231_healthy,subject_00231,subject_00231,subject_00231_healthy.npz,0,complete,2.0,7.0,2.0,12.0,-1.0,-1.0,-1.0,-1.0,0.0,0.0,0.0,0.0,2000000,none,pmcx,2142676162,3.0370402128767744e-08,0.004178753209289513,0.0002022191717143204,0,2.1479366231196864e-07,0.0062669077208188095,0.000308415100155848,0,11.212933199945837,7.318964156677987e-07,1.5602272795293374e-06,1.0384732675241225e-05,2.1086044236475615e-05,
subject_00231_hemorrhage,subject_00231,subject_00231,subject_00231_hemorrhage.npz,1,complete,2.0,7.0,2.0,12.0,34.0,45.0,17.0,16.0,6.0,5.0,4.0,491.0,2000000,none,pmcx,2142676162,1.2214638963788888e-08,0.004183902376534595,0.00020221007438540298,0,1.6057696495731542e-07,0.006284541357497843,0.00030870245069471554,0,11.217137299943715,7.318964156677987e-07,1.5602272795293374e-06,1.0384732675241225e-05,2.1086044236475615e-05,
subject_00232_healthy,subject_00232,subject_00232,subject_00232_healthy.npz,0,complete,3.0,6.0,1.0,11.0,-1.0,-1.0,-1.0,-1.0,0.0,0.0,0.0,0.0,2000000,none,pmcx,3052131537,1.1703492154711279e-09,0.0038645451009461014,0.00018966956988388634,0,3.9336967471395834e-08,0.006407527288745135,0.0003210651205441372,0,11.745411399751902,7.585902089048697e-07,1.2106092423459903e-06,2.026779693805247e-05,1.9117027213570725e-05,
subject_00232_hemorrhage,subject_00232,subject_00232,subject_00232_hemorrhage.npz,1,complete,3.0,6.0,1.0,11.0,47.0,49.0,19.0,18.0,5.0,5.0,5.0,515.0,2000000,none,pmcx,3052131537,1.1713877776728372e-09,0.003869171218348932,0.00018925291998644114,0,2.926295749618447e-08,0.006403774473255808,0.00032094008443831043,0,11.695008600130677,7.585902089048697e-07,1.2106092423459903e-06,2.026779693805247e-05,1.9117027213570725e-05,
subject_00233_healthy,subject_00233,subject_00233,subject_00233_healthy.npz,0,complete,3.0,6.0,1.0,11.0,-1.0,-1.0,-1.0,-1.0,0.0,0.0,0.0,0.0,2000000,none,pmcx,3246269992,1.0080484874778042e-09,0.0042311374477977115,0.00021010006237447045,0,1.1826795769375575e-08,0.006219881445440477,0.0003062103615070257,0,11.853917700238526,8.108744492119481e-07,1.0164474631514061e-06,1.4983777266392405e-05,1.848571619396779e-05,
subject_00233_hemorrhage,subject_00233,subject_00233,subject_00233_hemorrhage.npz,1,complete,3.0,6.0,1.0,11.0,50.0,46.0,17.0,16.0,6.0,5.0,4.0,491.0,2000000,none,pmcx,3246269992,9.565108994618623e-10,0.004246121225064104,0.00020983017638820522,0,1.164102852107161e-08,0.006227079644655698,0.0003061325820595597,0,11.901261700084433,8.108744492119481e-07,1.0164474631514061e-06,1.4983777266392405e-05,1.848571619396779e-05,
subject_00234_healthy,subject_00234,subject_00234,subject_00234_healthy.npz,0,complete,3.0,7.0,2.0,13.0,-1.0,-1.0,-1.0,-1.0,0.0,0.0,0.0,0.0,2000000,none,pmcx,1319620575,1.992492842725796e-08,0.0041454795621920495,0.00020750968650823254,0,3.2221200764409706e-08,0.006185436134612402,0.00030262464909705663,0,10.762480100383982,6.4820381979681e-07,1.4233835836095504e-06,1.3085110612065867e-05,2.5495104802940143e-05,
subject_00234_hemorrhage,subject_00234,subject_00234,subject_00234_hemorrhage.npz,1,complete,3.0,7.0,2.0,13.0,52.0,42.0,19.0,18.0,5.0,7.0,5.0,711.0,2000000,none,pmcx,1319620575,1.49877366780859e-08,0.004156313281951329,0.00020754758161597097,0,6.645068725455453e-08,0.006164632527769135,0.00030229388973067626,0,10.806246699998155,6.4820381979681e-07,1.4233835836095504e-06,1.3085110612065867e-05,2.5495104802940143e-05,
subject_00235_healthy,subject_00235,subject_00235,subject_00235_healthy.npz,0,complete,3.0,5.0,1.0,10.0,-1.0,-1.0,-1.0,-1.0,0.0,0.0,0.0,0.0,2000000,none,pmcx,2693759252,5.173572132393257e-09,0.003969173971864672,0.00019590690045926854,0,1.0408981263531693e-08,0.006134581459731863,0.0003017933376630155,0,11.92025339929387,9.145639927387789e-07,1.350434004512324e-06,2.6438401373586433e-05,1.9024811962961574e-05,
subject_00235_hemorrhage,subject_00235,subject_00235,subject_00235_hemorrhage.npz,1,complete,3.0,5.0,1.0,10.0,40.0,51.0,18.0,17.0,6.0,7.0,4.0,671.0,2000000,none,pmcx,2693759252,6.1660021390100125e-09,0.003995612373238259,0.00019593973552147804,0,1.0022481472274633e-08,0.006129313275486429,0.000301888942330447,0,11.949607700342312,9.145639927387789e-07,1.350434004512324e-06,2.6438401373586433e-05,1.9024811962961574e-05,
subject_00236_healthy,subject_00236,subject_00236,subject_00236_healthy.npz,0,complete,3.0,7.0,2.0,13.0,-1.0,-1.0,-1.0,-1.0,0.0,0.0,0.0,0.0,2000000,none,pmcx,1260285682,6.177494826229321e-09,0.004182250252028112,0.00020700642606906556,0,1.0701325849761831e-07,0.006241268035722863,0.000309650140233811,0,10.794937600381672,9.413331222285487e-07,1.30643966371752e-06,2.461679756516049e-05,3.259589580763018e-05,
subject_00236_hemorrhage,subject_00236,subject_00236,subject_00236_hemorrhage.npz,1,complete,3.0,7.0,2.0,13.0,40.0,36.0,20.0,19.0,5.0,7.0,5.0,711.0,2000000,none,pmcx,1260285682,1.4522999938920704e-08,0.004206867049593273,0.00020705672457063977,0,1.1000811686961065e-07,0.006235190988840175,0.000309939022534072,0,10.807240400230512,9.413331222285487e-07,1.30643966371752e-06,2.461679756516049e-05,3.259589580763018e-05,
subject_00237_healthy,subject_00237,subject_00237,subject_00237_healthy.npz,0,complete,2.0,6.0,2.0,11.0,-1.0,-1.0,-1.0,-1.0,0.0,0.0,0.0,0.0,2000000,none,pmcx,660004715,1.725446608281736e-08,0.004118165611287101,0.00019929014128540343,0,2.6255530088637195e-07,0.006135969645837659,0.00030269666821778056,0,11.25025839987211,9.50166654791624e-07,1.236421205005861e-06,1.564437287665272e-05,1.945455824804449e-05,
subject_00237_hemorrhage,subject_00237,subject_00237,subject_00237_hemorrhage.npz,1,complete,2.0,6.0,2.0,11.0,46.0,33.0,15.0,14.0,5.0,6.0,4.0,491.0,2000000,none,pmcx,660004715,1.0608638802594052e-08,0.004130044430415834,0.00019951027965501607,0,1.2198795939980734e-07,0.006116515087589615,0.0003022860139618554,0,11.232525900239125,9.50166654791624e-07,1.236421205005861e-06,1.564437287665272e-05,1.945455824804449e-05,
subject_00238_healthy,subject_00238,subject_00238,subject_00238_healthy.npz,0,complete,2.0,7.0,2.0,12.0,-1.0,-1.0,-1.0,-1.0,0.0,0.0,0.0,0.0,2000000,none,pmcx,3200532251,1.0454200214988436e-08,0.00425099659722984,0.0002050664325563647,0,2.607037929442749e-07,0.006411090933797349,0.00031214899279510887,0,11.153420200804248,1.3796333635237009e-06,1.5415190096019726e-06,3.157324866521604e-05,2.8568232588187942e-05,
subject_00238_hemorrhage,subject_00238,subject_00238,subject_00238_hemorrhage.npz,1,complete,2.0,7.0,2.0,12.0,33.0,42.0,19.0,18.0,7.0,6.0,5.0,877.0,2000000,none,pmcx,3200532251,1.106661618011644e-08,0.004248865971703946,0.0002047659350473676,0,8.129095174311404e-08,0.006439659166385537,0.0003122960889695961,0,11.173721099970862,1.3796333635237009e-06,1.5415190096019726e-06,3.157324866521604e-05,2.8568232588187942e-05,
subject_00239_healthy,subject_00239,subject_00239,subject_00239_healthy.npz,0,complete,3.0,6.0,1.0,11.0,-1.0,-1.0,-1.0,-1.0,0.0,0.0,0.0,0.0,2000000,none,pmcx,1882508344,3.9898584510437293e-11,0.003890221391441839,0.0001904952848507144,0,2.2810255516044496e-08,0.005991487650762492,0.0002904561631645483,0,11.715382700087503,5.994198278057633e-07,1.0593223993664072e-06,1.1371315545906716e-05,1.1995436114212556e-05,
subject_00239_hemorrhage,subject_00239,subject_00239,subject_00239_hemorrhage.npz,1,complete,3.0,6.0,1.0,11.0,47.0,54.0,21.0,20.0,5.0,6.0,4.0,491.0,2000000,none,pmcx,1882508344,3.9868689546721684e-11,0.0038902351183086018,0.00019047960978836685,0,2.2739132724295297e-08,0.005998446568046403,0.00029034184767483436,0,11.733099700184539,5.994198278057633e-07,1.0593223993664072e-06,1.1371315545906716e-05,1.1995436114212556e-05,
subject_00240_healthy,subject_00240,subject_00240,subject_00240_healthy.npz,0,complete,2.0,5.0,1.0,9.0,-1.0,-1.0,-1.0,-1.0,0.0,0.0,0.0,0.0,2000000,none,pmcx,1456965378,1.7172586598813636e-09,0.004149853337065699,0.00020252529569993226,0,3.530958211578946e-08,0.006260092933379728,0.0003009966030425821,0,12.23325110017322,9.841496638609479e-07,1.3132218507244711e-06,3.154067673643169e-05,2.828697543130862e-05,
subject_00240_hemorrhage,subject_00240,subject_00240,subject_00240_hemorrhage.npz,1,complete,2.0,5.0,1.0,9.0,32.0,33.0,21.0,20.0,5.0,7.0,5.0,711.0,2000000,none,pmcx,1456965378,1.5071668273119697e-09,0.004153642416293986,0.00020300498019803896,0,3.469563261907353e-08,0.006265094607198433,0.0003013838771881453,0,12.27324470016174,9.841496638609479e-07,1.3132218507244711e-06,3.154067673643169e-05,2.828697543130862e-05,
subject_00241_healthy,subject_00241,subject_00241,subject_00241_healthy.npz,0,complete,3.0,7.0,2.0,13.0,-1.0,-1.0,-1.0,-1.0,0.0,0.0,0.0,0.0,2000000,none,pmcx,820621071,9.033195067536e-09,0.004031857549838984,0.00020009306084884808,0,1.4618819333643754e-07,0.0061459152449822516,0.00030220779766816056,0,11.084038599859923,8.928795710364278e-07,1.4880758404773029e-06,2.4745052794698796e-05,2.2100416292442082e-05,
subject_00241_hemorrhage,subject_00241,subject_00241,subject_00241_hemorrhage.npz,1,complete,3.0,7.0,2.0,13.0,32.0,50.0,21.0,20.0,5.0,6.0,5.0,613.0,2000000,none,pmcx,820621071,8.99079131944875e-09,0.004056602602633683,0.00020022556755816252,0,1.513127877492484e-07,0.006132584081912583,0.00030137778977736186,0,11.088348700199276,8.928795710364278e-07,1.4880758404773029e-06,2.4745052794698796e-05,2.2100416292442082e-05,
subject_00242_healthy,subject_00242,subject_00242,subject_00242_healthy.npz,0,complete,3.0,6.0,1.0,11.0,-1.0,-1.0,-1.0,-1.0,0.0,0.0,0.0,0.0,2000000,none,pmcx,861122152,1.8231889060025538e-09,0.004109083627066521,0.000198985881310571,0,6.302707402329531e-08,0.006404795873730252,0.000316867146938938,0,12.135469400091097,8.301415424626432e-07,1.2247809151979484e-06,2.337598166984086e-05,2.7993036003220832e-05,
subject_00242_hemorrhage,subject_00242,subject_00242,subject_00242_hemorrhage.npz,1,complete,3.0,6.0,1.0,11.0,37.0,52.0,21.0,20.0,7.0,6.0,5.0,877.0,2000000,none,pmcx,861122152,1.6750861781583589e-09,0.00408570764539668,0.0001986668113474536,0,6.516045608450204e-08,0.006432788909733473,0.00031689894938434005,0,12.18022570014,8.301415424626432e-07,1.2247809151979484e-06,2.337598166984086e-05,2.7993036003220832e-05,
subject_00243_healthy,subject_00243,subject_00243,subject_00243_healthy.npz,0,complete,3.0,6.0,2.0,12.0,-1.0,-1.0,-1.0,-1.0,0.0,0.0,0.0,0.0,2000000,none,pmcx,3894033090,8.293727226881721e-09,0.003900895724734625,0.00019057307593408476,0,1.2938433646930513e-07,0.0062954241600401235,0.0003079717643958256,0,11.021906499983743,6.952856937873709e-07,1.5863448405697709e-06,1.7795985963517565e-05,4.165912242932047e-05,
subject_00243_hemorrhage,subject_00243,subject_00243,subject_00243_hemorrhage.npz,1,complete,3.0,6.0,2.0,12.0,33.0,41.0,17.0,16.0,6.0,5.0,4.0,491.0,2000000,none,pmcx,3894033090,8.650507979210625e-09,0.0038933853178893018,0.0001903362073472295,0,1.4776667989570722e-07,0.006337083282469444,0.00030776275785738476,0,10.99626429984346,6.952856937873709e-07,1.5863448405697709e-06,1.7795985963517565e-05,4.165912242932047e-05,
subject_00244_healthy,subject_00244,subject_00244,subject_00244_healthy.npz,0,complete,2.0,7.0,1.0,11.0,-1.0,-1.0,-1.0,-1.0,0.0,0.0,0.0,0.0,2000000,none,pmcx,2601192824,8.107543099528226e-09,0.0041036477181723595,0.00020187801463523503,0,4.367895862766512e-09,0.006218478338669056,0.00030241147176439506,0,12.11736449948512,8.56275678001147e-07,1.622345682807319e-06,1.485132580702174e-05,1.7088105467786587e-05,
subject_00244_hemorrhage,subject_00244,subject_00244,subject_00244_hemorrhage.npz,1,complete,2.0,7.0,1.0,11.0,34.0,32.0,21.0,20.0,5.0,6.0,4.0,491.0,2000000,none,pmcx,2601192824,1.873323442501252e-09,0.004088796392365338,0.00020191919708039937,0,6.091335751538395e-09,0.006212434605838359,0.0003022287992212745,0,12.115030299406499,8.56275678001147e-07,1.622345682807319e-06,1.485132580702174e-05,1.7088105467786587e-05,
subject_00245_healthy,subject_00245,subject_00245,subject_00245_healthy.npz,0,complete,3.0,5.0,2.0,11.0,-1.0,-1.0,-1.0,-1.0,0.0,0.0,0.0,0.0,2000000,none,pmcx,683805095,3.7862067549049744e-08,0.003963927914025667,0.00019283841110119887,0,2.588296025552271e-07,0.0060431482234139956,0.0002984772656953872,0,11.305285500129685,9.706306371655942e-07,1.4492136785610627e-06,2.2581092149883894e-05,5.112772539802961e-05,
subject_00245_hemorrhage,subject_00245,subject_00245,subject_00245_hemorrhage.npz,1,complete,3.0,5.0,2.0,11.0,44.0,56.0,19.0,18.0,7.0,5.0,5.0,711.0,2000000,none,pmcx,683805095,5.702840414200347e-08,0.003956616712819832,0.00019284102002967366,0,2.6258585166469053e-07,0.006064929230567416,0.0002980102015560719,0,11.28493779967539,9.706306371655942e-07,1.4492136785610627e-06,2.2581092149883894e-05,5.112772539802961e-05,
subject_00246_healthy,subject_00246,subject_00246,subject_00246_healthy.npz,0,complete,2.0,6.0,1.0,10.0,-1.0,-1.0,-1.0,-1.0,0.0,0.0,0.0,0.0,2000000,none,pmcx,4022245358,7.001810610941126e-10,0.004151345913216556,0.00020371734780842045,0,1.533905253373403e-08,0.006133662472831467,0.00029983684413131676,0,11.638401199132204,1.52355466426452e-06,1.9315337641384993e-06,2.224370591985894e-05,4.1885647472712784e-05,
subject_00246_hemorrhage,subject_00246,subject_00246,subject_00246_hemorrhage.npz,1,complete,2.0,6.0,1.0,10.0,30.0,33.0,15.0,14.0,7.0,7.0,5.0,1023.0,2000000,none,pmcx,4022245358,8.899003006681255e-09,0.004136363695813589,0.000202640816118641,0,2.6046755690414093e-08,0.006153890567313824,0.00029978657477883306,0,11.569052199833095,1.52355466426452e-06,1.9315337641384993e-06,2.224370591985894e-05,4.1885647472712784e-05,
subject_00247_healthy,subject_00247,subject_00247,subject_00247_healthy.npz,0,complete,2.0,7.0,2.0,12.0,-1.0,-1.0,-1.0,-1.0,0.0,0.0,0.0,0.0,2000000,none,pmcx,6784261,5.7057005866728444e-09,0.004196298817064648,0.00020541436923237616,0,1.4913682009397765e-07,0.00614928308494596,0.00030161003751938203,0,11.327627700287849,6.87869222940456e-07,1.283318423681733e-06,1.633406050115943e-05,4.148932731329498e-05,
subject_00247_hemorrhage,subject_00247,subject_00247,subject_00247_hemorrhage.npz,1,complete,2.0,7.0,2.0,12.0,50.0,27.0,21.0,20.0,6.0,6.0,5.0,739.0,2000000,none,pmcx,6784261,1.2896802494445166e-08,0.00420051316728854,0.0002053122719736961,0,1.4955090350029438e-07,0.006190772412259255,0.0003019533142580961,0,11.404248600360006,6.87869222940456e-07,1.283318423681733e-06,1.633406050115943e-05,4.148932731329498e-05,
subject_00248_healthy,subject_00248,subject_00248,subject_00248_healthy.npz,0,complete,2.0,6.0,1.0,10.0,-1.0,-1.0,-1.0,-1.0,0.0,0.0,0.0,0.0,2000000,none,pmcx,1488849704,1.209154728323606e-09,0.004252054493156493,0.00020679799381497752,0,1.9045334295365233e-08,0.006239655519972935,0.00030233165742841317,0,12.153198099462315,1.2183011850985775e-06,1.150551190370077e-06,3.118627425741181e-05,2.0158007547983227e-05,
subject_00248_hemorrhage,subject_00248,subject_00248,subject_00248_hemorrhage.npz,1,complete,2.0,6.0,1.0,10.0,30.0,54.0,17.0,16.0,7.0,6.0,4.0,671.0,2000000,none,pmcx,1488849704,2.3297502645217965e-09,0.004220868218899081,0.00020622189469422008,0,1.3431316871313707e-08,0.006252335396779728,0.00030206543809423213,0,12.201609599869698,1.2183011850985775e-06,1.150551190370077e-06,3.118627425741181e-05,2.0158007547983227e-05,
subject_00249_healthy,subject_00249,subject_00249,subject_00249_healthy.npz,0,complete,3.0,6.0,2.0,12.0,-1.0,-1.0,-1.0,-1.0,0.0,0.0,0.0,0.0,2000000,none,pmcx,3034905819,4.641724338280527e-08,0.004093409198883454,0.00020241807646930853,0,1.0072600842579018e-07,0.006178796711000486,0.0003065892620321653,0,11.07646490028128,1.2535972645442203e-06,2.126289823345332e-06,3.0231114099332768e-05,2.8586032870692862e-05,
subject_00249_hemorrhage,subject_00249,subject_00249,subject_00249_hemorrhage.npz,1,complete,3.0,6.0,2.0,12.0,32.0,37.0,17.0,16.0,6.0,7.0,5.0,877.0,2000000,none,pmcx,3034905819,4.6286702601871404e-08,0.004094816144580083,0.00020285435608134665,0,6.187193284121124e-08,0.00615611488955168,0.0003064270402312705,0,11.134272400056943,1.2535972645442203e-06,2.126289823345332e-06,3.0231114099332768e-05,2.8586032870692862e-05,
subject_00250_healthy,subject_00250,subject_00250,subject_00250_healthy.npz,0,complete,2.0,7.0,1.0,11.0,-1.0,-1.0,-1.0,-1.0,0.0,0.0,0.0,0.0,2000000,none,pmcx,939996972,7.198838322814302e-10,0.003947319072462873,0.00019320767650661647,0,3.9386312619705014e-08,0.006475627722047992,0.0003130030045028097,0,11.833179000532255,1.0655485964108075e-06,1.5476031713481276e-06,2.979190520584988e-05,2.6742158964126322e-05,
subject_00250_hemorrhage,subject_00250,subject_00250,subject_00250_hemorrhage.npz,1,complete,2.0,7.0,1.0,11.0,39.0,38.0,19.0,18.0,7.0,5.0,5.0,711.0,2000000,none,pmcx,939996972,8.006374290417004e-10,0.003953545468551134,0.00019322852477866647,0,3.304545585573132e-08,0.006467785451564436,0.00031283581585769956,0,11.843022999353707,1.0655485964108075e-06,1.5476031713481276e-06,2.979190520584988e-05,2.6742158964126322e-05,
subject_00251_healthy,subject_00251,subject_00251,subject_00251_healthy.npz,0,complete,3.0,7.0,1.0,12.0,-1.0,-1.0,-1.0,-1.0,0.0,0.0,0.0,0.0,2000000,none,pmcx,1519511530,6.624652284634678e-10,0.004150273049199027,0.00020811765565407721,0,4.081099319102625e-09,0.006161992248441286,0.0003028619408955079,0,11.830425700405613,6.717116653806993e-07,1.0597836280135736e-06,1.4682478784592938e-05,2.2233600023469254e-05,
subject_00251_hemorrhage,subject_00251,subject_00251,subject_00251_hemorrhage.npz,1,complete,3.0,7.0,1.0,12.0,45.0,41.0,17.0,16.0,5.0,5.0,4.0,417.0,2000000,none,pmcx,1519511530,4.672768575296822e-10,0.004148665999945878,0.00020819057177888801,0,7.542157892852327e-09,0.006184225848464755,0.0003026015538874676,0,11.803967000218108,6.717116653806993e-07,1.0597836280135736e-06,1.4682478784592938e-05,2.2233600023469254e-05,
subject_00252_healthy,subject_00252,subject_00252,subject_00252_healthy.npz,0,complete,3.0,7.0,1.0,12.0,-1.0,-1.0,-1.0,-1.0,0.0,0.0,0.0,0.0,2000000,none,pmcx,4246133783,1.753896378573695e-09,0.004151295113176748,0.00020513974979803138,0,1.5387586897384012e-08,0.006536021982309045,0.0003220883828447277,0,11.917852099984884,9.415309568451611e-07,1.0999919576823248e-06,1.6790956764406017e-05,1.594221523171062e-05,
subject_00252_hemorrhage,subject_00252,subject_00252,subject_00252_hemorrhage.npz,1,complete,3.0,7.0,1.0,12.0,44.0,32.0,18.0,17.0,5.0,7.0,5.0,711.0,2000000,none,pmcx,4246133783,1.3105850812341675e-09,0.004150936370078198,0.0002047806461278595,0,8.103148035216613e-09,0.0065346229176161,0.0003222607486920965,0,11.911158700473607,9.415309568451611e-07,1.0999919576823248e-06,1.6790956764406017e-05,1.594221523171062e-05,
subject_00253_healthy,subject_00253,subject_00253,subject_00253_healthy.npz,0,complete,2.0,5.0,1.0,9.0,-1.0,-1.0,-1.0,-1.0,0.0,0.0,0.0,0.0,2000000,none,pmcx,2076606174,3.6257743431440485e-09,0.004180805970546614,0.00020422681376044976,0,9.904735781917723e-09,0.006576305179841184,0.0003195971204897676,0,11.835819500731304,9.640644769261315e-07,1.9455232428396194e-06,2.086242726350774e-05,2.6831495942386714e-05,
subject_00253_hemorrhage,subject_00253,subject_00253,subject_00253_hemorrhage.npz,1,complete,2.0,5.0,1.0,9.0,33.0,34.0,13.0,12.0,5.0,5.0,4.0,417.0,2000000,none,pmcx,2076606174,1.0567268162128276e-09,0.004182730723556028,0.00020428921018179213,0,1.2513262695165242e-08,0.0065718374346374194,0.00031861507543962683,0,11.921309900237247,9.640644769261315e-07,1.9455232428396194e-06,2.086242726350774e-05,2.6831495942386714e-05,
subject_00254_healthy,subject_00254,subject_00254,subject_00254_healthy.npz,0,complete,3.0,5.0,2.0,11.0,-1.0,-1.0,-1.0,-1.0,0.0,0.0,0.0,0.0,2000000,none,pmcx,3487006901,3.457996888787046e-08,0.004063438140983774,0.00020261782511467959,0,2.1169817131934845e-07,0.006221927405044898,0.0003089116865407622,0,11.252664899919182,9.79496659604106e-07,1.0998908479049232e-06,3.45265611415126e-05,1.1358375749730316e-05,
subject_00254_hemorrhage,subject_00254,subject_00254,subject_00254_hemorrhage.npz,1,complete,3.0,5.0,2.0,11.0,36.0,28.0,21.0,20.0,5.0,7.0,4.0,577.0,2000000,none,pmcx,3487006901,3.449139266404015e-08,0.0040597830032892065,0.0002026826577868044,0,2.2517559770472305e-07,0.006231780335136304,0.00030890728966522326,0,11.223745599621907,9.79496659604106e-07,1.0998908479049232e-06,3.45265611415126e-05,1.1358375749730316e-05,
subject_00255_healthy,subject_00255,subject_00255,subject_00255_healthy.npz,0,complete,2.0,6.0,2.0,11.0,-1.0,-1.0,-1.0,-1.0,0.0,0.0,0.0,0.0,2000000,none,pmcx,2608734262,1.384947173795369e-08,0.004063833238147802,0.00020110028310394625,0,2.544931924562064e-07,0.006224388092364996,0.00030455538854111766,0,11.19825390051119,1.001419126022642e-06,1.1621919975866573e-06,2.4188503135777473e-05,2.3749921075575612e-05,
subject_00255_hemorrhage,subject_00255,subject_00255,subject_00255_hemorrhage.npz,1,complete,2.0,6.0,2.0,11.0,51.0,50.0,20.0,19.0,5.0,5.0,5.0,515.0,2000000,none,pmcx,2608734262,1.2974558865171458e-08,0.0040880217412835795,0.00020140255802670763,0,2.5451079683845753e-07,0.006223409923841662,0.00030485921792784725,0,11.22499719960615,1.001419126022642e-06,1.1621919975866573e-06,2.4188503135777473e-05,2.3749921075575612e-05,
subject_00256_healthy,subject_00256,subject_00256,subject_00256_healthy.npz,0,complete,2.0,5.0,2.0,10.0,-1.0,-1.0,-1.0,-1.0,0.0,0.0,0.0,0.0,2000000,none,pmcx,528696813,2.7380368471942743e-08,0.004046593124254742,0.00019730924376859733,0,1.1240261290212794e-07,0.0061675553692292495,0.0002992802995878855,0,11.248909000074491,1.0610994833703576e-06,1.6937953241059263e-06,2.1694570803407198e-05,4.5376785707754684e-05,
subject_00256_hemorrhage,subject_00256,subject_00256,subject_00256_hemorrhage.npz,1,complete,2.0,5.0,2.0,10.0,45.0,31.0,19.0,18.0,5.0,7.0,5.0,711.0,2000000,none,pmcx,528696813,2.7423638510770547e-08,0.004068287695058149,0.00019711028719409453,0,1.062130857171832e-07,0.006153374466572057,0.0002983596900737296,0,11.275233999826014,1.0610994833703576e-06,1.6937953241059263e-06,2.1694570803407198e-05,4.5376785707754684e-05,
subject_00257_healthy,subject_00257,subject_00257,subject_00257_healthy.npz,0,complete,3.0,7.0,2.0,13.0,-1.0,-1.0,-1.0,-1.0,0.0,0.0,0.0,0.0,2000000,none,pmcx,1913404960,5.27186486895453e-09,0.004109882325162979,0.00020140471231926247,0,1.4698546503895336e-07,0.006074523561247191,0.00029971623780205805,0,10.985274499980733,8.755435817486754e-07,1.2646836572473354e-06,1.700610035655463e-05,3.459903705514342e-05,
subject_00257_hemorrhage,subject_00257,subject_00257,subject_00257_hemorrhage.npz,1,complete,3.0,7.0,2.0,13.0,41.0,33.0,17.0,16.0,5.0,5.0,4.0,417.0,2000000,none,pmcx,1913404960,6.060965739425387e-09,0.004092876224806424,0.00020134596021630487,0,9.26501677436677e-08,0.006063626063300773,0.0002990113978123437,0,10.90072409925051,8.755435817486754e-07,1.2646836572473354e-06,1.700610035655463e-05,3.459903705514342e-05,
subject_00258_healthy,subject_00258,subject_00258,subject_00258_healthy.npz,0,complete,2.0,7.0,2.0,12.0,-1.0,-1.0,-1.0,-1.0,0.0,0.0,0.0,0.0,2000000,none,pmcx,3529764316,2.0658323946081535e-08,0.004109350810164793,0.0002024255991787993,0,2.1577070469062997e-07,0.006346042135668614,0.00031105642065336033,0,11.326518799876794,1.0911641911331405e-06,1.6264121950865766e-06,1.787296141653649e-05,2.5509882943223908e-05,
subject_00258_hemorrhage,subject_00258,subject_00258,subject_00258_hemorrhage.npz,1,complete,2.0,7.0,2.0,12.0,37.0,26.0,17.0,16.0,6.0,5.0,5.0,613.0,2000000,none,pmcx,3529764316,2.1023400615731074e-08,0.00411597884180486,0.00020249958389611746,0,1.4870143236561524e-07,0.006322962124732375,0.00031061993374578516,0,11.419021600391716,1.0911641911331405e-06,1.6264121950865766e-06,1.787296141653649e-05,2.5509882943223908e-05,
subject_00259_healthy,subject_00259,subject_00259,subject_00259_healthy.npz,0,complete,2.0,6.0,2.0,11.0,-1.0,-1.0,-1.0,-1.0,0.0,0.0,0.0,0.0,2000000,none,pmcx,2103785161,2.5692009737204355e-08,0.004213054936482047,0.0002087496732497983,0,2.5198920870417624e-07,0.00612660597846491,0.00030014596509560606,0,11.433682799804956,8.784576384873806e-07,1.3325007096478937e-06,2.611264777665004e-05,2.9535558369654137e-05,
subject_00259_hemorrhage,subject_00259,subject_00259,subject_00259_hemorrhage.npz,1,complete,2.0,6.0,2.0,11.0,48.0,29.0,19.0,18.0,5.0,7.0,5.0,711.0,2000000,none,pmcx,2103785161,2.8165045803601765e-08,0.004239167584258697,0.00020898721100119172,0,3.102138915504844e-07,0.0060991766625555395,0.0002996067362558123,0,11.382445400347933,8.784576384873806e-07,1.3325007096478937e-06,2.611264777665004e-05,2.9535558369654137e-05,
subject_00260_healthy,subject_00260,subject_00260,subject_00260_healthy.npz,0,complete,2.0,7.0,2.0,12.0,-1.0,-1.0,-1.0,-1.0,0.0,0.0,0.0,0.0,2000000,none,pmcx,3246801654,2.3391865426527013e-08,0.004113463164823054,0.00020058435924953633,0,5.5206480786564693e-08,0.006426337842613075,0.0003134154595414309,0,11.026653000386432,7.276269568634592e-07,1.4054826490144567e-06,1.3587702853321351e-05,2.7890153364746283e-05,
subject_00260_hemorrhage,subject_00260,subject_00260,subject_00260_hemorrhage.npz,1,complete,2.0,7.0,2.0,12.0,50.0,31.0,21.0,20.0,6.0,6.0,5.0,739.0,2000000,none,pmcx,3246801654,3.2452233319015574e-08,0.004100050130713719,0.00020004018754064972,0,5.7174940470378335e-08,0.006443364573746741,0.00031335422870312773,0,11.037685899995267,7.276269568634592e-07,1.4054826490144567e-06,1.3587702853321351e-05,2.7890153364746283e-05,
subject_00261_healthy,subject_00261,subject_00261,subject_00261_healthy.npz,0,complete,3.0,5.0,1.0,10.0,-1.0,-1.0,-1.0,-1.0,0.0,0.0,0.0,0.0,2000000,none,pmcx,19760801,4.808272391079856e-10,0.0038597490785816026,0.00018789935179861866,0,1.7678865131369482e-08,0.006254694080530483,0.0003046959837458751,0,11.519040400860831,6.078290090303012e-07,1.3068931747633187e-06,1.2286231832571719e-05,2.0477490463797696e-05,
subject_00261_hemorrhage,subject_00261,subject_00261,subject_00261_hemorrhage.npz,1,complete,3.0,5.0,1.0,10.0,30.0,53.0,18.0,17.0,5.0,7.0,4.0,577.0,2000000,none,pmcx,19760801,5.000231326544189e-11,0.003850796633781792,0.00018795335893900925,0,1.7572660424062266e-08,0.006242168800395498,0.00030498224404572306,0,11.520131199620664,6.078290090303012e-07,1.3068931747633187e-06,1.2286231832571719e-05,2.0477490463797696e-05,
subject_00262_healthy,subject_00262,subject_00262,subject_00262_healthy.npz,0,complete,2.0,5.0,1.0,9.0,-1.0,-1.0,-1.0,-1.0,0.0,0.0,0.0,0.0,2000000,none,pmcx,2572192090,1.0690704861554058e-09,0.004076576785272948,0.00019450294530048173,0,2.6050753109132116e-08,0.006324363191506297,0.00030600686748449217,0,11.836761699290946,6.53827938720094e-07,1.0718661568560457e-06,1.6058428237731084e-05,1.9711244092399452e-05,
subject_00262_hemorrhage,subject_00262,subject_00262,subject_00262_hemorrhage.npz,1,complete,2.0,5.0,1.0,9.0,39.0,45.0,20.0,19.0,7.0,5.0,4.0,577.0,2000000,none,pmcx,2572192090,1.4400536482038535e-09,0.004069109560422007,0.00019433861524569207,0,4.9872452431132924e-08,0.006321699474364148,0.00030601934698786253,0,11.89846930000931,6.53827938720094e-07,1.0718661568560457e-06,1.6058428237731084e-05,1.9711244092399452e-05,
subject_00263_healthy,subject_00263,subject_00263,subject_00263_healthy.npz,0,complete,2.0,6.0,2.0,11.0,-1.0,-1.0,-1.0,-1.0,0.0,0.0,0.0,0.0,2000000,none,pmcx,2266497297,2.2636944623235677e-08,0.004054181327907091,0.00019851096873479604,0,6.910973743436984e-08,0.006269055479793,0.000305780008792338,0,11.497541399905458,9.726563608121082e-07,1.591321385813037e-06,3.360173912331753e-05,3.058516506151271e-05,
subject_00263_hemorrhage,subject_00263,subject_00263,subject_00263_hemorrhage.npz,1,complete,2.0,6.0,2.0,11.0,36.0,52.0,20.0,19.0,7.0,7.0,4.0,805.0,2000000,none,pmcx,2266497297,1.3115335139620141e-08,0.004054898000449958,0.00019903029498806696,0,6.960995825410253e-08,0.0062397478020244455,0.0003057450725089314,0,11.529975300421938,9.726563608121082e-07,1.591321385813037e-06,3.360173912331753e-05,3.058516506151271e-05,
subject_00264_healthy,subject_00264,subject_00264,subject_00264_healthy.npz,0,complete,3.0,7.0,1.0,12.0,-1.0,-1.0,-1.0,-1.0,0.0,0.0,0.0,0.0,2000000,none,pmcx,1508568797,8.084742578073081e-09,0.0040652414514529825,0.00020308698155549942,0,3.279314259102901e-08,0.006286519472642461,0.0003128285725855016,0,11.840638600056991,1.0611319599832076e-06,1.5055298929209491e-06,3.13275825086219e-05,2.206151177649475e-05,
subject_00264_hemorrhage,subject_00264,subject_00264,subject_00264_hemorrhage.npz,1,complete,3.0,7.0,1.0,12.0,35.0,49.0,16.0,15.0,6.0,6.0,4.0,585.0,2000000,none,pmcx,1508568797,1.926671004249142e-09,0.004078192933737413,0.0002031902357019305,0,3.091008257037938e-08,0.0063085809844189555,0.00031295030336956725,0,11.874194000149146,1.0611319599832076e-06,1.5055298929209491e-06,3.13275825086219e-05,2.206151177649475e-05,
subject_00265_healthy,subject_00265,subject_00265,subject_00265_healthy.npz,0,complete,2.0,6.0,1.0,10.0,-1.0,-1.0,-1.0,-1.0,0.0,0.0,0.0,0.0,2000000,none,pmcx,2653563413,3.5203970593142955e-09,0.004118811733379303,0.0001986019751365052,0,1.0826093368875968e-08,0.006384350594793147,0.0003115044619471738,0,11.622113700257614,9.359824490411518e-07,9.915431026614976e-07,2.7655532801004398e-05,1.774333432985869e-05,
subject_00265_hemorrhage,subject_00265,subject_00265,subject_00265_hemorrhage.npz,1,complete,2.0,6.0,1.0,10.0,43.0,33.0,21.0,20.0,7.0,5.0,5.0,711.0,2000000,none,pmcx,2653563413,3.4528959309015894e-09,0.0041118641854584375,0.00019854594795764067,0,7.80192645672001e-09,0.006396058186657206,0.0003112666402264189,0,11.6457502997946,9.359824490411518e-07,9.915431026614976e-07,2.7655532801004398e-05,1.774333432985869e-05,
subject_00266_healthy,subject_00266,subject_00266,subject_00266_healthy.npz,0,complete,3.0,7.0,2.0,13.0,-1.0,-1.0,-1.0,-1.0,0.0,0.0,0.0,0.0,2000000,none,pmcx,1829140333,3.2600576429668407e-09,0.003793576006985576,0.00018562972557831817,0,6.433966933728157e-08,0.006252781429392726,0.00030815871257095135,0,11.024632400367409,6.336080169128819e-07,1.325850834975416e-06,1.1644278101859899e-05,3.18348254857324e-05,
subject_00266_hemorrhage,subject_00266,subject_00266,subject_00266_hemorrhage.npz,1,complete,3.0,7.0,2.0,13.0,41.0,33.0,20.0,19.0,7.0,5.0,4.0,577.0,2000000,none,pmcx,1829140333,1.6220964085886495e-09,0.003784543476169144,0.00018531393716015722,0,6.150868581708925e-08,0.00625119556323996,0.0003082894148112809,0,11.055553100537509,6.336080169128819e-07,1.325850834975416e-06,1.1644278101859899e-05,3.18348254857324e-05,
subject_00267_healthy,subject_00267,subject_00267,subject_00267_healthy.npz,0,complete,3.0,5.0,1.0,10.0,-1.0,-1.0,-1.0,-1.0,0.0,0.0,0.0,0.0,2000000,none,pmcx,183113118,1.6175299233354614e-09,0.0039047837796755275,0.0001918712819914691,0,3.3977244546163336e-08,0.005897464337704546,0.0002906617577210297,0,11.453785000368953,1.0675075301267436e-06,1.3864185052872023e-06,2.386496140221973e-05,2.3975003918139982e-05,
subject_00267_hemorrhage,subject_00267,subject_00267,subject_00267_hemorrhage.npz,1,complete,3.0,5.0,1.0,10.0,32.0,42.0,18.0,17.0,6.0,7.0,4.0,671.0,2000000,none,pmcx,183113118,7.668348060273772e-10,0.00388344337584933,0.00019170644232974196,0,2.0848607202227664e-08,0.0059114118239529554,0.000290591406229347,0,11.496344700222835,1.0675075301267436e-06,1.3864185052872023e-06,2.386496140221973e-05,2.3975003918139982e-05,
subject_00268_healthy,subject_00268,subject_00268,subject_00268_healthy.npz,0,complete,2.0,6.0,2.0,11.0,-1.0,-1.0,-1.0,-1.0,0.0,0.0,0.0,0.0,2000000,none,pmcx,792970788,5.641327321663088e-08,0.004125878898130287,0.00020598190691357618,0,7.533482497298724e-08,0.006219911934700789,0.0002998269632216501,0,11.409818699583411,1.1515775327820991e-06,1.4864195157735537e-06,2.0068365576490776e-05,2.6926515696578356e-05,
subject_00268_hemorrhage,subject_00268,subject_00268,subject_00268_hemorrhage.npz,1,complete,2.0,6.0,2.0,11.0,34.0,50.0,17.0,16.0,5.0,6.0,5.0,613.0,2000000,none,pmcx,792970788,7.099440267980787e-08,0.004145947263706777,0.000206479139799667,0,7.300231873232316e-08,0.006246838450397367,0.000300225915964377,0,11.389028699602932,1.1515775327820991e-06,1.4864195157735537e-06,2.0068365576490776e-05,2.6926515696578356e-05,
subject_00269_healthy,subject_00269,subject_00269,subject_00269_healthy.npz,0,complete,3.0,6.0,2.0,12.0,-1.0,-1.0,-1.0,-1.0,0.0,0.0,0.0,0.0,2000000,none,pmcx,1207908186,3.268259652753276e-08,0.003962887522663246,0.00019441368140435386,0,6.434680575248204e-08,0.006277646321116397,0.0003118437663434475,0,11.040274300146848,8.929169931768246e-07,9.990751788684322e-07,1.7477074000340695e-05,1.3230222928400492e-05,
subject_00269_hemorrhage,subject_00269,subject_00269,subject_00269_hemorrhage.npz,1,complete,3.0,6.0,2.0,12.0,43.0,32.0,21.0,20.0,5.0,7.0,4.0,577.0,2000000,none,pmcx,1207908186,3.2807271414509086e-08,0.003961348196574203,0.0001943717695721149,0,8.606512680877683e-08,0.006271239627228963,0.0003119258985644746,0,11.036418200237677,8.929169931768246e-07,9.990751788684322e-07,1.7477074000340695e-05,1.3230222928400492e-05,
subject_00270_healthy,subject_00270,subject_00270,subject_00270_healthy.npz,0,complete,2.0,7.0,1.0,11.0,-1.0,-1.0,-1.0,-1.0,0.0,0.0,0.0,0.0,2000000,none,pmcx,389417528,6.445458464598757e-10,0.004065979214841388,0.00019768755118051084,0,5.401293268790525e-09,0.006395957060518666,0.00031148097331274577,0,11.34625430055894,5.896366655204577e-07,1.1489363920298935e-06,1.0180812769035926e-05,1.4598323786899417e-05,
subject_00270_hemorrhage,subject_00270,subject_00270,subject_00270_hemorrhage.npz,1,complete,2.0,7.0,1.0,11.0,44.0,48.0,21.0,20.0,5.0,6.0,5.0,613.0,2000000,none,pmcx,389417528,2.9402254617919126e-09,0.004060048671606273,0.0001977099109100876,0,5.994437021646322e-09,0.006389880275286089,0.00031161135884807224,0,11.385669500334188,5.896366655204577e-07,1.1489363920298935e-06,1.0180812769035926e-05,1.4598323786899417e-05,
subject_00271_healthy,subject_00271,subject_00271,subject_00271_healthy.npz,0,complete,2.0,6.0,2.0,11.0,-1.0,-1.0,-1.0,-1.0,0.0,0.0,0.0,0.0,2000000,none,pmcx,1113697178,2.592784908590823e-08,0.004248658577667935,0.0002064582207381443,0,1.4128402827964656e-07,0.006429958495677138,0.0003176225674078753,0,11.355448699789122,1.0185080567392777e-06,1.1451369974915382e-06,2.3910480287006597e-05,1.7236106690496182e-05,
subject_00271_hemorrhage,subject_00271,subject_00271,subject_00271_hemorrhage.npz,1,complete,2.0,6.0,2.0,11.0,35.0,25.0,16.0,15.0,6.0,6.0,4.0,585.0,2000000,none,pmcx,1113697178,2.6948343120234187e-08,0.004246477374554747,0.0002060978750069884,0,1.3261575345025257e-07,0.006435077034856824,0.0003171039675365487,0,11.399113899795339,1.0185080567392777e-06,1.1451369974915382e-06,2.3910480287006597e-05,1.7236106690496182e-05,
subject_00272_healthy,subject_00272,subject_00272,subject_00272_healthy.npz,0,complete,2.0,7.0,2.0,12.0,-1.0,-1.0,-1.0,-1.0,0.0,0.0,0.0,0.0,2000000,none,pmcx,2143548395,5.1068092533217174e-08,0.0039326748763335775,0.00019258286597890778,0,1.5964924290379795e-07,0.006137476100958019,0.0002982563183556292,0,10.73590540024452,6.879996242725692e-07,1.5697842718373348e-06,1.170883669716731e-05,2.932763073874422e-05,
subject_00272_hemorrhage,subject_00272,subject_00272,subject_00272_hemorrhage.npz,1,complete,2.0,7.0,2.0,12.0,40.0,36.0,20.0,19.0,6.0,6.0,5.0,739.0,2000000,none,pmcx,2143548395,5.645719084579068e-09,0.003944383713030745,0.00019265195347460665,0,1.576095289815655e-07,0.006133377755057657,0.0002982876356382877,0,10.820341100217775,6.879996242725692e-07,1.5697842718373348e-06,1.170883669716731e-05,2.932763073874422e-05,
subject_00273_healthy,subject_00273,subject_00273,subject_00273_healthy.npz,0,complete,2.0,6.0,1.0,10.0,-1.0,-1.0,-1.0,-1.0,0.0,0.0,0.0,0.0,2000000,none,pmcx,1267787084,2.51814595493506e-09,0.004134778332361977,0.000201033744937443,0,1.60569659145589e-08,0.006443817335900334,0.0003183547440018097,0,11.784617699915543,9.24110911155371e-07,1.1995662918724796e-06,2.5211689309015926e-05,2.9080020588197718e-05,
subject_00273_hemorrhage,subject_00273,subject_00273,subject_00273_hemorrhage.npz,1,complete,2.0,6.0,1.0,10.0,51.0,53.0,16.0,15.0,6.0,5.0,4.0,491.0,2000000,none,pmcx,1267787084,1.0104138580465456e-09,0.0041482234968053065,0.00020076645698387135,0,1.2685081727751031e-08,0.006443147658708038,0.00031861127692223775,0,11.748241399647668,9.24110911155371e-07,1.1995662918724796e-06,2.5211689309015926e-05,2.9080020588197718e-05,
subject_00274_healthy,subject_00274,subject_00274,subject_00274_healthy.npz,0,complete,3.0,7.0,2.0,13.0,-1.0,-1.0,-1.0,-1.0,0.0,0.0,0.0,0.0,2000000,none,pmcx,3102561676,3.375828460729758e-08,0.0039964696944545805,0.0001966320598144588,0,1.6294312046253485e-07,0.00610840657562457,0.0003005315534713882,0,11.048503699945286,1.087449057912847e-06,1.2700513850951557e-06,2.617713653704952e-05,2.397537602653963e-05,
subject_00274_hemorrhage,subject_00274,subject_00274,subject_00274_hemorrhage.npz,1,complete,3.0,7.0,2.0,13.0,34.0,36.0,19.0,18.0,6.0,6.0,5.0,739.0,2000000,none,pmcx,3102561676,1.7404947307904747e-08,0.003998639275044244,0.00019632353694451368,0,1.7165922298504077e-07,0.006115588289300502,0.0003005076610121859,0,11.055867500370368,1.087449057912847e-06,1.2700513850951557e-06,2.617713653704952e-05,2.397537602653963e-05,
subject_00275_healthy,subject_00275,subject_00275,subject_00275_healthy.npz,0,complete,3.0,6.0,1.0,11.0,-1.0,-1.0,-1.0,-1.0,0.0,0.0,0.0,0.0,2000000,none,pmcx,885344077,2.8642876409091568e-11,0.00394576001344444,0.00019306113140075252,0,2.6231115631680444e-08,0.006242775430834946,0.0003109296274126467,0,11.846547099296004,8.520348370977117e-07,1.7528016232648147e-06,1.4292373715043237e-05,7.663085308039306e-05,
subject_00275_hemorrhage,subject_00275,subject_00275,subject_00275_hemorrhage.npz,1,complete,3.0,6.0,1.0,11.0,33.0,28.0,17.0,16.0,7.0,6.0,4.0,671.0,2000000,none,pmcx,885344077,4.153835658642155e-11,0.003960052387159484,0.00019339787568553823,0,1.718425006139732e-08,0.0062280478498115905,0.0003112914414664067,0,11.811279299901798,8.520348370977117e-07,1.7528016232648147e-06,1.4292373715043237e-05,7.663085308039306e-05,
subject_00276_healthy,subject_00276,subject_00276,subject_00276_healthy.npz,0,complete,3.0,6.0,2.0,12.0,-1.0,-1.0,-1.0,-1.0,0.0,0.0,0.0,0.0,2000000,none,pmcx,1652194084,2.0096308403571868e-08,0.004098725466131163,0.0001943771261289174,0,8.31185749869724e-08,0.006383272367583257,0.0003151316166200231,0,11.164920100243762,7.324488067101848e-07,1.4381042450156874e-06,2.586410137654909e-05,2.463277444065019e-05,
subject_00276_hemorrhage,subject_00276,subject_00276,subject_00276_hemorrhage.npz,1,complete,3.0,6.0,2.0,12.0,31.0,26.0,21.0,20.0,5.0,7.0,4.0,577.0,2000000,none,pmcx,1652194084,2.1121801894226058e-08,0.004072861364754614,0.0001940445379273344,0,7.494906107031059e-08,0.006381905780053302,0.00031540492256234155,0,11.185995899839327,7.324488067101848e-07,1.4381042450156874e-06,2.586410137654909e-05,2.463277444065019e-05,
subject_00277_healthy,subject_00277,subject_00277,subject_00277_healthy.npz,0,complete,2.0,6.0,2.0,11.0,-1.0,-1.0,-1.0,-1.0,0.0,0.0,0.0,0.0,2000000,none,pmcx,2165959353,4.580140434595453e-08,0.004125972301522462,0.00020470171353676847,0,2.0363572463878015e-07,0.006410873351254769,0.000314821875393622,0,10.935976299922913,9.804687576314853e-07,1.6912245587927959e-06,2.0733160631376465e-05,4.9243303733037015e-05,
subject_00277_hemorrhage,subject_00277,subject_00277,subject_00277_hemorrhage.npz,1,complete,2.0,6.0,2.0,11.0,37.0,46.0,17.0,16.0,5.0,7.0,4.0,577.0,2000000,none,pmcx,2165959353,4.9230866660760777e-08,0.004118886960261199,0.0002048556586280629,0,3.377177539675701e-07,0.006460116654987806,0.000315326306366688,0,10.925249600084499,9.804687576314853e-07,1.6912245587927959e-06,2.0733160631376465e-05,4.9243303733037015e-05,
subject_00278_healthy,subject_00278,subject_00278,subject_00278_healthy.npz,0,complete,3.0,5.0,2.0,11.0,-1.0,-1.0,-1.0,-1.0,0.0,0.0,0.0,0.0,2000000,none,pmcx,81613195,5.637175656588231e-08,0.003908225709119563,0.00019289684835158014,0,9.918623402259967e-08,0.006249320038110834,0.0003118863242132805,0,11.59182870038785,1.1968187891214035e-06,1.6002155730714798e-06,3.962622904541378e-05,2.860569368121936e-05,
subject_00278_hemorrhage,subject_00278,subject_00278,subject_00278_hemorrhage.npz,1,complete,3.0,5.0,2.0,11.0,41.0,27.0,15.0,14.0,7.0,6.0,4.0,671.0,2000000,none,pmcx,81613195,1.9988154136908605e-08,0.003914805659861775,0.00019316989208858126,0,1.0078655410984814e-07,0.006235132493087856,0.00031215426491574855,0,11.554168900242075,1.1968187891214035e-06,1.6002155730714798e-06,3.962622904541378e-05,2.860569368121936e-05,
subject_00279_healthy,subject_00279,subject_00279,subject_00279_healthy.npz,0,complete,3.0,5.0,1.0,10.0,-1.0,-1.0,-1.0,-1.0,0.0,0.0,0.0,0.0,2000000,none,pmcx,4196999037,1.7591749787854889e-09,0.0039129637319284824,0.00019028356171053667,0,2.1922928250474592e-09,0.0060888503595903755,0.0002983345723658249,0,11.438995199976489,8.912106740426917e-07,1.2488813839412793e-06,2.4302863916910366e-05,2.4892648378313162e-05,
subject_00279_hemorrhage,subject_00279,subject_00279,subject_00279_hemorrhage.npz,1,complete,3.0,5.0,1.0,10.0,42.0,49.0,18.0,17.0,6.0,7.0,5.0,877.0,2000000,none,pmcx,4196999037,6.448274675371271e-10,0.003917809422076573,0.0001902775831404408,0,2.5409286398764964e-08,0.0060945365384078585,0.00029861819974709756,0,11.43608189933002,8.912106740426917e-07,1.2488813839412793e-06,2.4302863916910366e-05,2.4892648378313162e-05,
subject_00280_healthy,subject_00280,subject_00280,subject_00280_healthy.npz,0,complete,2.0,6.0,2.0,11.0,-1.0,-1.0,-1.0,-1.0,0.0,0.0,0.0,0.0,2000000,none,pmcx,1321586855,1.3967877405977308e-08,0.004110891415284729,0.00019891838310235845,0,9.841432632542807e-08,0.006404066024608076,0.00031511883752743583,0,10.950399299850687,1.1956247346006291e-06,1.6170594436654067e-06,4.0769790013535454e-05,5.878523666340372e-05,
subject_00280_hemorrhage,subject_00280,subject_00280,subject_00280_hemorrhage.npz,1,complete,2.0,6.0,2.0,11.0,48.0,52.0,21.0,20.0,6.0,6.0,4.0,585.0,2000000,none,pmcx,1321586855,1.3891538981850357e-08,0.0040870843211194075,0.00019903525388277805,0,9.933242741941078e-08,0.006437255217882914,0.0003158153739017169,0,10.967198600061238,1.1956247346006291e-06,1.6170594436654067e-06,4.0769790013535454e-05,5.878523666340372e-05,
subject_00281_healthy,subject_00281,subject_00281,subject_00281_healthy.npz,0,complete,2.0,6.0,1.0,10.0,-1.0,-1.0,-1.0,-1.0,0.0,0.0,0.0,0.0,2000000,none,pmcx,2884924026,2.0988787454084474e-10,0.00428385865158778,0.0002094150959607249,0,4.7090206170593474e-08,0.00616956390795654,0.0003011612176721455,0,11.945109900087118,1.1409483264704782e-06,1.5742078856876038e-06,2.1252783209603325e-05,2.1752157092414046e-05,
subject_00281_hemorrhage,subject_00281,subject_00281,subject_00281_hemorrhage.npz,1,complete,2.0,6.0,1.0,10.0,36.0,32.0,14.0,13.0,6.0,7.0,4.0,671.0,2000000,none,pmcx,2884924026,4.355433756836811e-09,0.0042980483091715795,0.00020967535787080836,0,4.519282093222114e-08,0.006178192166052401,0.0003010179460588913,0,11.988933999324217,1.1409483264704782e-06,1.5742078856876038e-06,2.1252783209603325e-05,2.1752157092414046e-05,
subject_00282_healthy,subject_00282,subject_00282,subject_00282_healthy.npz,0,complete,3.0,6.0,1.0,11.0,-1.0,-1.0,-1.0,-1.0,0.0,0.0,0.0,0.0,2000000,none,pmcx,3401518047,3.3130221473256544e-09,0.00399811700791623,0.00019689969248299242,0,2.2137979886616222e-08,0.006031817779040432,0.00029571392299101236,0,11.488441999768838,7.765215012620981e-07,1.3598214320463055e-06,2.343948034374925e-05,3.671321033793095e-05,
subject_00282_hemorrhage,subject_00282,subject_00282,subject_00282_hemorrhage.npz,1,complete,3.0,6.0,1.0,11.0,31.0,56.0,21.0,20.0,5.0,6.0,4.0,491.0,2000000,none,pmcx,3401518047,2.8308947966575764e-09,0.004021556488259979,0.00019722892395809545,0,1.8439416292622147e-08,0.006052497488293776,0.00029611892229546624,0,11.552920800168067,7.765215012620981e-07,1.3598214320463055e-06,2.343948034374925e-05,3.671321033793095e-05,
subject_00283_healthy,subject_00283,subject_00283,subject_00283_healthy.npz,0,complete,2.0,7.0,1.0,11.0,-1.0,-1.0,-1.0,-1.0,0.0,0.0,0.0,0.0,2000000,none,pmcx,4255099245,5.429436831458961e-10,0.004307470809170341,0.00021289397469139457,0,4.881622052605548e-09,0.006385478132105288,0.00031360995574416183,0,11.814608200686052,1.0380841997483494e-06,1.3627030078609737e-06,3.411046752793516e-05,3.2808641764079e-05,
subject_00283_hemorrhage,subject_00283,subject_00283,subject_00283_hemorrhage.npz,1,complete,2.0,7.0,1.0,11.0,41.0,28.0,18.0,17.0,6.0,5.0,4.0,491.0,2000000,none,pmcx,4255099245,5.374463583493516e-10,0.004311056655142854,0.00021235651815234934,0,3.618952846935281e-09,0.006393572693309271,0.00031352914982468586,0,11.83972300007008,1.0380841997483494e-06,1.3627030078609737e-06,3.411046752793516e-05,3.2808641764079e-05,
subject_00284_healthy,subject_00284,subject_00284,subject_00284_healthy.npz,0,complete,2.0,5.0,2.0,10.0,-1.0,-1.0,-1.0,-1.0,0.0,0.0,0.0,0.0,2000000,none,pmcx,1254690080,4.5744218305873635e-08,0.004074147328041706,0.00019831193013731293,0,2.0603692439060355e-07,0.006016276202896265,0.000294123118271897,0,10.941049199551344,9.112394339291269e-07,1.2658002877223523e-06,2.4468399678638855e-05,1.5249954965020854e-05,
subject_00284_hemorrhage,subject_00284,subject_00284,subject_00284_hemorrhage.npz,1,complete,2.0,5.0,2.0,10.0,41.0,55.0,19.0,18.0,7.0,6.0,4.0,671.0,2000000,none,pmcx,1254690080,4.5763688715684625e-08,0.004061089196152936,0.00019809581673274515,0,2.4471163708112043e-07,0.00600683081833083,0.0002940568353409107,0,10.98448249953799,9.112394339291269e-07,1.2658002877223523e-06,2.4468399678638855e-05,1.5249954965020854e-05,
subject_00285_healthy,subject_00285,subject_00285,subject_00285_healthy.npz,0,complete,2.0,7.0,1.0,11.0,-1.0,-1.0,-1.0,-1.0,0.0,0.0,0.0,0.0,2000000,none,pmcx,2533497056,7.891117937988527e-10,0.004162590555639528,0.0002055156960641859,0,3.404617377878255e-08,0.006241647447856843,0.0002982011839757705,0,11.793722999980673,9.471925977953347e-07,1.5345364222672887e-06,2.6122789014763306e-05,2.8999133542634455e-05,
subject_00285_hemorrhage,subject_00285,subject_00285,subject_00285_hemorrhage.npz,1,complete,2.0,7.0,1.0,11.0,42.0,39.0,15.0,14.0,6.0,7.0,4.0,671.0,2000000,none,pmcx,2533497056,1.3913836619149297e-09,0.00416609337691026,0.00020529225732519683,0,2.802799632437667e-08,0.006215051915173276,0.0002983768625102653,0,11.852148600155488,9.471925977953347e-07,1.5345364222672887e-06,2.6122789014763306e-05,2.8999133542634455e-05,
subject_00286_healthy,subject_00286,subject_00286,subject_00286_healthy.npz,0,complete,3.0,7.0,2.0,13.0,-1.0,-1.0,-1.0,-1.0,0.0,0.0,0.0,0.0,2000000,none,pmcx,1647599392,1.3768434179852899e-08,0.0039596842479157745,0.00019471952463587073,0,7.602417630377518e-08,0.006204367714663661,0.0003102844545291055,0,10.894997599767521,8.294795373322097e-07,1.1966632474025546e-06,2.2518722512571924e-05,2.220664172483417e-05,
subject_00286_hemorrhage,subject_00286,subject_00286,subject_00286_hemorrhage.npz,1,complete,3.0,7.0,2.0,13.0,50.0,24.0,20.0,19.0,7.0,5.0,4.0,577.0,2000000,none,pmcx,1647599392,1.4363497795273522e-08,0.0039477571243075596,0.00019481385279741686,0,7.600820592696495e-08,0.006197620049661405,0.0003100935188486702,0,10.940612799488008,8.294795373322097e-07,1.1966632474025546e-06,2.2518722512571924e-05,2.220664172483417e-05,
subject_00287_healthy,subject_00287,subject_00287,subject_00287_healthy.npz,0,complete,3.0,5.0,1.0,10.0,-1.0,-1.0,-1.0,-1.0,0.0,0.0,0.0,0.0,2000000,none,pmcx,2276003798,6.1889994797508914e-09,0.003962203957748882,0.00019244579243275363,0,1.145105531149254e-08,0.0063121754673639225,0.0003096020311762908,0,11.757397999987006,1.0155647922396418e-06,1.4539671013837427e-06,2.2544210567692832e-05,3.471666567328186e-05,
subject_00287_hemorrhage,subject_00287,subject_00287,subject_00287_hemorrhage.npz,1,complete,3.0,5.0,1.0,10.0,50.0,42.0,17.0,16.0,6.0,7.0,5.0,877.0,2000000,none,pmcx,2276003798,4.4070465627478675e-09,0.003970366876356834,0.00019271880590688157,0,1.4567230467488387e-08,0.006346892133037204,0.000309785820952564,0,11.748114400077611,1.0155647922396418e-06,1.4539671013837427e-06,2.2544210567692832e-05,3.471666567328186e-05,
subject_00288_healthy,subject_00288,subject_00288,subject_00288_healthy.npz,0,complete,2.0,5.0,2.0,10.0,-1.0,-1.0,-1.0,-1.0,0.0,0.0,0.0,0.0,2000000,none,pmcx,2990733958,5.7141491379130415e-08,0.004197327724202579,0.0002061092028344386,0,1.0802897360995925e-07,0.00607332258461374,0.00029692850502064164,0,10.858577899867669,6.779453097182165e-07,1.4400731893527854e-06,1.19827239496266e-05,3.3309024454436335e-05,
subject_00288_hemorrhage,subject_00288,subject_00288,subject_00288_hemorrhage.npz,1,complete,2.0,5.0,2.0,10.0,52.0,31.0,21.0,20.0,5.0,6.0,5.0,613.0,2000000,none,pmcx,2990733958,5.671223676923954e-08,0.004185345000252952,0.0002060506842935696,0,1.1617170040182841e-07,0.006091678483153383,0.00029690778956746426,0,10.883808399783447,6.779453097182165e-07,1.4400731893527854e-06,1.19827239496266e-05,3.3309024454436335e-05,
subject_00289_healthy,subject_00289,subject_00289,subject_00289_healthy.npz,0,complete,2.0,6.0,1.0,10.0,-1.0,-1.0,-1.0,-1.0,0.0,0.0,0.0,0.0,2000000,none,pmcx,3990308037,9.973944458717422e-11,0.004201771924352085,0.00020649390384155512,0,3.498908279871429e-08,0.006359659718546413,0.00031037658160107764,0,11.747471100185066,6.392010219722297e-07,1.4214898078957742e-06,1.5722965118539906e-05,2.714255667800574e-05,
subject_00289_hemorrhage,subject_00289,subject_00289,subject_00289_hemorrhage.npz,1,complete,2.0,6.0,1.0,10.0,46.0,34.0,20.0,19.0,6.0,5.0,4.0,491.0,2000000,none,pmcx,3990308037,1.0076139190688862e-10,0.004212602629203364,0.00020674933944914985,0,3.497681562227643e-08,0.006372100561635936,0.00031027653715792725,0,11.745028599863872,6.392010219722297e-07,1.4214898078957742e-06,1.5722965118539906e-05,2.714255667800574e-05,
subject_00290_healthy,subject_00290,subject_00290,subject_00290_healthy.npz,0,complete,3.0,7.0,2.0,13.0,-1.0,-1.0,-1.0,-1.0,0.0,0.0,0.0,0.0,2000000,none,pmcx,299529229,1.089354749434375e-08,0.004068474554956892,0.00020072017184878736,0,1.2659342428818168e-07,0.006298310640208787,0.00030954304441045775,0,10.99748449982144,1.0620415815973794e-06,1.2692321265951494e-06,2.261855710925355e-05,1.6093197741158527e-05,
subject_00290_hemorrhage,subject_00290,subject_00290,subject_00290_hemorrhage.npz,1,complete,3.0,7.0,2.0,13.0,44.0,48.0,19.0,18.0,6.0,5.0,5.0,613.0,2000000,none,pmcx,299529229,1.4772415324112568e-08,0.00408300468623807,0.00020059172274089991,0,9.990343547404186e-08,0.0062914921912683615,0.0003096251111835193,0,10.99806630029343,1.0620415815973794e-06,1.2692321265951494e-06,2.261855710925355e-05,1.6093197741158527e-05,
subject_00291_healthy,subject_00291,subject_00291,subject_00291_healthy.npz,0,complete,3.0,6.0,2.0,12.0,-1.0,-1.0,-1.0,-1.0,0.0,0.0,0.0,0.0,2000000,none,pmcx,4258717839,2.3021593646100085e-08,0.00408340889006744,0.00020162034035617994,0,1.0567661601294098e-07,0.0061019956813932906,0.00029770671479389433,0,11.070512699894607,1.212117822051516e-06,1.5505424323418917e-06,1.620667879416362e-05,3.459178061155418e-05,
subject_00291_hemorrhage,subject_00291,subject_00291,subject_00291_hemorrhage.npz,1,complete,3.0,6.0,2.0,12.0,32.0,44.0,18.0,17.0,7.0,7.0,4.0,805.0,2000000,none,pmcx,4258717839,3.5126264883226186e-08,0.0040672022112732764,0.00020120723700886055,0,1.2730643363966205e-07,0.00610681439005341,0.0002975927481835558,0,11.095052299555391,1.212117822051516e-06,1.5505424323418917e-06,1.620667879416362e-05,3.459178061155418e-05,
subject_00292_healthy,subject_00292,subject_00292,subject_00292_healthy.npz,0,complete,2.0,5.0,1.0,9.0,-1.0,-1.0,-1.0,-1.0,0.0,0.0,0.0,0.0,2000000,none,pmcx,38593595,2.2059405098964993e-10,0.003952957540193299,0.00019393400486238165,0,4.792600893020525e-08,0.00610404100528546,0.0002989986811063199,0,11.598343000281602,1.1049489056487875e-06,1.5472474608418779e-06,2.4820403565033004e-05,4.624812563678183e-05,
subject_00292_hemorrhage,subject_00292,subject_00292,subject_00292_hemorrhage.npz,1,complete,2.0,5.0,1.0,9.0,44.0,32.0,20.0,19.0,7.0,7.0,5.0,1023.0,2000000,none,pmcx,38593595,2.836963843902845e-10,0.0039745294352532675,0.00019442766718796883,0,4.5558473273987814e-08,0.006095959015371793,0.0002982637622072415,0,11.657948799664155,1.1049489056487875e-06,1.5472474608418779e-06,2.4820403565033004e-05,4.624812563678183e-05,
subject_00293_healthy,subject_00293,subject_00293,subject_00293_healthy.npz,0,complete,2.0,5.0,2.0,10.0,-1.0,-1.0,-1.0,-1.0,0.0,0.0,0.0,0.0,2000000,none,pmcx,929027465,4.552761418966429e-08,0.003996724279265616,0.0001934696176452438,0,2.0170110887991078e-07,0.006061143892258377,0.000296565664688435,0,11.361216800287366,9.703750155195028e-07,1.7647559361872329e-06,3.045553874292308e-05,5.961876693670598e-05,
subject_00293_hemorrhage,subject_00293,subject_00293,subject_00293_hemorrhage.npz,1,complete,2.0,5.0,2.0,10.0,43.0,47.0,14.0,13.0,6.0,6.0,4.0,585.0,2000000,none,pmcx,929027465,7.924778632804604e-08,0.004011919476339865,0.0001932750647234181,0,1.9805772070069403e-07,0.006055158495675856,0.00029573820121037186,0,11.305931800045073,9.703750155195028e-07,1.7647559361872329e-06,3.045553874292308e-05,5.961876693670598e-05,
subject_00294_healthy,subject_00294,subject_00294,subject_00294_healthy.npz,0,complete,2.0,6.0,1.0,10.0,-1.0,-1.0,-1.0,-1.0,0.0,0.0,0.0,0.0,2000000,none,pmcx,2941602612,2.656744941062753e-09,0.004024420292657339,0.00019429490392309433,0,5.8149281414522016e-08,0.006389367144645701,0.00031026019821456653,0,12.151120999827981,1.0534691479010598e-06,1.2643045966019228e-06,1.9289344559089618e-05,1.8435589266291817e-05,
subject_00294_hemorrhage,subject_00294,subject_00294,subject_00294_hemorrhage.npz,1,complete,2.0,6.0,1.0,10.0,39.0,38.0,20.0,19.0,7.0,5.0,5.0,711.0,2000000,none,pmcx,2941602612,2.653289292083826e-09,0.004025831416257187,0.00019402963745158725,0,5.481752974057963e-08,0.006380794729003449,0.00030967260285194104,0,12.159238900057971,1.0534691479010598e-06,1.2643045966019228e-06,1.9289344559089618e-05,1.8435589266291817e-05,
subject_00295_healthy,subject_00295,subject_00295,subject_00295_healthy.npz,0,complete,3.0,6.0,1.0,11.0,-1.0,-1.0,-1.0,-1.0,0.0,0.0,0.0,0.0,2000000,none,pmcx,1042433785,3.280404129539799e-09,0.004095901293677071,0.00020276987600174144,0,2.2803724129855784e-08,0.006272439501807912,0.0003177963753275774,0,11.474544399417937,1.0462728534066022e-06,1.1013279906957508e-06,1.7576513994731376e-05,1.078479492638059e-05,
subject_00295_hemorrhage,subject_00295,subject_00295,subject_00295_hemorrhage.npz,1,complete,3.0,6.0,1.0,11.0,33.0,32.0,20.0,19.0,7.0,7.0,4.0,805.0,2000000,none,pmcx,1042433785,3.2779436379555036e-09,0.00407832477968234,0.00020282658380685624,0,1.65081961406266e-08,0.00628277033671372,0.00031762732923661466,0,11.516457500867546,1.0462728534066022e-06,1.1013279906957508e-06,1.7576513994731376e-05,1.078479492638059e-05,
subject_00296_healthy,subject_00296,subject_00296,subject_00296_healthy.npz,0,complete,2.0,6.0,2.0,11.0,-1.0,-1.0,-1.0,-1.0,0.0,0.0,0.0,0.0,2000000,none,pmcx,3133164669,1.3887635810494033e-08,0.004039452235587266,0.00019853814832654856,0,2.3918423629086435e-07,0.0063098166590544675,0.000307143971163393,0,11.435250699752942,9.843819821798892e-07,1.4379951394589676e-06,3.790787041646265e-05,4.0913767748371015e-05,
subject_00296_hemorrhage,subject_00296,subject_00296,subject_00296_hemorrhage.npz,1,complete,2.0,6.0,2.0,11.0,46.0,49.0,18.0,17.0,6.0,5.0,5.0,613.0,2000000,none,pmcx,3133164669,1.6452652345714608e-08,0.004040507723353121,0.00019829478797171385,0,2.433897507397333e-07,0.006299157675804717,0.000306708207051903,0,11.39473840012215,9.843819821798892e-07,1.4379951394589676e-06,3.790787041646265e-05,4.0913767748371015e-05,
subject_00297_healthy,subject_00297,subject_00297,subject_00297_healthy.npz,0,complete,2.0,6.0,2.0,11.0,-1.0,-1.0,-1.0,-1.0,0.0,0.0,0.0,0.0,2000000,none,pmcx,3664796496,1.7825341882376322e-08,0.004112147882889679,0.00020369745300393113,0,1.753185549255687e-07,0.006250400933839797,0.0003045274073124926,0,11.314997100038454,1.2691958466087779e-06,1.3467395146660982e-06,2.9808709324758743e-05,1.7765824659793025e-05,
subject_00297_hemorrhage,subject_00297,subject_00297,subject_00297_hemorrhage.npz,1,complete,2.0,6.0,2.0,11.0,41.0,41.0,17.0,16.0,6.0,7.0,4.0,671.0,2000000,none,pmcx,3664796496,2.1744881456099607e-08,0.004103343463733187,0.00020362160683308115,0,1.5618795232254219e-07,0.00626816675849959,0.0003048191112204532,0,11.41429049987346,1.2691958466087779e-06,1.3467395146660982e-06,2.9808709324758743e-05,1.7765824659793025e-05,
subject_00298_healthy,subject_00298,subject_00298,subject_00298_healthy.npz,0,complete,2.0,5.0,1.0,9.0,-1.0,-1.0,-1.0,-1.0,0.0,0.0,0.0,0.0,2000000,none,pmcx,219943482,1.2367890290722503e-08,0.004176872293707196,0.0002040199655976936,0,8.547706918623564e-10,0.006103464938508747,0.00029515914979799294,0,12.011821599677205,5.924587365508419e-07,9.980656503408585e-07,8.922642838025616e-06,1.275041987482909e-05,
subject_00298_hemorrhage,subject_00298,subject_00298,subject_00298_hemorrhage.npz,1,complete,2.0,5.0,1.0,9.0,40.0,26.0,19.0,18.0,7.0,5.0,4.0,577.0,2000000,none,pmcx,219943482,6.80817186336557e-09,0.00417805252898346,0.00020395967788094864,0,8.05443578347392e-10,0.006100364748802519,0.000295201089762061,0,12.00116670015268,5.924587365508419e-07,9.980656503408585e-07,8.922642838025616e-06,1.275041987482909e-05,
subject_00299_healthy,subject_00299,subject_00299,subject_00299_healthy.npz,0,complete,2.0,5.0,2.0,10.0,-1.0,-1.0,-1.0,-1.0,0.0,0.0,0.0,0.0,2000000,none,pmcx,1882861515,4.7377081635563844e-08,0.003954919443116102,0.0001930308353589028,0,1.5387564310747162e-07,0.006105244808518959,0.00029405748250190266,0,11.060650599887595,6.287083583932139e-07,1.1795861250666806e-06,9.366285915500495e-06,1.5210355425831004e-05,
subject_00299_hemorrhage,subject_00299,subject_00299,subject_00299_hemorrhage.npz,1,complete,2.0,5.0,2.0,10.0,33.0,29.0,19.0,18.0,5.0,7.0,4.0,577.0,2000000,none,pmcx,1882861515,3.6257312689102184e-08,0.003948718449945528,0.00019288509510298593,0,9.853648043080201e-08,0.00612045516394479,0.0002943068244831602,0,11.06913339998573,6.287083583932139e-07,1.1795861250666806e-06,9.366285915500495e-06,1.5210355425831004e-05,
subject_00300_healthy,subject_00300,subject_00300,subject_00300_healthy.npz,0,complete,3.0,7.0,2.0,13.0,-1.0,-1.0,-1.0,-1.0,0.0,0.0,0.0,0.0,2000000,none,pmcx,3662344618,6.593999019738145e-10,0.004276714061227981,0.0002120047167586886,0,4.36047328929577e-08,0.006129934525017324,0.0003053209462001629,0,10.831332999747247,9.812622845349396e-07,1.1921540642224012e-06,2.214285375577935e-05,2.6631970205524477e-05,
subject_00300_hemorrhage,subject_00300,subject_00300,subject_00300_hemorrhage.npz,1,complete,3.0,7.0,2.0,13.0,38.0,35.0,21.0,20.0,5.0,7.0,5.0,711.0,2000000,none,pmcx,3662344618,6.007295520401397e-10,0.004279381622229156,0.0002123271961509155,0,2.3080423638169708e-08,0.006136659236654108,0.00030561732971495553,0,10.878585600061342,9.812622845349396e-07,1.1921540642224012e-06,2.214285375577935e-05,2.6631970205524477e-05,
subject_00301_healthy,subject_00301,subject_00301,subject_00301_healthy.npz,0,complete,3.0,5.0,2.0,11.0,-1.0,-1.0,-1.0,-1.0,0.0,0.0,0.0,0.0,2000000,none,pmcx,1157865121,2.4443314520836986e-08,0.0039418578693525,0.0001944436165445754,0,1.5017825717006507e-07,0.00640766365145781,0.00032105729301583417,0,11.125302999978885,7.630218337481872e-07,1.5370516644028206e-06,1.8501950892644767e-05,5.5366617822563344e-05,
subject_00301_hemorrhage,subject_00301,subject_00301,subject_00301_hemorrhage.npz,1,complete,3.0,5.0,2.0,11.0,35.0,56.0,19.0,18.0,5.0,6.0,5.0,613.0,2000000,none,pmcx,1157865121,2.4218886909124218e-08,0.003923355918459855,0.00019426942213497737,0,1.2407730638070195e-07,0.006432510200737493,0.0003216398601134337,0,11.195825399132445,7.630218337481872e-07,1.5370516644028206e-06,1.8501950892644767e-05,5.5366617822563344e-05,
subject_00302_healthy,subject_00302,subject_00302,subject_00302_healthy.npz,0,complete,3.0,6.0,2.0,12.0,-1.0,-1.0,-1.0,-1.0,0.0,0.0,0.0,0.0,2000000,none,pmcx,411528019,1.829347271426461e-08,0.003972331948557129,0.0001961880443643707,0,2.480831321511791e-07,0.006206492046421091,0.0003103573291233717,0,11.393196399323642,7.616208278769236e-07,1.7320289729730735e-06,1.0094301860523762e-05,2.4294919766089905e-05,
subject_00302_hemorrhage,subject_00302,subject_00302,subject_00302_hemorrhage.npz,1,complete,3.0,6.0,2.0,12.0,35.0,42.0,16.0,15.0,5.0,7.0,4.0,577.0,2000000,none,pmcx,411528019,1.8895594804289357e-08,0.003971040845462822,0.00019601433302324158,0,1.4723685741254736e-07,0.006211009110630878,0.00031035628661825346,0,11.394229799741879,7.616208278769236e-07,1.7320289729730735e-06,1.0094301860523762e-05,2.4294919766089905e-05,
subject_00303_healthy,subject_00303,subject_00303,subject_00303_healthy.npz,0,complete,2.0,6.0,2.0,11.0,-1.0,-1.0,-1.0,-1.0,0.0,0.0,0.0,0.0,2000000,none,pmcx,439672478,2.2562791314853364e-08,0.004234314519346787,0.00020672508746203755,0,3.199858509196596e-07,0.006416090042128649,0.0003095862783842703,0,11.528104299679399,8.484950905796795e-07,9.284396689889295e-07,1.165711700593531e-05,1.6399598342907613e-05,
subject_00303_hemorrhage,subject_00303,subject_00303,subject_00303_hemorrhage.npz,1,complete,2.0,6.0,2.0,11.0,30.0,33.0,18.0,17.0,5.0,7.0,4.0,577.0,2000000,none,pmcx,439672478,3.3109994873146955e-08,0.004234491589423879,0.00020691576754384487,0,3.1444437986912516e-07,0.006399690443785741,0.00030939837692534755,0,11.508100900100544,8.484950905796795e-07,9.284396689889295e-07,1.165711700593531e-05,1.6399598342907613e-05,
subject_00304_healthy,subject_00304,subject_00304,subject_00304_healthy.npz,0,complete,2.0,5.0,2.0,10.0,-1.0,-1.0,-1.0,-1.0,0.0,0.0,0.0,0.0,2000000,none,pmcx,1075501622,2.0550733229715336e-08,0.004234441946321029,0.00020841896918327024,0,1.5667180101560823e-07,0.0062545277887108884,0.00030490189484217063,0,10.979080800199881,1.1915210140334503e-06,1.507501590245443e-06,1.6741455112903765e-05,2.430591422991884e-05,
subject_00304_hemorrhage,subject_00304,subject_00304,subject_00304_hemorrhage.npz,1,complete,2.0,5.0,2.0,10.0,36.0,45.0,15.0,14.0,7.0,6.0,4.0,671.0,2000000,none,pmcx,1075501622,2.0348218824485352e-08,0.0042220930202568245,0.00020831998387389167,0,1.5682466656194025e-07,0.006278833702940807,0.00030491040665039644,0,10.993813900277019,1.1915210140334503e-06,1.507501590245443e-06,1.6741455112903765e-05,2.430591422991884e-05,
subject_00305_healthy,subject_00305,subject_00305,subject_00305_healthy.npz,0,complete,2.0,6.0,2.0,11.0,-1.0,-1.0,-1.0,-1.0,0.0,0.0,0.0,0.0,2000000,none,pmcx,2725239098,2.5183109186782242e-08,0.004185393767547711,0.00020818755361426183,0,2.222021635690276e-07,0.0059913936196362705,0.0002923013138858275,0,11.091081299353391,9.526209443183284e-07,1.8840763414796084e-06,1.5336861299179456e-05,3.837339591440409e-05,
subject_00305_hemorrhage,subject_00305,subject_00305,subject_00305_hemorrhage.npz,1,complete,2.0,6.0,2.0,11.0,33.0,33.0,19.0,18.0,7.0,5.0,5.0,711.0,2000000,none,pmcx,2725239098,2.589684955209808e-08,0.004179850116125035,0.0002078303634320215,0,1.9317326234709404e-07,0.005953020223721866,0.00029250417473800663,0,11.179602000163868,9.526209443183284e-07,1.8840763414796084e-06,1.5336861299179456e-05,3.837339591440409e-05,
subject_00306_healthy,subject_00306,subject_00306,subject_00306_healthy.npz,0,complete,2.0,6.0,2.0,11.0,-1.0,-1.0,-1.0,-1.0,0.0,0.0,0.0,0.0,2000000,none,pmcx,2805409747,2.5455107670262117e-08,0.004131167753640093,0.00020138674910279928,0,1.3485244205810494e-07,0.006327690977587911,0.00030288399931509605,0,11.634772399906069,8.335652171928093e-07,1.2044785190754092e-06,2.364357879502954e-05,1.4562984340388903e-05,
subject_00306_hemorrhage,subject_00306,subject_00306,subject_00306_hemorrhage.npz,1,complete,2.0,6.0,2.0,11.0,38.0,42.0,17.0,16.0,7.0,6.0,4.0,671.0,2000000,none,pmcx,2805409747,2.540719594016331e-08,0.004154811332435122,0.0002015491916739899,0,1.3338989941713105e-07,0.006332748467299492,0.0003030434146387821,0,11.678475300315768,8.335652171928093e-07,1.2044785190754092e-06,2.364357879502954e-05,1.4562984340388903e-05,
subject_00307_healthy,subject_00307,subject_00307,subject_00307_healthy.npz,0,complete,2.0,7.0,2.0,12.0,-1.0,-1.0,-1.0,-1.0,0.0,0.0,0.0,0.0,2000000,none,pmcx,2732787716,2.101902190964511e-08,0.0038635094825713754,0.00019022426038135294,0,1.145961052434603e-07,0.006248854006885259,0.0003131466674993108,0,11.219498400343582,9.925081068417352e-07,1.1962441972927577e-06,2.2917788415928366e-05,1.7312024017253694e-05,
subject_00307_hemorrhage,subject_00307,subject_00307,subject_00307_hemorrhage.npz,1,complete,2.0,7.0,2.0,12.0,36.0,41.0,16.0,15.0,5.0,6.0,4.0,491.0,2000000,none,pmcx,2732787716,2.0664156644868562e-08,0.003840591694155447,0.00018998527997465605,0,1.7139909134649656e-07,0.006245737191048734,0.0003129960112521562,0,11.181607500649989,9.925081068417352e-07,1.1962441972927577e-06,2.2917788415928366e-05,1.7312024017253694e-05,
subject_00308_healthy,subject_00308,subject_00308,subject_00308_healthy.npz,0,complete,2.0,6.0,1.0,10.0,-1.0,-1.0,-1.0,-1.0,0.0,0.0,0.0,0.0,2000000,none,pmcx,276092763,2.088343211874022e-09,0.003955176202736575,0.0001907086478114085,0,4.024842434886441e-08,0.006170145814173679,0.0003005657976698791,0,11.785837999777868,6.278665710339914e-07,1.1839022421068721e-06,1.5440255482173423e-05,2.670175227021971e-05,
subject_00308_hemorrhage,subject_00308,subject_00308,subject_00308_hemorrhage.npz,1,complete,2.0,6.0,1.0,10.0,48.0,33.0,17.0,16.0,5.0,5.0,5.0,515.0,2000000,none,pmcx,276092763,1.4173997173547805e-09,0.003958612108919919,0.00019049080564596636,0,3.5622863505846455e-08,0.006159950183102549,0.00030017377885014544,0,11.787122400244698,6.278665710339914e-07,1.1839022421068721e-06,1.5440255482173423e-05,2.670175227021971e-05,
subject_00309_healthy,subject_00309,subject_00309,subject_00309_healthy.npz,0,complete,3.0,7.0,2.0,13.0,-1.0,-1.0,-1.0,-1.0,0.0,0.0,0.0,0.0,2000000,none,pmcx,1702428110,2.8718143707185686e-08,0.00393619410464886,0.00019295089083636716,0,3.758933256255573e-08,0.006097759292782822,0.0002971931829557267,0,11.290274900151417,8.695916359863557e-07,1.5075375335104268e-06,2.381177007435443e-05,2.3649974098540263e-05,
subject_00309_hemorrhage,subject_00309,subject_00309,subject_00309_hemorrhage.npz,1,complete,3.0,7.0,2.0,13.0,42.0,42.0,19.0,18.0,7.0,5.0,4.0,577.0,2000000,none,pmcx,1702428110,3.530215929010332e-08,0.003912382334574506,0.00019281027042657351,0,3.946486873757085e-08,0.006074652790733682,0.000297044482419395,0,11.296415600227192,8.695916359863557e-07,1.5075375335104268e-06,2.381177007435443e-05,2.3649974098540263e-05,
subject_00310_healthy,subject_00310,subject_00310,subject_00310_healthy.npz,0,complete,2.0,5.0,1.0,9.0,-1.0,-1.0,-1.0,-1.0,0.0,0.0,0.0,0.0,2000000,none,pmcx,2482604699,9.22275638742777e-11,0.003984874032146988,0.0001895384281907044,0,3.346163263189095e-08,0.0062329534384755175,0.0003075356459040264,0,12.429371200501919,1.0950714835941065e-06,1.122088927856972e-06,2.0559421619339123e-05,1.4301119560551764e-05,
subject_00310_hemorrhage,subject_00310,subject_00310,subject_00310_hemorrhage.npz,1,complete,2.0,5.0,1.0,9.0,30.0,52.0,17.0,16.0,7.0,7.0,4.0,805.0,2000000,none,pmcx,2482604699,8.196722426751749e-09,0.003970439636040912,0.00018948138986395492,0,1.5152527017808416e-08,0.006230012800911731,0.00030717235630742137,0,12.39830519957468,1.0950714835941065e-06,1.122088927856972e-06,2.0559421619339123e-05,1.4301119560551764e-05,
subject_00311_healthy,subject_00311,subject_00311,subject_00311_healthy.npz,0,complete,2.0,7.0,1.0,11.0,-1.0,-1.0,-1.0,-1.0,0.0,0.0,0.0,0.0,2000000,none,pmcx,376968377,1.1835946803612912e-09,0.004086761898991531,0.0001980742162653006,0,5.887766159698765e-08,0.006482075792112745,0.0003190482730256079,0,11.816316599724814,8.614673068912274e-07,1.0707871910133664e-06,3.096257152711366e-05,1.5655854176962504e-05,
subject_00311_hemorrhage,subject_00311,subject_00311,subject_00311_hemorrhage.npz,1,complete,2.0,7.0,1.0,11.0,35.0,24.0,18.0,17.0,6.0,5.0,4.0,491.0,2000000,none,pmcx,376968377,2.485109627092196e-09,0.004084824857644478,0.0001978016995470265,0,3.78086677867189e-08,0.006466419937935782,0.0003191041180814546,0,11.765608299523592,8.614673068912274e-07,1.0707871910133664e-06,3.096257152711366e-05,1.5655854176962504e-05,
subject_00312_healthy,subject_00312,subject_00312,subject_00312_healthy.npz,0,complete,3.0,6.0,1.0,11.0,-1.0,-1.0,-1.0,-1.0,0.0,0.0,0.0,0.0,2000000,none,pmcx,4199709597,9.287317462877103e-10,0.003981656169570992,0.0001942912895224139,0,2.0719359014719117e-08,0.006344662036536348,0.0003123560562868711,0,11.615699900314212,8.484518689968622e-07,1.3916025875225614e-06,1.8847598368949663e-05,2.1377674968806265e-05,
subject_00312_hemorrhage,subject_00312,subject_00312,subject_00312_hemorrhage.npz,1,complete,3.0,6.0,1.0,11.0,32.0,50.0,21.0,20.0,5.0,7.0,4.0,577.0,2000000,none,pmcx,4199709597,2.3129642513792773e-09,0.003962808571202042,0.00019423115220552567,0,2.0338710846864227e-08,0.006354134991458944,0.0003126216555041768,0,11.614447400672361,8.484518689968622e-07,1.3916025875225614e-06,1.8847598368949663e-05,2.1377674968806265e-05,
subject_00313_healthy,subject_00313,subject_00313,subject_00313_healthy.npz,0,complete,2.0,6.0,2.0,11.0,-1.0,-1.0,-1.0,-1.0,0.0,0.0,0.0,0.0,2000000,none,pmcx,3900320440,6.947559492022667e-08,0.004081162961705287,0.0002004725962319536,0,8.932317695590287e-08,0.0062162384603835115,0.0003018441042242424,0,11.129054100252688,1.067508188723732e-06,1.2850790335644723e-06,2.1185161462715547e-05,2.190423803398716e-05,
subject_00313_hemorrhage,subject_00313,subject_00313,subject_00313_hemorrhage.npz,1,complete,2.0,6.0,2.0,11.0,31.0,50.0,20.0,19.0,7.0,6.0,5.0,877.0,2000000,none,pmcx,3900320440,6.866468227231392e-08,0.004102348123168002,0.00020030845192772474,0,7.973136010819983e-08,0.006220616134372383,0.00030189532777589854,0,11.191399900009856,1.067508188723732e-06,1.2850790335644723e-06,2.1185161462715547e-05,2.190423803398716e-05,
subject_00314_healthy,subject_00314,subject_00314,subject_00314_healthy.npz,0,complete,2.0,5.0,2.0,10.0,-1.0,-1.0,-1.0,-1.0,0.0,0.0,0.0,0.0,2000000,none,pmcx,1086808259,3.5702518575791e-08,0.004158018586753976,0.0002043770904581396,0,1.0051927290191512e-07,0.006068855746868435,0.00029464035220465193,0,10.897072300082073,1.8332064940356568e-06,1.8390176871984208e-06,4.925620893867812e-05,3.5486871614069486e-05,
subject_00314_hemorrhage,subject_00314,subject_00314,subject_00314_hemorrhage.npz,1,complete,2.0,5.0,2.0,10.0,38.0,48.0,15.0,14.0,7.0,7.0,4.0,805.0,2000000,none,pmcx,1086808259,1.4242102403090637e-08,0.0041087623778152975,0.00020324394102346467,0,8.859041581248929e-08,0.006104342618482504,0.0002943222533258981,0,10.952770499978215,1.8332064940356568e-06,1.8390176871984208e-06,4.925620893867812e-05,3.5486871614069486e-05,
subject_00315_healthy,subject_00315,subject_00315,subject_00315_healthy.npz,0,complete,2.0,6.0,2.0,11.0,-1.0,-1.0,-1.0,-1.0,0.0,0.0,0.0,0.0,2000000,none,pmcx,1579143045,1.6411702784030768e-08,0.004188358212079029,0.0002056085344585158,0,1.2084167883702333e-07,0.006250717072910683,0.00030877347284135,0,10.978928700322285,1.1979277878597267e-06,1.608975829006372e-06,2.905818641753266e-05,3.590033717835485e-05,
subject_00315_hemorrhage,subject_00315,subject_00315,subject_00315_hemorrhage.npz,1,complete,2.0,6.0,2.0,11.0,33.0,36.0,18.0,17.0,5.0,5.0,4.0,417.0,2000000,none,pmcx,1579143045,1.3348051238336004e-08,0.00417597019907281,0.00020561499175329457,0,1.2126432491567375e-07,0.00626335435921221,0.000308473985311186,0,10.995922100963071,1.1979277878597267e-06,1.608975829006372e-06,2.905818641753266e-05,3.590033717835485e-05,
subject_00316_healthy,subject_00316,subject_00316,subject_00316_healthy.npz,0,complete,2.0,6.0,1.0,10.0,-1.0,-1.0,-1.0,-1.0,0.0,0.0,0.0,0.0,2000000,none,pmcx,1162387551,2.549889992728551e-10,0.0040862518609987315,0.00019846049762054137,0,4.312782520035386e-08,0.006418422345814286,0.0003135904549227184,0,12.131768299499527,8.625621430022866e-07,1.8174304537849232e-06,2.5443496844486553e-05,2.4726136716225885e-05,
subject_00316_hemorrhage,subject_00316,subject_00316,subject_00316_hemorrhage.npz,1,complete,2.0,6.0,1.0,10.0,42.0,27.0,18.0,17.0,6.0,6.0,4.0,585.0,2000000,none,pmcx,1162387551,2.4314158547670794e-10,0.0040843296507914175,0.0001987198508068478,0,8.059772706427173e-08,0.006411714514721662,0.00031414240975862764,0,12.113637000089511,8.625621430022866e-07,1.8174304537849232e-06,2.5443496844486553e-05,2.4726136716225885e-05,
subject_00317_healthy,subject_00317,subject_00317,subject_00317_healthy.npz,0,complete,3.0,6.0,1.0,11.0,-1.0,-1.0,-1.0,-1.0,0.0,0.0,0.0,0.0,2000000,none,pmcx,401716635,2.7167327653899467e-10,0.003914550734508109,0.00019258000348979204,0,3.727372653172392e-08,0.006060057076216935,0.00029868537344954796,0,12.103373499820009,1.0052557776546327e-06,1.6063631988377347e-06,1.9592769966275767e-05,3.585081823915138e-05,
subject_00317_hemorrhage,subject_00317,subject_00317,subject_00317_hemorrhage.npz,1,complete,3.0,6.0,1.0,11.0,35.0,52.0,15.0,14.0,6.0,5.0,4.0,491.0,2000000,none,pmcx,401716635,3.2160834198967772e-09,0.003909847006569242,0.0001926222936074594,0,2.214743912397239e-08,0.006095907894456087,0.0002985391682429324,0,12.163636500248685,1.0052557776546327e-06,1.6063631988377347e-06,1.9592769966275767e-05,3.585081823915138e-05,
subject_00318_healthy,subject_00318,subject_00318,subject_00318_healthy.npz,0,complete,2.0,6.0,1.0,10.0,-1.0,-1.0,-1.0,-1.0,0.0,0.0,0.0,0.0,2000000,none,pmcx,280331277,4.8980284096669804e-09,0.00411993575899673,0.00020244310975910582,0,6.334247735590646e-09,0.0060201285640508,0.00029566510561771387,0,11.862378299701959,6.952353838640717e-07,1.1408005050644092e-06,1.0366457947343609e-05,1.6848472667744217e-05,
subject_00318_hemorrhage,subject_00318,subject_00318,subject_00318_hemorrhage.npz,1,complete,2.0,6.0,1.0,10.0,34.0,31.0,18.0,17.0,5.0,6.0,4.0,491.0,2000000,none,pmcx,280331277,2.0570720466478163e-09,0.004121707392998937,0.00020244239378781838,0,8.127301643020576e-09,0.006036977036718544,0.0002961039853775559,0,11.873390399618074,6.952353838640717e-07,1.1408005050644092e-06,1.0366457947343609e-05,1.6848472667744217e-05,
subject_00319_healthy,subject_00319,subject_00319,subject_00319_healthy.npz,0,complete,2.0,6.0,1.0,10.0,-1.0,-1.0,-1.0,-1.0,0.0,0.0,0.0,0.0,2000000,none,pmcx,320849673,4.096227921032323e-09,0.004267999634210831,0.00020999958270671927,0,3.2736856513717433e-08,0.006124515516641169,0.0003005354956774724,0,12.150240899762139,7.473548877514484e-07,1.6814669700588406e-06,1.3458124944609393e-05,3.860480843936951e-05,
subject_00319_hemorrhage,subject_00319,subject_00319,subject_00319_hemorrhage.npz,1,complete,2.0,6.0,1.0,10.0,38.0,48.0,20.0,19.0,6.0,6.0,5.0,739.0,2000000,none,pmcx,320849673,4.1038368560509494e-09,0.004267469670663112,0.00020997478396109125,0,3.29035953131299e-08,0.006163120325080538,0.0003007664962761759,0,12.151327300118282,7.473548877514484e-07,1.6814669700588406e-06,1.3458124944609393e-05,3.860480843936951e-05,
subject_00320_healthy,subject_00320,subject_00320,subject_00320_healthy.npz,0,complete,3.0,7.0,2.0,13.0,-1.0,-1.0,-1.0,-1.0,0.0,0.0,0.0,0.0,2000000,none,pmcx,2941668704,5.003740670701251e-09,0.004134991312308742,0.0002058845925576065,0,1.3740848336261908e-07,0.006070774291499013,0.0003005514392414988,0,11.44053199980408,8.549053786571924e-07,1.4077319303845996e-06,1.140950813795314e-05,3.19132573943586e-05,
subject_00320_hemorrhage,subject_00320,subject_00320,subject_00320_hemorrhage.npz,1,complete,3.0,7.0,2.0,13.0,28.0,47.0,18.0,17.0,5.0,7.0,5.0,711.0,2000000,none,pmcx,2941668704,4.168605286852602e-09,0.0041464008204466956,0.00020593449746458473,0,4.761855742240881e-08,0.006077268434589044,0.00029970780859597216,0,11.345212600193918,8.549053786571924e-07,1.4077319303845996e-06,1.140950813795314e-05,3.19132573943586e-05,
subject_00321_healthy,subject_00321,subject_00321,subject_00321_healthy.npz,0,complete,3.0,5.0,2.0,11.0,-1.0,-1.0,-1.0,-1.0,0.0,0.0,0.0,0.0,2000000,none,pmcx,1736440334,1.9413936934518243e-08,0.004090441416282692,0.0001986130844181598,0,2.509125014209311e-07,0.005929781883347705,0.00029010570507416824,0,10.918972599320114,8.411032247231014e-07,2.215574456287295e-06,2.2913264373220638e-05,5.2122061836206227e-05,
subject_00321_hemorrhage,subject_00321,subject_00321,subject_00321_hemorrhage.npz,1,complete,3.0,5.0,2.0,11.0,40.0,37.0,17.0,16.0,5.0,7.0,5.0,711.0,2000000,none,pmcx,1736440334,1.4338842745849296e-08,0.004113354680655912,0.000198733310150829,0,2.610211668606298e-07,0.005917441458924875,0.0002894569699513493,0,10.899904999649152,8.411032247231014e-07,2.215574456287295e-06,2.2913264373220638e-05,5.2122061836206227e-05,
subject_00322_healthy,subject_00322,subject_00322,subject_00322_healthy.npz,0,complete,3.0,5.0,1.0,10.0,-1.0,-1.0,-1.0,-1.0,0.0,0.0,0.0,0.0,2000000,none,pmcx,2686684186,8.555584339450793e-09,0.004073108424248685,0.00020218472975941536,0,4.4317767060938934e-08,0.006374121360615395,0.0003156697318077771,0,11.46476550027728,7.565743126301543e-07,1.4381524789455656e-06,1.8170755602263562e-05,4.010310830836975e-05,
subject_00322_hemorrhage,subject_00322,subject_00322,subject_00322_hemorrhage.npz,1,complete,3.0,5.0,1.0,10.0,49.0,46.0,20.0,19.0,7.0,7.0,5.0,1023.0,2000000,none,pmcx,2686684186,7.220465944916896e-09,0.004061483089667765,0.0002023212237026372,0,4.2108940809323236e-08,0.006371837206270154,0.0003154679929366453,0,11.47711170045659,7.565743126301543e-07,1.4381524789455656e-06,1.8170755602263562e-05,4.010310830836975e-05,
subject_00323_healthy,subject_00323,subject_00323,subject_00323_healthy.npz,0,complete,3.0,7.0,2.0,13.0,-1.0,-1.0,-1.0,-1.0,0.0,0.0,0.0,0.0,2000000,none,pmcx,2224311673,3.4876277748875745e-08,0.003807432627129558,0.0001872244692773815,0,1.3540624156722113e-07,0.006342574422787996,0.0003157594351602547,0,10.771004800219089,7.422072735766858e-07,1.361966979795373e-06,1.2675571538016319e-05,2.7247076609825463e-05,
subject_00323_hemorrhage,subject_00323,subject_00323,subject_00323_hemorrhage.npz,1,complete,3.0,7.0,2.0,13.0,36.0,27.0,20.0,19.0,7.0,5.0,4.0,577.0,2000000,none,pmcx,2224311673,3.595317739798969e-08,0.0038184907620843348,0.00018715330915638318,0,1.2304661373755074e-07,0.006318946631613839,0.00031518708919572034,0,10.856968800071627,7.422072735766858e-07,1.361966979795373e-06,1.2675571538016319e-05,2.7247076609825463e-05,
subject_00324_healthy,subject_00324,subject_00324,subject_00324_healthy.npz,0,complete,2.0,6.0,1.0,10.0,-1.0,-1.0,-1.0,-1.0,0.0,0.0,0.0,0.0,2000000,none,pmcx,4108135387,5.681948302801797e-10,0.004100708345325837,0.00019768493401346287,0,3.077414678198029e-08,0.006540866840239358,0.0003185975383218868,0,12.245691600488499,8.366539473139461e-07,1.0668113465448662e-06,2.437373006034839e-05,2.1177575807001733e-05,
subject_00324_hemorrhage,subject_00324,subject_00324,subject_00324_hemorrhage.npz,1,complete,2.0,6.0,1.0,10.0,47.0,43.0,16.0,15.0,5.0,6.0,4.0,491.0,2000000,none,pmcx,4108135387,1.6385011018758182e-09,0.004105042451186706,0.00019808756168947372,0,3.073199847951058e-08,0.006544030151347785,0.0003181746238500563,0,12.238683899166062,8.366539473139461e-07,1.0668113465448662e-06,2.437373006034839e-05,2.1177575807001733e-05,
subject_00325_healthy,subject_00325,subject_00325,subject_00325_healthy.npz,0,complete,3.0,6.0,1.0,11.0,-1.0,-1.0,-1.0,-1.0,0.0,0.0,0.0,0.0,2000000,none,pmcx,2053532084,3.6743074775726172e-09,0.003983487989635475,0.0001966027213835191,0,1.918097363868528e-08,0.006470863072192866,0.0003246395016026961,0,11.754773699911311,6.143283714807221e-07,1.7669942831952308e-06,2.5825026791314546e-05,4.078348772288635e-05,
subject_00325_hemorrhage,subject_00325,subject_00325,subject_00325_hemorrhage.npz,1,complete,3.0,6.0,1.0,11.0,37.0,53.0,20.0,19.0,6.0,7.0,4.0,671.0,2000000,none,pmcx,2053532084,3.6752517066783674e-09,0.0039788376875937665,0.00019656132551397815,0,1.91513893623903e-08,0.006511646559915752,0.00032460494108702746,0,11.762961300555617,6.143283714807221e-07,1.7669942831952308e-06,2.5825026791314546e-05,4.078348772288635e-05,
subject_00326_healthy,subject_00326,subject_00326,subject_00326_healthy.npz,0,complete,3.0,6.0,2.0,12.0,-1.0,-1.0,-1.0,-1.0,0.0,0.0,0.0,0.0,2000000,none,pmcx,1492422878,1.985119739551742e-09,0.004177427841940326,0.00021028692003472534,0,1.584152798647562e-07,0.005961728646904356,0.0002934307640071424,0,11.254345400026068,1.1438227530478682e-06,1.2910408961861998e-06,2.1443414842412488e-05,3.504346500380522e-05,
subject_00326_hemorrhage,subject_00326,subject_00326,subject_00326_hemorrhage.npz,1,complete,3.0,6.0,2.0,12.0,32.0,42.0,20.0,19.0,7.0,7.0,4.0,805.0,2000000,none,pmcx,1492422878,1.881460816764649e-09,0.004197745957850906,0.00021041203305679438,0,1.6855659225296247e-07,0.005970230854913302,0.0002937163021162153,0,11.25923809967935,1.1438227530478682e-06,1.2910408961861998e-06,2.1443414842412488e-05,3.504346500380522e-05,
subject_00327_healthy,subject_00327,subject_00327,subject_00327_healthy.npz,0,complete,3.0,5.0,2.0,11.0,-1.0,-1.0,-1.0,-1.0,0.0,0.0,0.0,0.0,2000000,none,pmcx,1631603708,1.4692405378358366e-08,0.003993538253334953,0.00019833271625312898,0,1.534218353124946e-07,0.006203810802058284,0.00030829701305170286,0,11.267961899517104,1.0944419066615732e-06,1.6791112646374788e-06,1.658843524507186e-05,4.8486089005002515e-05,
subject_00327_hemorrhage,subject_00327,subject_00327,subject_00327_hemorrhage.npz,1,complete,3.0,5.0,2.0,11.0,38.0,28.0,21.0,20.0,7.0,7.0,4.0,805.0,2000000,none,pmcx,1631603708,1.3354324195999482e-08,0.004009472662228028,0.0001984205923597969,0,1.573287367355846e-07,0.0062085073297116775,0.00030732545144724103,0,11.27730860048905,1.0944419066615732e-06,1.6791112646374788e-06,1.658843524507186e-05,4.8486089005002515e-05,
subject_00328_healthy,subject_00328,subject_00328,subject_00328_healthy.npz,0,complete,3.0,7.0,1.0,12.0,-1.0,-1.0,-1.0,-1.0,0.0,0.0,0.0,0.0,2000000,none,pmcx,4095521410,2.0939754833246014e-09,0.004097708057616973,0.0002034623062973621,0,3.238908776287199e-09,0.00604238026685523,0.0002968611646388084,0,11.5871074993629,8.696485199070205e-07,1.2193390501670816e-06,3.3957192960317253e-05,2.1174801970107182e-05,
subject_00328_hemorrhage,subject_00328,subject_00328,subject_00328_hemorrhage.npz,1,complete,3.0,7.0,1.0,12.0,31.0,34.0,20.0,19.0,5.0,7.0,4.0,577.0,2000000,none,pmcx,4095521410,2.067283571891377e-09,0.004097331624812157,0.0002031850076049453,0,5.1030973715147476e-09,0.0060237380839974885,0.0002967098245418149,0,11.592625299468637,8.696485199070205e-07,1.2193390501670816e-06,3.3957192960317253e-05,2.1174801970107182e-05,
subject_00329_healthy,subject_00329,subject_00329,subject_00329_healthy.npz,0,complete,3.0,5.0,2.0,11.0,-1.0,-1.0,-1.0,-1.0,0.0,0.0,0.0,0.0,2000000,none,pmcx,3119813742,7.068577711559404e-08,0.004040982574304957,0.0002008752557968919,0,1.805340490251473e-07,0.005901170272115954,0.0002878128673166467,0,10.920270100235939,1.1779239986339362e-06,1.4703310654786734e-06,2.315920682732179e-05,1.6685374522135317e-05,
subject_00329_hemorrhage,subject_00329,subject_00329,subject_00329_hemorrhage.npz,1,complete,3.0,5.0,2.0,11.0,36.0,56.0,16.0,15.0,6.0,5.0,5.0,613.0,2000000,none,pmcx,3119813742,2.3652917072817146e-08,0.00405345047243848,0.00020106679647241725,0,1.840305916979303e-07,0.005895815136579269,0.0002872035973460472,0,10.956521300133318,1.1779239986339362e-06,1.4703310654786734e-06,2.315920682732179e-05,1.6685374522135317e-05,
subject_00330_healthy,subject_00330,subject_00330,subject_00330_healthy.npz,0,complete,2.0,6.0,1.0,10.0,-1.0,-1.0,-1.0,-1.0,0.0,0.0,0.0,0.0,2000000,none,pmcx,800095479,5.112043779736492e-09,0.003992775548364565,0.00019678408147028357,0,2.7169867069478333e-08,0.006215203790477203,0.00030099986902050956,0,11.86921799951233,8.570204300192471e-07,1.3302330844477507e-06,1.2768682573116759e-05,2.3411186501150877e-05,
subject_00330_hemorrhage,subject_00330,subject_00330,subject_00330_hemorrhage.npz,1,complete,2.0,6.0,1.0,10.0,38.0,39.0,18.0,17.0,5.0,6.0,4.0,491.0,2000000,none,pmcx,800095479,5.673247607484934e-09,0.004005544230937682,0.00019688879307035872,0,2.6966135520891068e-08,0.006196431856110731,0.0003009336726723541,0,11.833184400107712,8.570204300192471e-07,1.3302330844477507e-06,1.2768682573116759e-05,2.3411186501150877e-05,
subject_00331_healthy,subject_00331,subject_00331,subject_00331_healthy.npz,0,complete,3.0,6.0,1.0,11.0,-1.0,-1.0,-1.0,-1.0,0.0,0.0,0.0,0.0,2000000,none,pmcx,220078942,5.850621965585091e-09,0.003990097025104631,0.0001956997165522773,0,5.018777665969183e-09,0.006333538126980014,0.00031708505812131586,0,11.752856499748304,7.131603901028071e-07,8.247623587845454e-07,1.4449385461785466e-05,1.1477720219080743e-05,
subject_00331_hemorrhage,subject_00331,subject_00331,subject_00331_hemorrhage.npz,1,complete,3.0,6.0,1.0,11.0,44.0,35.0,19.0,18.0,5.0,5.0,5.0,515.0,2000000,none,pmcx,220078942,5.849270527191228e-09,0.003990860421462921,0.00019550640829923684,0,1.8966975353149958e-08,0.006326525417525304,0.00031720091434280363,0,11.770549799781293,7.131603901028071e-07,8.247623587845454e-07,1.4449385461785466e-05,1.1477720219080743e-05,
subject_00332_healthy,subject_00332,subject_00332,subject_00332_healthy.npz,0,complete,3.0,5.0,1.0,10.0,-1.0,-1.0,-1.0,-1.0,0.0,0.0,0.0,0.0,2000000,none,pmcx,508053046,9.073109779100265e-10,0.004041086384105179,0.0002026231171603293,0,3.8627082796889304e-08,0.006303368992702344,0.00031132878906551674,0,12.227098000701517,8.665768198372951e-07,1.6642538643801647e-06,1.7796836941351012e-05,4.137527246325309e-05,
subject_00332_hemorrhage,subject_00332,subject_00332,subject_00332_hemorrhage.npz,1,complete,3.0,5.0,1.0,10.0,34.0,32.0,18.0,17.0,6.0,6.0,4.0,585.0,2000000,none,pmcx,508053046,1.039288019559526e-09,0.004040553996043872,0.00020259094836041705,0,3.90152249295555e-08,0.006292204685607434,0.00031093052919045047,0,12.293002800550312,8.665768198372951e-07,1.6642538643801647e-06,1.7796836941351012e-05,4.137527246325309e-05,
subject_00333_healthy,subject_00333,subject_00333,subject_00333_healthy.npz,0,complete,2.0,7.0,2.0,12.0,-1.0,-1.0,-1.0,-1.0,0.0,0.0,0.0,0.0,2000000,none,pmcx,2607103691,1.640617524350569e-08,0.0041398574227228,0.00020339998768168947,0,7.515279363703944e-08,0.006286286533700087,0.00030993492314335905,0,11.056476399768144,5.776287080333336e-07,1.7968402320210567e-06,8.549368256773222e-06,5.8443926005957714e-05,
subject_00333_hemorrhage,subject_00333,subject_00333,subject_00333_hemorrhage.npz,1,complete,2.0,7.0,2.0,12.0,32.0,50.0,19.0,18.0,6.0,5.0,4.0,491.0,2000000,none,pmcx,2607103691,1.62654995708485e-08,0.004148406790979573,0.00020346066456691396,0,9.740675003140549e-08,0.006344730459706045,0.00030982134215129444,0,11.02938269963488,5.776287080333336e-07,1.7968402320210567e-06,8.549368256773222e-06,5.8443926005957714e-05,
subject_00334_healthy,subject_00334,subject_00334,subject_00334_healthy.npz,0,complete,3.0,6.0,2.0,12.0,-1.0,-1.0,-1.0,-1.0,0.0,0.0,0.0,0.0,2000000,none,pmcx,2559608845,8.663933179849775e-09,0.003979397606732614,0.00019561000147536685,0,1.1270401806740237e-07,0.006046714299675385,0.0002957996122926763,0,11.418318799929693,8.208391505781949e-07,1.4775316456713623e-06,1.5345586991965393e-05,3.365219802301325e-05,
subject_00334_hemorrhage,subject_00334,subject_00334,subject_00334_hemorrhage.npz,1,complete,3.0,6.0,2.0,12.0,46.0,50.0,20.0,19.0,7.0,5.0,4.0,577.0,2000000,none,pmcx,2559608845,1.1429778877558275e-08,0.003971657581625555,0.00019534173498194344,0,1.0986995272515363e-07,0.006050666818841395,0.0002961394943890882,0,11.332193500595167,8.208391505781949e-07,1.4775316456713623e-06,1.5345586991965393e-05,3.365219802301325e-05,
subject_00335_healthy,subject_00335,subject_00335,subject_00335_healthy.npz,0,complete,3.0,5.0,1.0,10.0,-1.0,-1.0,-1.0,-1.0,0.0,0.0,0.0,0.0,2000000,none,pmcx,1911066096,2.625288618772056e-09,0.0038571120066039663,0.00018531660073215487,0,4.685506432191869e-08,0.006119198255665093,0.000300316818656237,0,12.320236799539998,9.041193874072527e-07,1.2513990200581995e-06,1.8195066423795647e-05,2.6991828120966413e-05,
subject_00335_hemorrhage,subject_00335,subject_00335,subject_00335_hemorrhage.npz,1,complete,3.0,5.0,1.0,10.0,30.0,50.0,21.0,20.0,6.0,6.0,4.0,585.0,2000000,none,pmcx,1911066096,2.252456994502156e-09,0.0038438994696374327,0.00018488341202519966,0,5.755883324313153e-08,0.006125749023115368,0.0003001623068506677,0,12.367721700109541,9.041193874072527e-07,1.2513990200581995e-06,1.8195066423795647e-05,2.6991828120966413e-05,
subject_00336_healthy,subject_00336,subject_00336,subject_00336_healthy.npz,0,complete,2.0,6.0,1.0,10.0,-1.0,-1.0,-1.0,-1.0,0.0,0.0,0.0,0.0,2000000,none,pmcx,1068743995,4.067769451581153e-09,0.004183181821286524,0.00020426856849842432,0,1.1068514893150823e-08,0.006355862726359416,0.0003077751620159227,0,12.247326900018379,1.0715605337392776e-06,1.384268127213424e-06,4.021650845985672e-05,5.7257647925574966e-05,
subject_00336_hemorrhage,subject_00336,subject_00336,subject_00336_hemorrhage.npz,1,complete,2.0,6.0,1.0,10.0,52.0,47.0,18.0,17.0,5.0,7.0,5.0,711.0,2000000,none,pmcx,1068743995,3.9083389083968285e-09,0.004202179854287054,0.00020468185717873813,0,8.49420095350548e-09,0.0063377742155082606,0.00030694761475014935,0,12.246494899969548,1.0715605337392776e-06,1.384268127213424e-06,4.021650845985672e-05,5.7257647925574966e-05,
subject_00337_healthy,subject_00337,subject_00337,subject_00337_healthy.npz,0,complete,3.0,6.0,2.0,12.0,-1.0,-1.0,-1.0,-1.0,0.0,0.0,0.0,0.0,2000000,none,pmcx,1120493446,3.780321747503076e-09,0.004106502599585202,0.0002059149770248107,0,1.453514570522711e-07,0.005993361431836868,0.00029191249795744114,0,10.894504300085828,1.125834640371421e-06,1.1185381180344094e-06,5.3890888296948165e-05,2.711063129783465e-05,
subject_00337_hemorrhage,subject_00337,subject_00337,subject_00337_hemorrhage.npz,1,complete,3.0,6.0,2.0,12.0,50.0,31.0,17.0,16.0,6.0,6.0,4.0,585.0,2000000,none,pmcx,1120493446,2.9095356827606512e-09,0.004111152287071629,0.00020519757799315313,0,1.4498335950178923e-07,0.00598543325713542,0.0002914452611199878,0,10.898185399593785,1.125834640371421e-06,1.1185381180344094e-06,5.3890888296948165e-05,2.711063129783465e-05,
subject_00338_healthy,subject_00338,subject_00338,subject_00338_healthy.npz,0,complete,3.0,6.0,1.0,11.0,-1.0,-1.0,-1.0,-1.0,0.0,0.0,0.0,0.0,2000000,none,pmcx,3166412596,1.2684051852425266e-11,0.004118557237702441,0.0002058383462496899,0,3.855957285167798e-08,0.006269255933680576,0.00031414481669987616,0,11.73754519992508,5.970723274099683e-07,1.4849408846630314e-06,1.3683517020148493e-05,2.3854509115305705e-05,
subject_00338_hemorrhage,subject_00338,subject_00338,subject_00338_hemorrhage.npz,1,complete,3.0,6.0,1.0,11.0,41.0,37.0,21.0,20.0,5.0,7.0,5.0,711.0,2000000,none,pmcx,3166412596,1.3128930746172206e-11,0.004125189408500419,0.0002058745659432205,0,2.033880126079624e-08,0.006288102656562375,0.0003141441975395433,0,11.721661299932748,5.970723274099683e-07,1.4849408846630314e-06,1.3683517020148493e-05,2.3854509115305705e-05,
subject_00339_healthy,subject_00339,subject_00339,subject_00339_healthy.npz,0,complete,2.0,7.0,2.0,12.0,-1.0,-1.0,-1.0,-1.0,0.0,0.0,0.0,0.0,2000000,none,pmcx,755542412,1.5876200841353003e-08,0.0040158334745004805,0.0001952726415563808,0,1.5642173178369646e-07,0.0064879917464947335,0.00031642525045965785,0,11.204786099959165,8.389622209788722e-07,1.6807307602871815e-06,1.9869899571030997e-05,2.718224684077064e-05,
subject_00339_hemorrhage,subject_00339,subject_00339,subject_00339_hemorrhage.npz,1,complete,2.0,7.0,2.0,12.0,37.0,36.0,17.0,16.0,6.0,5.0,4.0,491.0,2000000,none,pmcx,755542412,7.285089790387948e-09,0.0039959635749294495,0.00019496293829106666,0,1.7004978136713395e-07,0.006472191524610623,0.0003159352713434265,0,11.236422000452876,8.389622209788722e-07,1.6807307602871815e-06,1.9869899571030997e-05,2.718224684077064e-05,
subject_00340_healthy,subject_00340,subject_00340,subject_00340_healthy.npz,0,complete,3.0,6.0,2.0,12.0,-1.0,-1.0,-1.0,-1.0,0.0,0.0,0.0,0.0,2000000,none,pmcx,524417075,1.6613319550251502e-08,0.0039097968333589635,0.0001927947788547622,0,1.3363026492568453e-07,0.006084589016047383,0.00029997389472330075,0,10.82057540025562,8.04764697443589e-07,1.3883874137083553e-06,3.0285577182087402e-05,2.1124567088084793e-05,
subject_00340_hemorrhage,subject_00340,subject_00340,subject_00340_hemorrhage.npz,1,complete,3.0,6.0,2.0,12.0,51.0,35.0,16.0,15.0,5.0,6.0,4.0,491.0,2000000,none,pmcx,524417075,1.632398594495507e-08,0.00391665672264689,0.00019255100139811392,0,1.4207747016460692e-07,0.0061057135831354675,0.00029999066023122373,0,10.839113600319251,8.04764697443589e-07,1.3883874137083553e-06,3.0285577182087402e-05,2.1124567088084793e-05,
subject_00341_healthy,subject_00341,subject_00341,subject_00341_healthy.npz,0,complete,3.0,6.0,1.0,11.0,-1.0,-1.0,-1.0,-1.0,0.0,0.0,0.0,0.0,2000000,none,pmcx,2994281514,7.923968673963665e-10,0.004071616995686955,0.00019943213969425411,0,3.549228627879128e-08,0.006274230923710694,0.0003099422688517146,0,12.025313100777566,8.026760209634331e-07,1.5101733216668992e-06,2.0492136116762386e-05,4.467480381114327e-05,
subject_00341_hemorrhage,subject_00341,subject_00341,subject_00341_hemorrhage.npz,1,complete,3.0,6.0,1.0,11.0,46.0,30.0,17.0,16.0,5.0,5.0,5.0,515.0,2000000,none,pmcx,2994281514,1.666454538355524e-09,0.004064650019581162,0.00019971578010870357,0,3.528285371555492e-08,0.006273004420423176,0.0003094423807159469,0,11.927039600210264,8.026760209634331e-07,1.5101733216668992e-06,2.0492136116762386e-05,4.467480381114327e-05,
subject_00342_healthy,subject_00342,subject_00342,subject_00342_healthy.npz,0,complete,2.0,6.0,2.0,11.0,-1.0,-1.0,-1.0,-1.0,0.0,0.0,0.0,0.0,2000000,none,pmcx,3670649151,2.8569118761249974e-08,0.0043340747423934395,0.00020821323965072332,0,1.8343058487843727e-07,0.006357475954545361,0.0003106239737141165,0,11.105870500439778,1.13946646108689e-06,1.5032943243371537e-06,3.2279523333873274e-05,1.880998112048114e-05,
subject_00342_hemorrhage,subject_00342,subject_00342,subject_00342_hemorrhage.npz,1,complete,2.0,6.0,2.0,11.0,39.0,46.0,18.0,17.0,5.0,7.0,5.0,711.0,2000000,none,pmcx,3670649151,2.3816311786838894e-08,0.004301795219059566,0.00020798823542738162,0,1.8351422671958055e-07,0.006375893413310865,0.00031061391037693123,0,11.072794900741428,1.13946646108689e-06,1.5032943243371537e-06,3.2279523333873274e-05,1.880998112048114e-05,
subject_00343_healthy,subject_00343,subject_00343,subject_00343_healthy.npz,0,complete,2.0,6.0,2.0,11.0,-1.0,-1.0,-1.0,-1.0,0.0,0.0,0.0,0.0,2000000,none,pmcx,1855876412,3.323504411250192e-08,0.0040162888857157575,0.00019501760915555035,0,2.1146801258632332e-07,0.006429651169932727,0.0003085944831953642,0,11.415408599656075,1.0557297598491926e-06,1.8675464690343879e-06,1.8665734371728533e-05,5.869929021993462e-05,
subject_00343_hemorrhage,subject_00343,subject_00343,subject_00343_hemorrhage.npz,1,complete,2.0,6.0,2.0,11.0,44.0,45.0,15.0,14.0,6.0,7.0,4.0,671.0,2000000,none,pmcx,1855876412,3.1734871438154064e-08,0.004016774705083257,0.00019540458563314605,0,1.3840717831730578e-07,0.006370951879712793,0.00030828229191526415,0,11.424289000220597,1.0557297598491926e-06,1.8675464690343879e-06,1.8665734371728533e-05,5.869929021993462e-05,
subject_00344_healthy,subject_00344,subject_00344,subject_00344_healthy.npz,0,complete,3.0,7.0,1.0,12.0,-1.0,-1.0,-1.0,-1.0,0.0,0.0,0.0,0.0,2000000,none,pmcx,935597279,7.117796656041686e-10,0.003859440301021262,0.00018726419593122467,0,9.665879712416469e-09,0.006135387742342974,0.0003039912111625471,0,11.542719800025225,1.0397684932932535e-06,1.6572298250350675e-06,3.0851509787899536e-05,4.240820583177856e-05,
subject_00344_hemorrhage,subject_00344,subject_00344,subject_00344_hemorrhage.npz,1,complete,3.0,7.0,1.0,12.0,38.0,40.0,18.0,17.0,5.0,6.0,4.0,491.0,2000000,none,pmcx,935597279,2.205441222532237e-09,0.0038615178203066885,0.00018726123569913703,0,6.383282914992808e-09,0.006123524245059778,0.0003033515702852188,0,11.553448700346053,1.0397684932932535e-06,1.6572298250350675e-06,3.0851509787899536e-05,4.240820583177856e-05,
subject_00345_healthy,subject_00345,subject_00345,subject_00345_healthy.npz,0,complete,2.0,6.0,1.0,10.0,-1.0,-1.0,-1.0,-1.0,0.0,0.0,0.0,0.0,2000000,none,pmcx,1636791730,1.965189723722013e-09,0.004162080016584429,0.00019968664203145515,0,4.126680277888722e-08,0.006563777776171334,0.0003227225931214274,0,11.893635599408299,8.336317901274205e-07,1.5223695320796347e-06,2.468054727721488e-05,1.987616824289211e-05,
subject_00345_hemorrhage,subject_00345,subject_00345,subject_00345_hemorrhage.npz,1,complete,2.0,6.0,1.0,10.0,43.0,31.0,17.0,16.0,6.0,6.0,5.0,739.0,2000000,none,pmcx,1636791730,1.9545858503168655e-09,0.004165481388266163,0.00020024650540424185,0,1.1985212846859019e-08,0.006574298056063333,0.00032299013398976036,0,11.914598499890417,8.336317901274205e-07,1.5223695320796347e-06,2.468054727721488e-05,1.987616824289211e-05,
subject_00346_healthy,subject_00346,subject_00346,subject_00346_healthy.npz,0,complete,3.0,6.0,1.0,11.0,-1.0,-1.0,-1.0,-1.0,0.0,0.0,0.0,0.0,2000000,none,pmcx,1364699102,2.3438644627715996e-09,0.003890285904966467,0.00018990835919192143,0,1.9671148453079563e-08,0.006258393527340985,0.0003136596107021262,0,12.1210123996716,7.332489002780279e-07,1.2698092808105477e-06,1.2599586203192832e-05,2.143740479511498e-05,
subject_00346_hemorrhage,subject_00346,subject_00346,subject_00346_hemorrhage.npz,1,complete,3.0,6.0,1.0,11.0,40.0,31.0,16.0,15.0,5.0,6.0,5.0,613.0,2000000,none,pmcx,1364699102,2.083578716242715e-09,0.003878520867696589,0.00018965128250800588,0,4.390909034566662e-08,0.006274150328656668,0.0003140072906068958,0,12.128468000330031,7.332489002780279e-07,1.2698092808105477e-06,1.2599586203192832e-05,2.143740479511498e-05,
subject_00347_healthy,subject_00347,subject_00347,subject_00347_healthy.npz,0,complete,3.0,6.0,2.0,12.0,-1.0,-1.0,-1.0,-1.0,0.0,0.0,0.0,0.0,2000000,none,pmcx,2664174290,1.887355398655225e-08,0.004237964146241992,0.00021181902721813356,0,7.472339362341089e-08,0.006160052326810378,0.00030810469366335214,0,11.402304600225762,1.0265463047531968e-06,1.318890755335749e-06,1.594870182214901e-05,2.6209932673366618e-05,
subject_00347_hemorrhage,subject_00347,subject_00347,subject_00347_hemorrhage.npz,1,complete,3.0,6.0,2.0,12.0,31.0,47.0,19.0,18.0,6.0,6.0,4.0,585.0,2000000,none,pmcx,2664174290,2.141853679714041e-08,0.004241445242050107,0.00021213036057592008,0,7.739219151729074e-08,0.006186262259483745,0.0003082316452930322,0,11.452814900549129,1.0265463047531968e-06,1.318890755335749e-06,1.594870182214901e-05,2.6209932673366618e-05,
subject_00348_healthy,subject_00348,subject_00348,subject_00348_healthy.npz,0,complete,3.0,5.0,1.0,10.0,-1.0,-1.0,-1.0,-1.0,0.0,0.0,0.0,0.0,2000000,none,pmcx,3473752104,1.752526540149968e-09,0.0038087932882167374,0.00018250677678621974,0,7.927696959046156e-09,0.0061837010399407935,0.0003047637962613201,0,11.854803299997002,8.367719880069123e-07,1.3129653648418882e-06,2.8753800580182294e-05,4.524670371806438e-05,
subject_00348_hemorrhage,subject_00348,subject_00348,subject_00348_hemorrhage.npz,1,complete,3.0,5.0,1.0,10.0,43.0,42.0,21.0,20.0,7.0,6.0,5.0,877.0,2000000,none,pmcx,3473752104,1.9292930675468262e-09,0.003800748378850647,0.00018191860720677319,0,6.321045423150636e-09,0.006191664741347673,0.0003049569115554613,0,11.83170779957436,8.367719880069123e-07,1.3129653648418882e-06,2.8753800580182294e-05,4.524670371806438e-05,
subject_00349_healthy,subject_00349,subject_00349,subject_00349_healthy.npz,0,complete,2.0,7.0,1.0,11.0,-1.0,-1.0,-1.0,-1.0,0.0,0.0,0.0,0.0,2000000,none,pmcx,3683884497,6.977396486806916e-09,0.004095370991710954,0.00019861903740774642,0,1.8073756517869583e-08,0.006626168825221189,0.0003209665709568828,0,11.453134800307453,7.08100722615211e-07,1.31151320310606e-06,1.6138765010755007e-05,3.47613993896545e-05,
subject_00349_hemorrhage,subject_00349,subject_00349,subject_00349_hemorrhage.npz,1,complete,2.0,7.0,1.0,11.0,51.0,28.0,17.0,16.0,6.0,5.0,5.0,613.0,2000000,none,pmcx,3683884497,1.7916913493051413e-09,0.004079232226700199,0.00019870274350522978,0,1.7977871951740406e-08,0.006617567966337814,0.00032151144236213896,0,11.519141499884427,7.08100722615211e-07,1.31151320310606e-06,1.6138765010755007e-05,3.47613993896545e-05,
subject_00350_healthy,subject_00350,subject_00350,subject_00350_healthy.npz,0,complete,2.0,5.0,1.0,9.0,-1.0,-1.0,-1.0,-1.0,0.0,0.0,0.0,0.0,2000000,none,pmcx,478342918,1.632933070538671e-09,0.00424586832901994,0.00020738886496562059,0,1.1374773126274026e-09,0.00642717525892831,0.0003100213317489543,0,11.782462799688801,1.1056853771187354e-06,1.2966025793458913e-06,3.465170808375148e-05,3.151957129175764e-05,
subject_00350_hemorrhage,subject_00350,subject_00350,subject_00350_hemorrhage.npz,1,complete,2.0,5.0,1.0,9.0,47.0,31.0,17.0,16.0,5.0,5.0,4.0,417.0,2000000,none,pmcx,478342918,3.993584586960681e-10,0.004233494191842359,0.00020689862946451346,0,1.1136736341358735e-09,0.0064225402685568886,0.0003101412499032917,0,11.855669300304726,1.1056853771187354e-06,1.2966025793458913e-06,3.465170808375148e-05,3.151957129175764e-05,
subject_00351_healthy,subject_00351,subject_00351,subject_00351_healthy.npz,0,complete,3.0,5.0,1.0,10.0,-1.0,-1.0,-1.0,-1.0,0.0,0.0,0.0,0.0,2000000,none,pmcx,171967946,2.6857138814889786e-09,0.0038142510049537525,0.00018498369700970706,0,3.109459299016585e-08,0.006109987007217654,0.00029660621302711606,0,11.994596700416878,7.627647313125926e-07,1.1140103590888045e-06,1.977529960143923e-05,1.7341601567372016e-05,
subject_00351_hemorrhage,subject_00351,subject_00351,subject_00351_hemorrhage.npz,1,complete,3.0,5.0,1.0,10.0,44.0,39.0,21.0,20.0,5.0,5.0,5.0,515.0,2000000,none,pmcx,171967946,2.669656757753513e-09,0.003823218015572031,0.00018491561505406946,0,3.1143690987007846e-08,0.006092645405650282,0.0002965020154360539,0,11.990478600608185,7.627647313125926e-07,1.1140103590888045e-06,1.977529960143923e-05,1.7341601567372016e-05,
subject_00352_healthy,subject_00352,subject_00352,subject_00352_healthy.npz,0,complete,3.0,7.0,1.0,12.0,-1.0,-1.0,-1.0,-1.0,0.0,0.0,0.0,0.0,2000000,none,pmcx,405525835,1.4129814550568012e-09,0.00403980434485009,0.00019919486744492628,0,1.7367389292067926e-08,0.006411606425167795,0.00031762552577713075,0,11.541262800106779,7.148517908648818e-07,1.1971238701333852e-06,1.5712903895948732e-05,2.652392681622845e-05,
subject_00352_hemorrhage,subject_00352,subject_00352,subject_00352_hemorrhage.npz,1,complete,3.0,7.0,1.0,12.0,46.0,42.0,21.0,20.0,7.0,6.0,5.0,877.0,2000000,none,pmcx,405525835,1.4771119172916305e-09,0.00404049441214271,0.000198807009590082,0,3.3321214546751456e-08,0.006385082498351567,0.0003174518631746709,0,11.608849200652912,7.148517908648818e-07,1.1971238701333852e-06,1.5712903895948732e-05,2.652392681622845e-05,
subject_00353_healthy,subject_00353,subject_00353,subject_00353_healthy.npz,0,complete,2.0,7.0,2.0,12.0,-1.0,-1.0,-1.0,-1.0,0.0,0.0,0.0,0.0,2000000,none,pmcx,2877972163,1.9141937528094738e-08,0.004103301145050268,0.0001985414098196755,0,9.249807525632823e-08,0.0064428629656877925,0.0003119816030601522,0,11.214345299638808,8.141061009087779e-07,1.022716675754608e-06,1.942056748868281e-05,2.3716081982746127e-05,
subject_00353_hemorrhage,subject_00353,subject_00353,subject_00353_hemorrhage.npz,1,complete,2.0,7.0,2.0,12.0,43.0,53.0,18.0,17.0,5.0,5.0,4.0,417.0,2000000,none,pmcx,2877972163,2.7118537135499593e-08,0.004087228811924455,0.00019843923677944123,0,1.259989040892267e-07,0.006419146883705046,0.0003120208603342127,0,11.312963199568912,8.141061009087779e-07,1.022716675754608e-06,1.942056748868281e-05,2.3716081982746127e-05,
subject_00354_healthy,subject_00354,subject_00354,subject_00354_healthy.npz,0,complete,2.0,7.0,2.0,12.0,-1.0,-1.0,-1.0,-1.0,0.0,0.0,0.0,0.0,2000000,none,pmcx,3016503064,1.9495573097706717e-08,0.00407754449683501,0.0001972563517985812,0,2.46328184274443e-07,0.006218989140797152,0.00030534012249008603,0,11.376281200675294,9.519896880617137e-07,1.4830005608760577e-06,2.9486792369955682e-05,2.6014334130827592e-05,
subject_00354_hemorrhage,subject_00354,subject_00354,subject_00354_hemorrhage.npz,1,complete,2.0,7.0,2.0,12.0,34.0,35.0,18.0,17.0,7.0,5.0,4.0,577.0,2000000,none,pmcx,3016503064,4.436824045848561e-08,0.0040905824742295946,0.00019715906703597467,0,1.6218835334901718e-07,0.006232238578126106,0.00030465569537056097,0,11.319441300118342,9.519896880617137e-07,1.4830005608760577e-06,2.9486792369955682e-05,2.6014334130827592e-05,
subject_00355_healthy,subject_00355,subject_00355,subject_00355_healthy.npz,0,complete,2.0,7.0,1.0,11.0,-1.0,-1.0,-1.0,-1.0,0.0,0.0,0.0,0.0,2000000,none,pmcx,3668620888,3.6303772668278767e-10,0.00407658886591397,0.0001999673163717658,0,1.981351796214977e-08,0.006605319480015518,0.00032506741469489047,0,11.701868599979207,9.990590346952643e-07,1.2287679967609523e-06,2.9124193240127622e-05,2.6447930695092797e-05,
subject_00355_hemorrhage,subject_00355,subject_00355,subject_00355_hemorrhage.npz,1,complete,2.0,7.0,1.0,11.0,45.0,40.0,17.0,16.0,5.0,5.0,4.0,417.0,2000000,none,pmcx,3668620888,3.3907812679704554e-10,0.004095165606395307,0.00020038358890477292,0,1.8814211655307003e-08,0.006610739162070094,0.000325018243725249,0,11.657431799918413,9.990590346952643e-07,1.2287679967609523e-06,2.9124193240127622e-05,2.6447930695092797e-05,
subject_00356_healthy,subject_00356,subject_00356,subject_00356_healthy.npz,0,complete,3.0,5.0,2.0,11.0,-1.0,-1.0,-1.0,-1.0,0.0,0.0,0.0,0.0,2000000,none,pmcx,2977137825,3.071226889531805e-08,0.00392389615668607,0.00019070661004873601,0,7.485201724175724e-08,0.006161229788126952,0.00030301370533394775,0,10.992327800253406,8.425237492402734e-07,1.4853246963140902e-06,2.4118930626046333e-05,2.9121172025928233e-05,
subject_00356_hemorrhage,subject_00356,subject_00356,subject_00356_hemorrhage.npz,1,complete,3.0,5.0,2.0,11.0,40.0,52.0,16.0,15.0,6.0,6.0,5.0,739.0,2000000,none,pmcx,2977137825,3.07699894216231e-08,0.003919325808800312,0.00019058231229456685,0,7.667405496657263e-08,0.006151120882408166,0.00030273052108679006,0,11.091488499194384,8.425237492402734e-07,1.4853246963140902e-06,2.4118930626046333e-05,2.9121172025928233e-05,
subject_00357_healthy,subject_00357,subject_00357,subject_00357_healthy.npz,0,complete,2.0,6.0,1.0,10.0,-1.0,-1.0,-1.0,-1.0,0.0,0.0,0.0,0.0,2000000,none,pmcx,2975461995,2.279355284495713e-09,0.003956687144722324,0.0001938365744359995,0,1.4548482200652338e-08,0.006411901959975962,0.0003103082350966804,0,11.846562900114805,6.617200974995738e-07,1.3731465333120033e-06,1.709442605851274e-05,3.252988643366508e-05,
subject_00357_hemorrhage,subject_00357,subject_00357,subject_00357_hemorrhage.npz,1,complete,2.0,6.0,1.0,10.0,52.0,28.0,17.0,16.0,5.0,5.0,4.0,417.0,2000000,none,pmcx,2975461995,2.383891129441524e-09,0.003956509559693538,0.00019388272266838492,0,1.4812164780464136e-08,0.006416469468572973,0.00030999844850270424,0,11.847526700701565,6.617200974995738e-07,1.3731465333120033e-06,1.709442605851274e-05,3.252988643366508e-05,
subject_00358_healthy,subject_00358,subject_00358,subject_00358_healthy.npz,0,complete,3.0,5.0,2.0,11.0,-1.0,-1.0,-1.0,-1.0,0.0,0.0,0.0,0.0,2000000,none,pmcx,3030622057,1.7742818081325784e-08,0.003859362087288072,0.00018971305524920047,0,2.572201805516719e-07,0.006139123628779702,0.00030900889205026985,0,10.98060209932737,1.070884282730008e-06,1.1719988326823108e-06,3.806781181973527e-05,3.480383876307367e-05,
subject_00358_hemorrhage,subject_00358,subject_00358,subject_00358_hemorrhage.npz,1,complete,3.0,5.0,2.0,11.0,45.0,54.0,17.0,16.0,7.0,5.0,5.0,711.0,2000000,none,pmcx,3030622057,1.759194352546146e-08,0.0038974298991078073,0.00019023972286779113,0,2.434191426076012e-07,0.006173927467542775,0.00030903257749469095,0,10.919694500276819,1.070884282730008e-06,1.1719988326823108e-06,3.806781181973527e-05,3.480383876307367e-05,
subject_00359_healthy,subject_00359,subject_00359,subject_00359_healthy.npz,0,complete,2.0,7.0,1.0,11.0,-1.0,-1.0,-1.0,-1.0,0.0,0.0,0.0,0.0,2000000,none,pmcx,49416147,1.580458135812309e-09,0.004213297718491918,0.00020424361903474908,0,2.99559878620643e-08,0.006410498921137433,0.0003151501034358579,0,11.739245700184256,7.222753946173904e-07,1.252877129196592e-06,1.0288082999487282e-05,2.9450121647844017e-05,
subject_00359_hemorrhage,subject_00359,subject_00359,subject_00359_hemorrhage.npz,1,complete,2.0,7.0,1.0,11.0,46.0,36.0,15.0,14.0,7.0,7.0,4.0,805.0,2000000,none,pmcx,49416147,9.652250102880038e-11,0.00421137070633141,0.00020420700507669683,0,4.948481233609228e-08,0.006439949042785277,0.0003153931969891317,0,11.716757599730045,7.222753946173904e-07,1.252877129196592e-06,1.0288082999487282e-05,2.9450121647844017e-05,
subject_00360_healthy,subject_00360,subject_00360,subject_00360_healthy.npz,0,complete,2.0,6.0,2.0,11.0,-1.0,-1.0,-1.0,-1.0,0.0,0.0,0.0,0.0,2000000,none,pmcx,230073386,3.105050785488824e-08,0.004124830725259257,0.0002022205255303745,0,1.5063127592076149e-07,0.006197093136375998,0.0002993816277216782,0,11.291555700125173,9.202050534234617e-07,1.3233740770961982e-06,2.2987680780645753e-05,2.711024502424688e-05,
subject_00360_hemorrhage,subject_00360,subject_00360,subject_00360_hemorrhage.npz,1,complete,2.0,6.0,2.0,11.0,43.0,40.0,17.0,16.0,5.0,7.0,5.0,711.0,2000000,none,pmcx,230073386,2.9937693186128116e-08,0.004118599099250277,0.00020198018933927864,0,1.471414803646052e-07,0.006195746208489027,0.0002996548183874033,0,11.321768899913877,9.202050534234617e-07,1.3233740770961982e-06,2.2987680780645753e-05,2.711024502424688e-05,
subject_00361_healthy,subject_00361,subject_00361,subject_00361_healthy.npz,0,complete,3.0,6.0,1.0,11.0,-1.0,-1.0,-1.0,-1.0,0.0,0.0,0.0,0.0,2000000,none,pmcx,3901605746,2.141752631414475e-09,0.003832000777417807,0.0001873219796489064,0,9.106841099980079e-09,0.006318503897920604,0.0003129405269715051,0,11.804741100408137,7.878656965262352e-07,1.2008794256540924e-06,1.5688693386500807e-05,2.2371913331033395e-05,
subject_00361_hemorrhage,subject_00361,subject_00361,subject_00361_hemorrhage.npz,1,complete,3.0,6.0,1.0,11.0,35.0,41.0,18.0,17.0,5.0,7.0,5.0,711.0,2000000,none,pmcx,3901605746,1.5423305359838056e-10,0.003836902529992207,0.0001876543410617078,0,8.988283174717668e-09,0.006311641004533927,0.00031284235120996966,0,11.839018499944359,7.878656965262352e-07,1.2008794256540924e-06,1.5688693386500807e-05,2.2371913331033395e-05,
subject_00362_healthy,subject_00362,subject_00362,subject_00362_healthy.npz,0,complete,3.0,6.0,1.0,11.0,-1.0,-1.0,-1.0,-1.0,0.0,0.0,0.0,0.0,2000000,none,pmcx,2647253872,9.782116457292239e-10,0.0038284853371839908,0.00018635542501037393,0,2.4011287629738524e-08,0.006054446316004013,0.000298155698691445,0,11.61553560034372,1.115979624297311e-06,1.410004862007373e-06,2.609190360866164e-05,4.122722402273137e-05,
subject_00362_hemorrhage,subject_00362,subject_00362,subject_00362_hemorrhage.npz,1,complete,3.0,6.0,1.0,11.0,46.0,47.0,19.0,18.0,6.0,7.0,4.0,671.0,2000000,none,pmcx,2647253872,1.592315676476871e-09,0.003802393433575329,0.00018604728362798514,0,2.1285898047484406e-08,0.006069035345576873,0.00029849629464055315,0,11.596183699555695,1.115979624297311e-06,1.410004862007373e-06,2.609190360866164e-05,4.122722402273137e-05,
subject_00363_healthy,subject_00363,subject_00363,subject_00363_healthy.npz,0,complete,2.0,6.0,2.0,11.0,-1.0,-1.0,-1.0,-1.0,0.0,0.0,0.0,0.0,2000000,none,pmcx,1556890349,1.2171478545198408e-08,0.004079015294308801,0.00020114483665057624,0,1.0800993303994522e-07,0.006316080972367133,0.0003092034967357389,0,11.317637900356203,1.2065305351679155e-06,1.6503497778794435e-06,2.9642568959491362e-05,3.7349561659146165e-05,
subject_00363_hemorrhage,subject_00363,subject_00363,subject_00363_hemorrhage.npz,1,complete,2.0,6.0,2.0,11.0,34.0,52.0,17.0,16.0,6.0,6.0,4.0,585.0,2000000,none,pmcx,1556890349,1.2502610095781965e-08,0.004108657863268293,0.00020120375703885029,0,9.760089333181915e-08,0.006301519029194902,0.00030847191600246696,0,11.305511000100523,1.2065305351679155e-06,1.6503497778794435e-06,2.9642568959491362e-05,3.7349561659146165e-05,
subject_00364_healthy,subject_00364,subject_00364,subject_00364_healthy.npz,0,complete,2.0,6.0,2.0,11.0,-1.0,-1.0,-1.0,-1.0,0.0,0.0,0.0,0.0,2000000,none,pmcx,1151739626,4.4743962245323394e-08,0.004191485607696202,0.00020745447712170573,0,2.5831947393683564e-07,0.006176641741835317,0.0003052858871198424,0,11.183678900590166,8.039486397138542e-07,1.612046478790253e-06,1.3050675142152815e-05,5.17415787072437e-05,
subject_00364_hemorrhage,subject_00364,subject_00364,subject_00364_hemorrhage.npz,1,complete,2.0,6.0,2.0,11.0,36.0,30.0,16.0,15.0,6.0,6.0,4.0,585.0,2000000,none,pmcx,1151739626,2.5803781092610232e-08,0.004200273803024316,0.0002075729934986787,0,3.1269646695273046e-07,0.006168013358641739,0.0003051517503689042,0,11.229865499772131,8.039486397138542e-07,1.612046478790253e-06,1.3050675142152815e-05,5.17415787072437e-05,
subject_00365_healthy,subject_00365,subject_00365,subject_00365_healthy.npz,0,complete,3.0,5.0,1.0,10.0,-1.0,-1.0,-1.0,-1.0,0.0,0.0,0.0,0.0,2000000,none,pmcx,1698164769,1.1570567049937461e-09,0.004010796792986392,0.00019919380962944418,0,1.4184910873427412e-08,0.006189340857422714,0.0003095839972627703,0,11.936795300105587,1.0420550057018459e-06,1.3091964245025464e-06,3.380290562037241e-05,5.129460297642e-05,
subject_00365_hemorrhage,subject_00365,subject_00365,subject_00365_hemorrhage.npz,1,complete,3.0,5.0,1.0,10.0,41.0,27.0,19.0,18.0,7.0,6.0,4.0,671.0,2000000,none,pmcx,1698164769,1.372190521857821e-09,0.003989362302573766,0.00019899847367431058,0,4.753863841895255e-08,0.006194968685691506,0.00030999327126523895,0,11.939381199888885,1.0420550057018459e-06,1.3091964245025464e-06,3.380290562037241e-05,5.129460297642e-05,
subject_00366_healthy,subject_00366,subject_00366,subject_00366_healthy.npz,0,complete,2.0,5.0,1.0,9.0,-1.0,-1.0,-1.0,-1.0,0.0,0.0,0.0,0.0,2000000,none,pmcx,1945076080,7.531553440339173e-10,0.004041320691890218,0.0001984836684717915,0,1.6469347417362453e-08,0.0061580012733055125,0.0002953718012058046,0,11.778665899299085,8.345002656645093e-07,1.5431457099227778e-06,2.3055097971407153e-05,5.272868701412022e-05,
subject_00366_hemorrhage,subject_00366,subject_00366,subject_00366_hemorrhage.npz,1,complete,2.0,5.0,1.0,9.0,37.0,45.0,20.0,19.0,5.0,6.0,5.0,613.0,2000000,none,pmcx,1945076080,6.237855221915423e-10,0.0040347156376125005,0.0001984869218185655,0,4.307470786073256e-08,0.006105272586291392,0.00029495684464021083,0,11.813417700352147,8.345002656645093e-07,1.5431457099227778e-06,2.3055097971407153e-05,5.272868701412022e-05,
subject_00367_healthy,subject_00367,subject_00367,subject_00367_healthy.npz,0,complete,3.0,5.0,2.0,11.0,-1.0,-1.0,-1.0,-1.0,0.0,0.0,0.0,0.0,2000000,none,pmcx,2206398315,3.185683716972972e-08,0.004074777296092228,0.0002006268246748188,0,8.407861709580329e-08,0.006236607732211971,0.00030894567391924195,0,11.291903799632564,9.55848675505551e-07,1.43973140162113e-06,2.559648764755961e-05,3.394746998108041e-05,
subject_00367_hemorrhage,subject_00367,subject_00367,subject_00367_hemorrhage.npz,1,complete,3.0,5.0,2.0,11.0,31.0,53.0,15.0,14.0,6.0,5.0,4.0,491.0,2000000,none,pmcx,2206398315,9.543223854142387e-09,0.004049180808444668,0.00020001447082261656,0,1.4207750696274119e-07,0.006235394383010273,0.00030873945116703595,0,11.330618099775165,9.55848675505551e-07,1.43973140162113e-06,2.559648764755961e-05,3.394746998108041e-05,
subject_00368_healthy,subject_00368,subject_00368,subject_00368_healthy.npz,0,complete,2.0,5.0,1.0,9.0,-1.0,-1.0,-1.0,-1.0,0.0,0.0,0.0,0.0,2000000,none,pmcx,608827369,4.094269324432726e-09,0.00399129344557878,0.0001910250105666432,0,3.7361406076761266e-08,0.006233026950006043,0.000304776644568036,0,12.41716630011797,6.627435247658501e-07,8.62944423238919e-07,2.057583579886035e-05,1.4099062840017534e-05,
subject_00368_hemorrhage,subject_00368,subject_00368,subject_00368_hemorrhage.npz,1,complete,2.0,5.0,1.0,9.0,39.0,30.0,18.0,17.0,5.0,6.0,4.0,491.0,2000000,none,pmcx,608827369,4.205548377699083e-09,0.003983603209287851,0.0001908111678560526,0,3.734270213613592e-08,0.006227438255273566,0.00030484474040349743,0,12.42907839990221,6.627435247658501e-07,8.62944423238919e-07,2.057583579886035e-05,1.4099062840017534e-05,
subject_00369_healthy,subject_00369,subject_00369,subject_00369_healthy.npz,0,complete,2.0,6.0,2.0,11.0,-1.0,-1.0,-1.0,-1.0,0.0,0.0,0.0,0.0,2000000,none,pmcx,877596005,4.8469966350620844e-08,0.004163232577693475,0.00020182288911413444,0,4.360148562508683e-08,0.0063812833413357285,0.00030948510058077984,0,10.882424199720845,9.446987756855542e-07,1.6200584815501394e-06,1.5215627609017554e-05,1.7709607951463995e-05,
subject_00369_hemorrhage,subject_00369,subject_00369,subject_00369_hemorrhage.npz,1,complete,2.0,6.0,2.0,11.0,28.0,39.0,17.0,16.0,5.0,6.0,5.0,613.0,2000000,none,pmcx,877596005,2.8885366858814068e-08,0.004167204809440038,0.00020211303607950247,0,5.2662770137454905e-08,0.006390921447537857,0.0003095236160494624,0,10.908749900059775,9.446987756855542e-07,1.6200584815501394e-06,1.5215627609017554e-05,1.7709607951463995e-05,
subject_00370_healthy,subject_00370,subject_00370,subject_00370_healthy.npz,0,complete,3.0,6.0,1.0,11.0,-1.0,-1.0,-1.0,-1.0,0.0,0.0,0.0,0.0,2000000,none,pmcx,2790510771,3.6861922120595554e-09,0.004113175822066923,0.00020235301768900635,0,1.4841487630532969e-08,0.006381651697403405,0.0003173718094245864,0,12.006038900231943,7.223422726694602e-07,1.3355041996159063e-06,1.3176781776377301e-05,1.9809852448085183e-05,
subject_00370_hemorrhage,subject_00370,subject_00370,subject_00370_hemorrhage.npz,1,complete,3.0,6.0,1.0,11.0,43.0,47.0,16.0,15.0,5.0,6.0,4.0,491.0,2000000,none,pmcx,2790510771,3.6034236871774207e-09,0.004105109806700921,0.00020244561852029132,0,8.84754722910589e-09,0.0064014615498514905,0.00031777673187977605,0,11.982006200123578,7.223422726694602e-07,1.3355041996159063e-06,1.3176781776377301e-05,1.9809852448085183e-05,
subject_00371_healthy,subject_00371,subject_00371,subject_00371_healthy.npz,0,complete,3.0,6.0,1.0,11.0,-1.0,-1.0,-1.0,-1.0,0.0,0.0,0.0,0.0,2000000,none,pmcx,1604554557,2.0056388833589717e-09,0.004172324182870202,0.0002092062797346263,0,1.4798833104962326e-08,0.005987461685108488,0.00029301064003576653,0,11.69301350042224,1.2818762054465366e-06,1.138605046281253e-06,2.8729635975083267e-05,1.8604030144539832e-05,
subject_00371_hemorrhage,subject_00371,subject_00371,subject_00371_hemorrhage.npz,1,complete,3.0,6.0,1.0,11.0,38.0,36.0,18.0,17.0,6.0,5.0,5.0,613.0,2000000,none,pmcx,1604554557,7.782151683829639e-10,0.004190075900375088,0.00020942360173007454,0,1.80787538421912e-08,0.00598286766277473,0.0002931139975985098,0,11.806974300183356,1.2818762054465366e-06,1.138605046281253e-06,2.8729635975083267e-05,1.8604030144539832e-05,
subject_00372_healthy,subject_00372,subject_00372,subject_00372_healthy.npz,0,complete,3.0,6.0,2.0,12.0,-1.0,-1.0,-1.0,-1.0,0.0,0.0,0.0,0.0,2000000,none,pmcx,3186846113,1.5914617271865585e-08,0.004008753733080025,0.0001963427764760104,0,1.4768934983827927e-07,0.006327217607051205,0.0003200495334996739,0,11.177195199066773,7.16873128717234e-07,1.8097581888778154e-06,1.1846548529255256e-05,4.7104036059190425e-05,
subject_00372_hemorrhage,subject_00372,subject_00372,subject_00372_hemorrhage.npz,1,complete,3.0,6.0,2.0,12.0,44.0,43.0,19.0,18.0,5.0,7.0,4.0,577.0,2000000,none,pmcx,3186846113,1.4268661261806277e-08,0.004005828591270421,0.00019615745683146813,0,1.276085837626867e-07,0.006356923162691517,0.00032025033440145873,0,11.236264999955893,7.16873128717234e-07,1.8097581888778154e-06,1.1846548529255256e-05,4.7104036059190425e-05,
subject_00373_healthy,subject_00373,subject_00373,subject_00373_healthy.npz,0,complete,2.0,5.0,1.0,9.0,-1.0,-1.0,-1.0,-1.0,0.0,0.0,0.0,0.0,2000000,none,pmcx,4009689543,4.837284568505355e-09,0.00395687704187711,0.0001913787828161748,0,1.5046230451622435e-08,0.006472162430903745,0.00030699061301705296,0,12.014667100040242,7.628528554058585e-07,1.055793003972637e-06,2.5906626500083168e-05,2.2857876642245166e-05,
subject_00373_hemorrhage,subject_00373,subject_00373,subject_00373_hemorrhage.npz,1,complete,2.0,5.0,1.0,9.0,47.0,38.0,15.0,14.0,5.0,5.0,4.0,417.0,2000000,none,pmcx,4009689543,5.485151731185542e-09,0.003955277108271566,0.00019142035039368304,0,1.338824594934328e-08,0.00649502030754599,0.0003071193174862572,0,11.974527900107205,7.628528554058585e-07,1.055793003972637e-06,2.5906626500083168e-05,2.2857876642245166e-05,
subject_00374_healthy,subject_00374,subject_00374,subject_00374_healthy.npz,0,complete,3.0,6.0,2.0,12.0,-1.0,-1.0,-1.0,-1.0,0.0,0.0,0.0,0.0,2000000,none,pmcx,4213876046,3.115416328303277e-08,0.0039797891333677145,0.00019692242246461904,0,2.2304331538907034e-07,0.006067164244949137,0.0002979861359008599,0,10.975463500246406,1.1029922225402563e-06,1.0927397955140374e-06,3.793926391532174e-05,3.0516073128167114e-05,
subject_00374_hemorrhage,subject_00374,subject_00374,subject_00374_hemorrhage.npz,1,complete,3.0,6.0,2.0,12.0,47.0,48.0,19.0,18.0,7.0,5.0,5.0,711.0,2000000,none,pmcx,4213876046,3.784156977497453e-08,0.003941849869452393,0.00019634901334209844,0,2.4412264799188777e-07,0.006055684734855463,0.00029781988765982266,0,11.027636799961329,1.1029922225402563e-06,1.0927397955140374e-06,3.793926391532174e-05,3.0516073128167114e-05,
subject_00375_healthy,subject_00375,subject_00375,subject_00375_healthy.npz,0,complete,2.0,6.0,1.0,10.0,-1.0,-1.0,-1.0,-1.0,0.0,0.0,0.0,0.0,2000000,none,pmcx,3387621752,2.4726043332219586e-09,0.004150430858347138,0.00020109200754902897,0,2.673307284313065e-08,0.006402818417308743,0.00031614208764275725,0,11.580574200022966,6.849514437471146e-07,1.1912294053420679e-06,1.6222353677395294e-05,2.1306430923202085e-05,
subject_00375_hemorrhage,subject_00375,subject_00375,subject_00375_hemorrhage.npz,1,complete,2.0,6.0,1.0,10.0,42.0,37.0,21.0,20.0,5.0,5.0,5.0,515.0,2000000,none,pmcx,3387621752,2.4708666970020695e-09,0.0041607516560745695,0.00020139371915951939,0,2.9422603377656344e-08,0.006412631475347883,0.0003161947042243684,0,11.6982005990576,6.849514437471146e-07,1.1912294053420679e-06,1.6222353677395294e-05,2.1306430923202085e-05,
subject_00376_healthy,subject_00376,subject_00376,subject_00376_healthy.npz,0,complete,3.0,5.0,2.0,11.0,-1.0,-1.0,-1.0,-1.0,0.0,0.0,0.0,0.0,2000000,none,pmcx,4263240358,2.5888084274118613e-08,0.004113899121253823,0.00020282304973397587,0,1.3740857839712633e-07,0.006161453490268149,0.00030443314748607685,0,11.222433399874717,6.984037792914427e-07,1.5278062333814e-06,1.3797337668683234e-05,3.3693393330003554e-05,
subject_00376_hemorrhage,subject_00376,subject_00376,subject_00376_hemorrhage.npz,1,complete,3.0,5.0,2.0,11.0,46.0,24.0,18.0,17.0,7.0,5.0,4.0,577.0,2000000,none,pmcx,4263240358,2.4015599141973948e-08,0.004118483303708208,0.00020274622098881594,0,1.3859435690062686e-07,0.0061618353412522565,0.0003044142712485935,0,11.214474499691278,6.984037792914427e-07,1.5278062333814e-06,1.3797337668683234e-05,3.3693393330003554e-05,
subject_00377_healthy,subject_00377,subject_00377,subject_00377_healthy.npz,0,complete,2.0,6.0,1.0,10.0,-1.0,-1.0,-1.0,-1.0,0.0,0.0,0.0,0.0,2000000,none,pmcx,3665929061,2.816439063129744e-09,0.00420962566984929,0.00020312584778172808,0,6.251624860728228e-08,0.006218035023613991,0.0003004793449544901,0,11.5827634006273,1.1845068102857806e-06,1.768190843128247e-06,3.4729204588729475e-05,6.285712497842034e-05,
subject_00377_hemorrhage,subject_00377,subject_00377,subject_00377_hemorrhage.npz,1,complete,2.0,6.0,1.0,10.0,36.0,31.0,18.0,17.0,5.0,7.0,5.0,711.0,2000000,none,pmcx,3665929061,2.4764727961284836e-09,0.004187819492929403,0.0002026203087540114,0,6.253703953731182e-08,0.0062015953319532946,0.0003008338786437587,0,11.688793499488384,1.1845068102857806e-06,1.768190843128247e-06,3.4729204588729475e-05,6.285712497842034e-05,
subject_00378_healthy,subject_00378,subject_00378,subject_00378_healthy.npz,0,complete,3.0,5.0,2.0,11.0,-1.0,-1.0,-1.0,-1.0,0.0,0.0,0.0,0.0,2000000,none,pmcx,754761230,2.3915616177681877e-08,0.0038788086365373724,0.00019080011437973182,0,1.2573081138256598e-07,0.006048127536739781,0.00029845039831797714,0,10.966088400222361,1.0978282207089951e-06,1.38855996838057e-06,2.4808248329102802e-05,3.608569961177383e-05,
subject_00378_hemorrhage,subject_00378,subject_00378,subject_00378_hemorrhage.npz,1,complete,3.0,5.0,2.0,11.0,47.0,32.0,17.0,16.0,7.0,7.0,5.0,1023.0,2000000,none,pmcx,754761230,3.504528847110153e-08,0.003903616884866475,0.0001915148280261503,0,1.6414275299764728e-07,0.006043088501896406,0.000298128193975495,0,11.043026499915868,1.0978282207089951e-06,1.38855996838057e-06,2.4808248329102802e-05,3.608569961177383e-05,
subject_00379_healthy,subject_00379,subject_00379,subject_00379_healthy.npz,0,complete,2.0,7.0,2.0,12.0,-1.0,-1.0,-1.0,-1.0,0.0,0.0,0.0,0.0,2000000,none,pmcx,2808875596,1.683591378134892e-08,0.004107256794790344,0.00020246440320561093,0,1.1648702765706896e-07,0.006284289571577437,0.00030806191754766853,0,11.32926859986037,8.546022896439881e-07,1.5690565216829738e-06,1.2672293734125595e-05,1.8287920461919002e-05,
subject_00379_hemorrhage,subject_00379,subject_00379,subject_00379_hemorrhage.npz,1,complete,2.0,7.0,2.0,12.0,33.0,38.0,20.0,19.0,5.0,7.0,5.0,711.0,2000000,none,pmcx,2808875596,1.6763082528031057e-08,0.0041102617327103035,0.00020233565460524953,0,1.1190536641375333e-07,0.006276906930708613,0.00030791896968910263,0,11.399645999772474,8.546022896439881e-07,1.5690565216829738e-06,1.2672293734125595e-05,1.8287920461919002e-05,
subject_00380_healthy,subject_00380,subject_00380,subject_00380_healthy.npz,0,complete,2.0,6.0,1.0,10.0,-1.0,-1.0,-1.0,-1.0,0.0,0.0,0.0,0.0,2000000,none,pmcx,3227505792,3.6945632476743014e-09,0.004226287216974676,0.0002080659023642429,0,3.993076709370412e-08,0.006303308220919685,0.00030960797822345736,0,11.831347200553864,9.283826159307645e-07,1.1609853181316832e-06,2.8540105984282624e-05,3.113639230472882e-05,
subject_00380_hemorrhage,subject_00380,subject_00380,subject_00380_hemorrhage.npz,1,complete,2.0,6.0,1.0,10.0,40.0,51.0,21.0,20.0,5.0,7.0,5.0,711.0,2000000,none,pmcx,3227505792,3.699807927999395e-09,0.004254827322958958,0.0002081342261291162,0,3.991258596656837e-08,0.006272171828614956,0.0003091843852434283,0,11.843461199430749,9.283826159307645e-07,1.1609853181316832e-06,2.8540105984282624e-05,3.113639230472882e-05,
subject_00381_healthy,subject_00381,subject_00381,subject_00381_healthy.npz,0,complete,3.0,6.0,2.0,12.0,-1.0,-1.0,-1.0,-1.0,0.0,0.0,0.0,0.0,2000000,none,pmcx,1865402953,1.563821641893389e-08,0.003931755825841895,0.00019155243794871386,0,8.079883563680746e-08,0.0059114336369748164,0.0002868659482683083,0,10.980465498985723,1.1436848859947609e-06,1.2375463261906243e-06,1.980193603005236e-05,2.549534190412865e-05,
subject_00381_hemorrhage,subject_00381,subject_00381,subject_00381_hemorrhage.npz,1,complete,3.0,6.0,2.0,12.0,49.0,39.0,18.0,17.0,7.0,6.0,4.0,671.0,2000000,none,pmcx,1865402953,3.3435498646363046e-09,0.003948252410840698,0.00019137913847777654,0,9.535929565002832e-08,0.005909498016241327,0.00028727701515680697,0,11.008334600599483,1.1436848859947609e-06,1.2375463261906243e-06,1.980193603005236e-05,2.549534190412865e-05,
subject_00382_healthy,subject_00382,subject_00382,subject_00382_healthy.npz,0,complete,2.0,6.0,2.0,11.0,-1.0,-1.0,-1.0,-1.0,0.0,0.0,0.0,0.0,2000000,none,pmcx,1670557786,1.0057312456030102e-08,0.00419668586029029,0.00020510063965420162,0,1.7105762300910481e-07,0.006406307838060919,0.0003152466498082718,0,10.696686300216243,9.236382124291894e-07,2.018610784006168e-06,1.3165527779156194e-05,4.045789352583647e-05,
subject_00382_hemorrhage,subject_00382,subject_00382,subject_00382_hemorrhage.npz,1,complete,2.0,6.0,2.0,11.0,42.0,44.0,16.0,15.0,6.0,6.0,5.0,739.0,2000000,none,pmcx,1670557786,1.0136062289155532e-08,0.004183520332511134,0.00020486434292813375,0,3.125470664639808e-07,0.006441303721656974,0.00031498822444519646,0,10.755007799714804,9.236382124291894e-07,2.018610784006168e-06,1.3165527779156194e-05,4.045789352583647e-05,
subject_00383_healthy,subject_00383,subject_00383,subject_00383_healthy.npz,0,complete,3.0,7.0,1.0,12.0,-1.0,-1.0,-1.0,-1.0,0.0,0.0,0.0,0.0,2000000,none,pmcx,670073519,1.2263839041639295e-09,0.004151184810249082,0.00020700831356897927,0,1.1407509319869827e-08,0.00629096043556601,0.00031112130796609266,0,11.608956900192425,1.069233878957743e-06,1.801923810218412e-06,2.2483699736566658e-05,3.516447652865233e-05,
subject_00383_hemorrhage,subject_00383,subject_00383,subject_00383_hemorrhage.npz,1,complete,3.0,7.0,1.0,12.0,35.0,44.0,16.0,15.0,6.0,6.0,4.0,585.0,2000000,none,pmcx,670073519,2.1994278004145066e-10,0.004160345865069248,0.0002071331866074268,0,8.646838554735656e-09,0.006295976210810439,0.0003108800684186294,0,11.534276000224054,1.069233878957743e-06,1.801923810218412e-06,2.2483699736566658e-05,3.516447652865233e-05,
subject_00384_healthy,subject_00384,subject_00384,subject_00384_healthy.npz,0,complete,2.0,6.0,1.0,10.0,-1.0,-1.0,-1.0,-1.0,0.0,0.0,0.0,0.0,2000000,none,pmcx,2498743191,5.585194261875846e-10,0.0040720532701816175,0.00019924290793625935,0,8.532248282222025e-09,0.0062129423575373825,0.00029972358263172266,0,11.628490600502118,1.1180043280855255e-06,1.331554216524581e-06,3.515628841128417e-05,2.5451085491654674e-05,
subject_00384_hemorrhage,subject_00384,subject_00384,subject_00384_hemorrhage.npz,1,complete,2.0,6.0,1.0,10.0,50.0,51.0,18.0,17.0,6.0,7.0,5.0,877.0,2000000,none,pmcx,2498743191,1.5581129214380569e-09,0.004084858387533482,0.00019861989051797688,0,8.465214175974581e-09,0.006226395118064507,0.0002991763091986572,0,11.597539399983361,1.1180043280855255e-06,1.331554216524581e-06,3.515628841128417e-05,2.5451085491654674e-05,
subject_00385_healthy,subject_00385,subject_00385,subject_00385_healthy.npz,0,complete,2.0,6.0,2.0,11.0,-1.0,-1.0,-1.0,-1.0,0.0,0.0,0.0,0.0,2000000,none,pmcx,2747010473,2.9076315973396634e-08,0.004072422952715188,0.00020029458602873967,0,1.9134628908287647e-07,0.00653889693784843,0.00031491465495435444,0,11.262652500299737,7.128588300573199e-07,1.170711733663904e-06,1.4398826677356445e-05,2.2472031605633852e-05,
subject_00385_hemorrhage,subject_00385,subject_00385,subject_00385_hemorrhage.npz,1,complete,2.0,6.0,2.0,11.0,32.0,57.0,20.0,19.0,5.0,5.0,4.0,417.0,2000000,none,pmcx,2747010473,2.9164447121366523e-08,0.004058024126037832,0.0001999411352630432,0,1.9411017039359995e-07,0.006558721333251409,0.00031464762450639856,0,11.348273899639025,7.128588300573199e-07,1.170711733663904e-06,1.4398826677356445e-05,2.2472031605633852e-05,
subject_00386_healthy,subject_00386,subject_00386,subject_00386_healthy.npz,0,complete,3.0,5.0,2.0,11.0,-1.0,-1.0,-1.0,-1.0,0.0,0.0,0.0,0.0,2000000,none,pmcx,3341741470,4.267841756369722e-08,0.0040933566221345655,0.00020481523908436478,0,1.852177529322746e-07,0.006201597309979594,0.00030734186551583547,0,11.455600199755281,1.1448308481248043e-06,1.2570451537948322e-06,2.531945704299654e-05,2.1859373090105626e-05,
subject_00386_hemorrhage,subject_00386,subject_00386,subject_00386_hemorrhage.npz,1,complete,3.0,5.0,2.0,11.0,43.0,40.0,19.0,18.0,7.0,5.0,5.0,711.0,2000000,none,pmcx,3341741470,3.0269536495366795e-08,0.004086748650310601,0.00020449891984937143,0,1.604353998489671e-07,0.006212758740237943,0.0003072964043997164,0,11.488304199883714,1.1448308481248043e-06,1.2570451537948322e-06,2.531945704299654e-05,2.1859373090105626e-05,
subject_00387_healthy,subject_00387,subject_00387,subject_00387_healthy.npz,0,complete,3.0,6.0,1.0,11.0,-1.0,-1.0,-1.0,-1.0,0.0,0.0,0.0,0.0,2000000,none,pmcx,2367164831,9.861661805812196e-10,0.004022988034664851,0.00019528788857805238,0,5.503026235562772e-08,0.006147711309631887,0.00030540248574181485,0,11.613644700031728,9.276009235195133e-07,1.3702387159528993e-06,2.727627784428763e-05,2.9986401470668417e-05,
subject_00387_hemorrhage,subject_00387,subject_00387,subject_00387_hemorrhage.npz,1,complete,3.0,6.0,1.0,11.0,37.0,56.0,18.0,17.0,7.0,6.0,5.0,877.0,2000000,none,pmcx,2367164831,1.33205628828847e-10,0.004029071326385153,0.0001950879026119917,0,6.156414196959737e-08,0.006133535928686166,0.0003054953728750261,0,11.6029058995191,9.276009235195133e-07,1.3702387159528993e-06,2.727627784428763e-05,2.9986401470668417e-05,
subject_00388_healthy,subject_00388,subject_00388,subject_00388_healthy.npz,0,complete,3.0,6.0,2.0,12.0,-1.0,-1.0,-1.0,-1.0,0.0,0.0,0.0,0.0,2000000,none,pmcx,2592293701,9.454395437288533e-09,0.004048938504397432,0.0002002927623330136,0,1.8034869749257757e-07,0.006092838799263558,0.00030005540930400597,0,11.236046999925748,9.285955210595039e-07,1.5039644478673577e-06,2.5927052707467105e-05,2.6766119786756476e-05,
subject_00388_hemorrhage,subject_00388,subject_00388,subject_00388_hemorrhage.npz,1,complete,3.0,6.0,2.0,12.0,33.0,51.0,17.0,16.0,6.0,6.0,4.0,585.0,2000000,none,pmcx,2592293701,3.265305134383879e-09,0.004045824291084763,0.00020010310223351376,0,2.00660242906265e-07,0.006073570887177962,0.00029978898345096275,0,11.300826400052756,9.285955210595039e-07,1.5039644478673577e-06,2.5927052707467105e-05,2.6766119786756476e-05,
subject_00389_healthy,subject_00389,subject_00389,subject_00389_healthy.npz,0,complete,3.0,6.0,1.0,11.0,-1.0,-1.0,-1.0,-1.0,0.0,0.0,0.0,0.0,2000000,none,pmcx,1238796963,4.545388237614323e-10,0.0040137173740639135,0.00019448172024696538,0,1.1787829396089042e-08,0.006334853085844156,0.00031587031594485887,0,11.712159000337124,6.301190420413903e-07,1.4887820556398492e-06,1.1649591217107683e-05,1.6968551297467764e-05,
subject_00389_hemorrhage,subject_00389,subject_00389,subject_00389_hemorrhage.npz,1,complete,3.0,6.0,1.0,11.0,42.0,39.0,20.0,19.0,6.0,5.0,5.0,613.0,2000000,none,pmcx,1238796963,4.542884992124369e-10,0.004016608403863335,0.0001946524685076828,0,1.183968798501219e-08,0.006345728891486024,0.0003165781362158857,0,11.704218500526622,6.301190420413903e-07,1.4887820556398492e-06,1.1649591217107683e-05,1.6968551297467764e-05,
subject_00390_healthy,subject_00390,subject_00390,subject_00390_healthy.npz,0,complete,3.0,5.0,1.0,10.0,-1.0,-1.0,-1.0,-1.0,0.0,0.0,0.0,0.0,2000000,none,pmcx,94487960,4.690735657154086e-09,0.004205839676251872,0.00020717240317345533,0,1.0515437995283631e-07,0.006007581205137527,0.0002943826960875999,0,11.565820299554616,8.773831813187366e-07,8.598547536755052e-07,2.8137302420934776e-05,1.5333109188143956e-05,
subject_00390_hemorrhage,subject_00390,subject_00390,subject_00390_hemorrhage.npz,1,complete,3.0,5.0,1.0,10.0,33.0,40.0,19.0,18.0,6.0,5.0,5.0,613.0,2000000,none,pmcx,94487960,8.337776142532196e-09,0.004177702373830937,0.00020673337606031284,0,8.224172208964384e-08,0.0059949232111642485,0.0002943814120221288,0,11.594266500556841,8.773831813187366e-07,8.598547536755052e-07,2.8137302420934776e-05,1.5333109188143956e-05,
subject_00391_healthy,subject_00391,subject_00391,subject_00391_healthy.npz,0,complete,3.0,5.0,1.0,10.0,-1.0,-1.0,-1.0,-1.0,0.0,0.0,0.0,0.0,2000000,none,pmcx,266698707,1.3710803311935043e-10,0.00408170017078717,0.00019989413485356855,0,4.927395667160026e-09,0.006039761703517922,0.000293029840951792,0,11.73038259963505,1.1254117918651014e-06,1.1706867302022865e-06,2.719845245357502e-05,1.1775228980370799e-05,
subject_00391_hemorrhage,subject_00391,subject_00391,subject_00391_hemorrhage.npz,1,complete,3.0,5.0,1.0,10.0,30.0,51.0,16.0,15.0,7.0,5.0,5.0,711.0,2000000,none,pmcx,266698707,4.2319006098070753e-10,0.004096533375594444,0.00020007069338881728,0,7.642135852278647e-09,0.0060440528611714174,0.00029322084456626313,0,11.749138899613172,1.1254117918651014e-06,1.1706867302022865e-06,2.719845245357502e-05,1.1775228980370799e-05,
subject_00392_healthy,subject_00392,subject_00392,subject_00392_healthy.npz,0,complete,3.0,6.0,1.0,11.0,-1.0,-1.0,-1.0,-1.0,0.0,0.0,0.0,0.0,2000000,none,pmcx,1332845942,4.507353686925091e-10,0.004028236320256889,0.00019858788919954954,0,3.589950922035735e-08,0.00620099083891576,0.00030645510439971844,0,11.754290100419894,5.72730399710193e-07,1.1516840418852826e-06,1.178232546286944e-05,2.9056818817768323e-05,
subject_00392_hemorrhage,subject_00392,subject_00392,subject_00392_hemorrhage.npz,1,complete,3.0,6.0,1.0,11.0,28.0,32.0,18.0,17.0,5.0,5.0,4.0,417.0,2000000,none,pmcx,1332845942,4.879939376455666e-10,0.004038585249933759,0.00019852439520995715,0,3.0323200059111045e-08,0.006200648611776941,0.0003061192246811283,0,11.813663799315691,5.72730399710193e-07,1.1516840418852826e-06,1.178232546286944e-05,2.9056818817768323e-05,
subject_00393_healthy,subject_00393,subject_00393,subject_00393_healthy.npz,0,complete,2.0,5.0,1.0,9.0,-1.0,-1.0,-1.0,-1.0,0.0,0.0,0.0,0.0,2000000,none,pmcx,385148967,1.7613990002987424e-10,0.0040223946219811605,0.0001990737025282189,0,3.5943550924885653e-09,0.00620216355790439,0.0003036869039629122,0,12.327872000169009,9.970398688286593e-07,1.954006319244123e-06,2.5923811796322834e-05,4.778337645186797e-05,
subject_00393_hemorrhage,subject_00393,subject_00393,subject_00393_hemorrhage.npz,1,complete,2.0,5.0,1.0,9.0,48.0,39.0,15.0,14.0,6.0,7.0,4.0,671.0,2000000,none,pmcx,385148967,2.4426738042752323e-09,0.004019838436695323,0.00019927340513023955,0,3.5873907943306007e-09,0.006206334824671964,0.0003034870453973464,0,12.31635450059548,9.970398688286593e-07,1.954006319244123e-06,2.5923811796322834e-05,4.778337645186797e-05,
subject_00394_healthy,subject_00394,subject_00394,subject_00394_healthy.npz,0,complete,2.0,5.0,2.0,10.0,-1.0,-1.0,-1.0,-1.0,0.0,0.0,0.0,0.0,2000000,none,pmcx,638234946,1.0061566951136927e-07,0.004208962429801644,0.00020729663067369463,0,2.6387919762410367e-07,0.006150667666388437,0.0002998598933598516,0,11.498346099862829,8.122052903764843e-07,1.2774056325337497e-06,2.981365774953719e-05,1.822291815639296e-05,
subject_00394_hemorrhage,subject_00394,subject_00394,subject_00394_hemorrhage.npz,1,complete,2.0,5.0,2.0,10.0,39.0,25.0,21.0,20.0,6.0,7.0,5.0,877.0,2000000,none,pmcx,638234946,9.446774612656823e-08,0.004213200300606621,0.00020737542731274607,0,2.4776521851787215e-07,0.006160687719330834,0.0002997913659678247,0,11.526018499629572,8.122052903764843e-07,1.2774056325337497e-06,2.981365774953719e-05,1.822291815639296e-05,
subject_00395_healthy,subject_00395,subject_00395,subject_00395_healthy.npz,0,complete,2.0,6.0,1.0,10.0,-1.0,-1.0,-1.0,-1.0,0.0,0.0,0.0,0.0,2000000,none,pmcx,2292666864,5.710633337588179e-09,0.004247017031265974,0.00021226160827771354,0,3.936858393712355e-08,0.006270883776612136,0.0003021023017697129,0,11.667642399668694,1.0488493867961117e-06,1.601931072333794e-06,2.294936896889751e-05,4.7413813892225806e-05,
subject_00395_hemorrhage,subject_00395,subject_00395,subject_00395_hemorrhage.npz,1,complete,2.0,6.0,1.0,10.0,39.0,47.0,15.0,14.0,7.0,5.0,4.0,577.0,2000000,none,pmcx,2292666864,7.70609326978292e-09,0.004224067662297076,0.000211922000325342,0,3.802015647226582e-08,0.006318297590504362,0.0003025255130420669,0,11.757574600400403,1.0488493867961117e-06,1.601931072333794e-06,2.294936896889751e-05,4.7413813892225806e-05,
subject_00396_healthy,subject_00396,subject_00396,subject_00396_healthy.npz,0,complete,3.0,6.0,1.0,11.0,-1.0,-1.0,-1.0,-1.0,0.0,0.0,0.0,0.0,2000000,none,pmcx,869303140,5.299412726113767e-09,0.004060298395154309,0.00020175398559488068,0,3.565198458921585e-08,0.006218535440180699,0.00030416113807611646,0,11.710508600343019,9.481071115729413e-07,1.084233131602445e-06,4.7038203007173686e-05,1.7782710596216892e-05,
subject_00396_hemorrhage,subject_00396,subject_00396,subject_00396_hemorrhage.npz,1,complete,3.0,6.0,1.0,11.0,45.0,29.0,19.0,18.0,5.0,5.0,5.0,515.0,2000000,none,pmcx,869303140,5.299826269453106e-09,0.004065296405762167,0.00020156264751979895,0,3.8620364566915924e-08,0.006218272232829107,0.00030414278415898306,0,11.688232699409127,9.481071115729413e-07,1.084233131602445e-06,4.7038203007173686e-05,1.7782710596216892e-05,
subject_00397_healthy,subject_00397,subject_00397,subject_00397_healthy.npz,0,complete,3.0,5.0,1.0,10.0,-1.0,-1.0,-1.0,-1.0,0.0,0.0,0.0,0.0,2000000,none,pmcx,2487939872,2.0635802878200238e-10,0.004040198476985956,0.00019688359896779625,0,6.381124315586728e-08,0.006236479945162132,0.00030904025564416264,0,12.341861099936068,9.362527982300301e-07,1.5938488081169654e-06,2.3530043803873628e-05,3.972704816713243e-05,
subject_00397_hemorrhage,subject_00397,subject_00397,subject_00397_hemorrhage.npz,1,complete,3.0,5.0,1.0,10.0,46.0,28.0,20.0,19.0,7.0,6.0,4.0,671.0,2000000,none,pmcx,2487939872,1.8340282440837318e-10,0.0040486824155052965,0.0001965645826413811,0,6.368909165352768e-08,0.006235304812611747,0.0003090446072255992,0,12.293161800364032,9.362527982300301e-07,1.5938488081169654e-06,2.3530043803873628e-05,3.972704816713243e-05,
subject_00398_healthy,subject_00398,subject_00398,subject_00398_healthy.npz,0,complete,2.0,7.0,1.0,11.0,-1.0,-1.0,-1.0,-1.0,0.0,0.0,0.0,0.0,2000000,none,pmcx,3906945060,3.3828055144501174e-09,0.004094236707297856,0.0001990218370602401,0,3.434098172193613e-08,0.006396553878309183,0.00031342464893397803,0,11.643173700431362,7.086709306340199e-07,1.1494532994009215e-06,1.7927847408967697e-05,1.6447362146561817e-05,
subject_00398_hemorrhage,subject_00398,subject_00398,subject_00398_hemorrhage.npz,1,complete,2.0,7.0,1.0,11.0,29.0,26.0,20.0,19.0,5.0,6.0,4.0,491.0,2000000,none,pmcx,3906945060,1.1469878924493615e-09,0.004091122578062009,0.00019902438297770268,0,1.4912557961796022e-08,0.006403255594572388,0.0003137151017195863,0,11.685811700066552,7.086709306340199e-07,1.1494532994009215e-06,1.7927847408967697e-05,1.6447362146561817e-05,
subject_00399_healthy,subject_00399,subject_00399,subject_00399_healthy.npz,0,complete,2.0,5.0,1.0,9.0,-1.0,-1.0,-1.0,-1.0,0.0,0.0,0.0,0.0,2000000,none,pmcx,41228048,2.295034839387631e-08,0.004193474293279452,0.00020481136274917903,0,4.9916126481059024e-08,0.0060489522958861635,0.0002898612278841102,0,12.092074600048363,1.0382086070048866e-06,1.122445941652909e-06,2.4200559251569796e-05,2.0435938859900485e-05,
subject_00399_hemorrhage,subject_00399,subject_00399,subject_00399_hemorrhage.npz,1,complete,2.0,5.0,1.0,9.0,29.0,28.0,17.0,16.0,6.0,6.0,4.0,585.0,2000000,none,pmcx,41228048,1.352215153228211e-08,0.004206573689028001,0.00020463297424745978,0,5.05525430141562e-08,0.006055628248686777,0.00028987404712463663,0,12.052744199987501,1.0382086070048866e-06,1.122445941652909e-06,2.4200559251569796e-05,2.0435938859900485e-05,
subject_00400_healthy,subject_00400,subject_00400,subject_00400_healthy.npz,0,complete,3.0,5.0,1.0,10.0,-1.0,-1.0,-1.0,-1.0,0.0,0.0,0.0,0.0,2000000,none,pmcx,2243012305,3.840029814784016e-09,0.003982029674419821,0.0001957967113495007,0,2.884326732839382e-08,0.006126530541451074,0.00030460007813248684,0,11.814873900031671,1.08272126446517e-06,1.1178887865729726e-06,6.416984482486652e-05,1.962541603006229e-05,
subject_00400_hemorrhage,subject_00400,subject_00400,subject_00400_hemorrhage.npz,1,complete,3.0,5.0,1.0,10.0,35.0,55.0,18.0,17.0,5.0,7.0,5.0,711.0,2000000,none,pmcx,2243012305,3.8408832469392815e-09,0.00397644271469998,0.00019612791784391045,0,2.8850464679051262e-08,0.0061301851233653325,0.00030457368804579437,0,11.814121900359169,1.08272126446517e-06,1.1178887865729726e-06,6.416984482486652e-05,1.962541603006229e-05,
subject_00401_healthy,subject_00401,subject_00401,subject_00401_healthy.npz,0,complete,2.0,6.0,1.0,10.0,-1.0,-1.0,-1.0,-1.0,0.0,0.0,0.0,0.0,2000000,none,pmcx,1857910679,9.613214966689126e-09,0.004313509592666817,0.00021089223337666734,0,1.1185345660744549e-08,0.006150717903331273,0.00029654342480588917,0,12.142772699706256,9.87306844665138e-07,1.4162502004233927e-06,1.8112895174621745e-05,2.4674803698738123e-05,
subject_00401_hemorrhage,subject_00401,subject_00401,subject_00401_hemorrhage.npz,1,complete,2.0,6.0,1.0,10.0,33.0,43.0,19.0,18.0,7.0,6.0,5.0,877.0,2000000,none,pmcx,1857910679,9.662045230372147e-09,0.004295396697492195,0.00021023757243227454,0,1.8233564563756714e-08,0.006145378880651312,0.0002968232344738496,0,12.14388639992103,9.87306844665138e-07,1.4162502004233927e-06,1.8112895174621745e-05,2.4674803698738123e-05,
subject_00402_healthy,subject_00402,subject_00402,subject_00402_healthy.npz,0,complete,2.0,6.0,1.0,10.0,-1.0,-1.0,-1.0,-1.0,0.0,0.0,0.0,0.0,2000000,none,pmcx,2168331927,3.2011259527283755e-09,0.004157948121653384,0.0002054034317617839,0,3.397074901447057e-08,0.006529645778394718,0.0003170879287717741,0,11.437645299592987,1.1963250423162873e-06,1.8355207607016331e-06,3.700895005991599e-05,6.133978088702485e-05,
subject_00402_hemorrhage,subject_00402,subject_00402,subject_00402_hemorrhage.npz,1,complete,2.0,6.0,1.0,10.0,46.0,50.0,19.0,18.0,7.0,7.0,5.0,1023.0,2000000,none,pmcx,2168331927,3.2522807577201624e-09,0.004172782029523021,0.00020582620816524483,0,1.673061874265921e-08,0.006537881095565638,0.0003178268201934224,0,11.434435999952257,1.1963250423162873e-06,1.8355207607016331e-06,3.700895005991599e-05,6.133978088702485e-05,
subject_00403_healthy,subject_00403,subject_00403,subject_00403_healthy.npz,0,complete,2.0,6.0,1.0,10.0,-1.0,-1.0,-1.0,-1.0,0.0,0.0,0.0,0.0,2000000,none,pmcx,1171252271,4.290607421782979e-09,0.0043395904920240525,0.00021258400227921917,0,6.467733376089914e-08,0.006281885419192275,0.0003054928389727961,0,11.84247050061822,8.130063737460694e-07,1.0198681555038355e-06,2.8089452179725326e-05,2.724650577851616e-05,
subject_00403_hemorrhage,subject_00403,subject_00403,subject_00403_hemorrhage.npz,1,complete,2.0,6.0,1.0,10.0,46.0,53.0,18.0,17.0,6.0,6.0,5.0,739.0,2000000,none,pmcx,1171252271,3.340765088713467e-09,0.004339526829674751,0.00021238520314617192,0,6.390534004865149e-08,0.006309131924970791,0.00030572882841486883,0,11.740674499887973,8.130063737460694e-07,1.0198681555038355e-06,2.8089452179725326e-05,2.724650577851616e-05,
subject_00404_healthy,subject_00404,subject_00404,subject_00404_healthy.npz,0,complete,3.0,6.0,2.0,12.0,-1.0,-1.0,-1.0,-1.0,0.0,0.0,0.0,0.0,2000000,none,pmcx,1853288470,2.5368705754493144e-08,0.0038961750001719037,0.00019024027889049197,0,1.288325068136338e-07,0.006165032791472059,0.0002997502542453633,0,11.251139999600127,6.124043576154888e-07,1.2736765053685686e-06,7.967599260231498e-06,2.6694276259324294e-05,
subject_00404_hemorrhage,subject_00404,subject_00404,subject_00404_hemorrhage.npz,1,complete,3.0,6.0,2.0,12.0,49.0,33.0,21.0,20.0,6.0,5.0,4.0,491.0,2000000,none,pmcx,1853288470,2.3821864052210975e-08,0.003904142599432135,0.00019040990208863299,0,1.5913591447968348e-07,0.0061407186672606555,0.00029894245368668133,0,11.260301700327545,6.124043576154888e-07,1.2736765053685686e-06,7.967599260231498e-06,2.6694276259324294e-05,
subject_00405_healthy,subject_00405,subject_00405,subject_00405_healthy.npz,0,complete,3.0,6.0,1.0,11.0,-1.0,-1.0,-1.0,-1.0,0.0,0.0,0.0,0.0,2000000,none,pmcx,1577623179,8.194499793851895e-10,0.003842984816604393,0.00018957686515767624,0,6.363366490363785e-08,0.006209112341731207,0.0003083142041108805,0,12.032157300272956,7.746165387262587e-07,1.3894243130255954e-06,1.4350331864728294e-05,2.3502959610530692e-05,
subject_00405_hemorrhage,subject_00405,subject_00405,subject_00405_hemorrhage.npz,1,complete,3.0,6.0,1.0,11.0,42.0,25.0,20.0,19.0,5.0,6.0,4.0,491.0,2000000,none,pmcx,1577623179,8.210070165356515e-10,0.0038418358978263203,0.00018966437010877789,0,5.9314079293360775e-08,0.006185609382120676,0.00030856903260715305,0,12.03725789906457,7.746165387262587e-07,1.3894243130255954e-06,1.4350331864728294e-05,2.3502959610530692e-05,
subject_00406_healthy,subject_00406,subject_00406,subject_00406_healthy.npz,0,complete,3.0,5.0,1.0,10.0,-1.0,-1.0,-1.0,-1.0,0.0,0.0,0.0,0.0,2000000,none,pmcx,2294282588,5.490567888891784e-10,0.004073340768320027,0.00020189423432747305,0,7.295206267058265e-08,0.00590961088878382,0.00028810086675666623,0,11.856355999829248,5.80809925778859e-07,1.168347117923138e-06,1.5605411903641428e-05,2.9448870550901826e-05,
subject_00406_hemorrhage,subject_00406,subject_00406,subject_00406_hemorrhage.npz,1,complete,3.0,5.0,1.0,10.0,30.0,24.0,18.0,17.0,5.0,6.0,4.0,491.0,2000000,none,pmcx,2294282588,4.931280121371365e-09,0.0040730245259840755,0.00020192469595639855,0,7.410160022106168e-08,0.005927197227101025,0.000288063696641816,0,11.809464699355885,5.80809925778859e-07,1.168347117923138e-06,1.5605411903641428e-05,2.9448870550901826e-05,
subject_00407_healthy,subject_00407,subject_00407,subject_00407_healthy.npz,0,complete,3.0,7.0,2.0,13.0,-1.0,-1.0,-1.0,-1.0,0.0,0.0,0.0,0.0,2000000,none,pmcx,2028943726,1.4907062256093906e-08,0.00412317515346753,0.000199418338390447,0,1.0700622674478635e-07,0.006060012152612659,0.0002991391198400585,0,11.267771699698642,1.2315128726133663e-06,1.2606457858958756e-06,4.414586650099096e-05,3.333560237693371e-05,
subject_00407_hemorrhage,subject_00407,subject_00407,subject_00407_hemorrhage.npz,1,complete,3.0,7.0,2.0,13.0,35.0,26.0,18.0,17.0,7.0,5.0,5.0,711.0,2000000,none,pmcx,2028943726,1.3139728885045852e-08,0.0041112105820212365,0.00019959923334479977,0,1.458807567067262e-07,0.006059177404943585,0.0002987188514772623,0,11.336716699646786,1.2315128726133663e-06,1.2606457858958756e-06,4.414586650099096e-05,3.333560237693371e-05,
subject_00408_healthy,subject_00408,subject_00408,subject_00408_healthy.npz,0,complete,2.0,7.0,1.0,11.0,-1.0,-1.0,-1.0,-1.0,0.0,0.0,0.0,0.0,2000000,none,pmcx,3693015113,9.895396885987589e-10,0.004044747084379319,0.00019523796373832424,0,2.849654936765612e-08,0.006520191282077883,0.00032172699254619957,0,11.43606430082582,9.216371176308096e-07,1.4098057910362585e-06,3.609807488834252e-05,4.067571224827295e-05,
subject_00408_hemorrhage,subject_00408,subject_00408,subject_00408_hemorrhage.npz,1,complete,2.0,7.0,1.0,11.0,42.0,25.0,16.0,15.0,7.0,5.0,4.0,577.0,2000000,none,pmcx,3693015113,9.898461025025399e-10,0.00403747746501647,0.00019565128326326758,0,1.287730322636089e-09,0.006522365595542341,0.0003210702944416085,0,11.45078910049051,9.216371176308096e-07,1.4098057910362585e-06,3.609807488834252e-05,4.067571224827295e-05,
subject_00409_healthy,subject_00409,subject_00409,subject_00409_healthy.npz,0,complete,2.0,6.0,2.0,11.0,-1.0,-1.0,-1.0,-1.0,0.0,0.0,0.0,0.0,2000000,none,pmcx,1581286428,5.200559659508382e-08,0.004347836248996611,0.00021514412341951548,0,1.3189212073222304e-07,0.0063492097276382,0.00031252891729048664,0,11.189755300059915,8.57312713753047e-07,1.5860731652906031e-06,1.9698183428677914e-05,2.051435232592897e-05,
subject_00409_hemorrhage,subject_00409,subject_00409,subject_00409_hemorrhage.npz,1,complete,2.0,6.0,2.0,11.0,30.0,41.0,19.0,18.0,5.0,7.0,4.0,577.0,2000000,none,pmcx,1581286428,5.202050740623153e-08,0.004347867788222932,0.00021511615161368507,0,1.4069417639204396e-07,0.006333294992037005,0.0003122243045513358,0,11.307422599755228,8.57312713753047e-07,1.5860731652906031e-06,1.9698183428677914e-05,2.051435232592897e-05,
subject_00410_healthy,subject_00410,subject_00410,subject_00410_healthy.npz,0,complete,2.0,6.0,2.0,11.0,-1.0,-1.0,-1.0,-1.0,0.0,0.0,0.0,0.0,2000000,none,pmcx,276554602,6.398784644504102e-08,0.004084155453480702,0.00020122836285124972,0,2.3078021807451937e-07,0.0063151847379450685,0.00030893736249805427,0,10.876845699734986,1.0230493449202639e-06,1.2703136414018612e-06,2.486392469499936e-05,1.4099318161908334e-05,
subject_00410_hemorrhage,subject_00410,subject_00410,subject_00410_hemorrhage.npz,1,complete,2.0,6.0,2.0,11.0,35.0,37.0,18.0,17.0,5.0,7.0,5.0,711.0,2000000,none,pmcx,276554602,4.9704913520547614e-08,0.004079703470835652,0.00020108363780651944,0,2.299254638974613e-07,0.006328381835877292,0.0003090590001195336,0,10.953984099905938,1.0230493449202639e-06,1.2703136414018612e-06,2.486392469499936e-05,1.4099318161908334e-05,
subject_00411_healthy,subject_00411,subject_00411,subject_00411_healthy.npz,0,complete,3.0,6.0,1.0,11.0,-1.0,-1.0,-1.0,-1.0,0.0,0.0,0.0,0.0,2000000,none,pmcx,3703648185,4.871943966336862e-09,0.0038933464416169832,0.0001907151408835172,0,3.7487339391667336e-08,0.006349242514893406,0.00031021681597439513,0,11.814954000292346,1.198340266820304e-06,1.575797354964636e-06,2.8612130179774854e-05,3.1686437086733514e-05,
subject_00411_hemorrhage,subject_00411,subject_00411,subject_00411_hemorrhage.npz,1,complete,3.0,6.0,1.0,11.0,32.0,46.0,16.0,15.0,6.0,6.0,5.0,739.0,2000000,none,pmcx,3703648185,4.626378543999941e-09,0.003921958571796758,0.00019105429785555995,0,3.950610014229586e-08,0.006362291306610597,0.0003102407866702998,0,11.831019699806347,1.198340266820304e-06,1.575797354964636e-06,2.8612130179774854e-05,3.1686437086733514e-05,
subject_00412_healthy,subject_00412,subject_00412,subject_00412_healthy.npz,0,complete,3.0,5.0,2.0,11.0,-1.0,-1.0,-1.0,-1.0,0.0,0.0,0.0,0.0,2000000,none,pmcx,303232334,4.6753233988723666e-08,0.0040837106702434475,0.0002017755536659135,0,2.2426707910992447e-07,0.0061146241313553866,0.0003002978943318953,0,10.699703100137413,1.0108179916664117e-06,9.548263525520478e-07,2.4429079368903234e-05,1.1137113661566743e-05,
subject_00412_hemorrhage,subject_00412,subject_00412,subject_00412_hemorrhage.npz,1,complete,3.0,5.0,2.0,11.0,42.0,27.0,17.0,16.0,5.0,5.0,5.0,515.0,2000000,none,pmcx,303232334,4.0853953237735815e-08,0.004080483200943091,0.0002013073902044494,0,9.227098150792474e-08,0.006112851334325911,0.0003003574407899317,0,10.694908700184897,1.0108179916664117e-06,9.548263525520478e-07,2.4429079368903234e-05,1.1137113661566743e-05,
subject_00413_healthy,subject_00413,subject_00413,subject_00413_healthy.npz,0,complete,2.0,5.0,2.0,10.0,-1.0,-1.0,-1.0,-1.0,0.0,0.0,0.0,0.0,2000000,none,pmcx,1272849035,9.870133266936876e-08,0.004113704750077233,0.00019963050659105959,0,4.363289205075024e-07,0.0064492984084879084,0.00031418868401114836,0,11.370359699474648,9.984168444124178e-07,1.6717008374644925e-06,4.501906761145754e-05,4.82345311729384e-05,
subject_00413_hemorrhage,subject_00413,subject_00413,subject_00413_hemorrhage.npz,1,complete,2.0,5.0,2.0,10.0,29.0,27.0,19.0,18.0,6.0,6.0,4.0,585.0,2000000,none,pmcx,1272849035,9.460686984775754e-08,0.004119374441236569,0.0002000171301416887,0,3.3769171118523686e-07,0.006427274829967197,0.0003141023275157409,0,11.29806279973127,9.984168444124178e-07,1.6717008374644925e-06,4.501906761145754e-05,4.82345311729384e-05,
subject_00414_healthy,subject_00414,subject_00414,subject_00414_healthy.npz,0,complete,3.0,6.0,2.0,12.0,-1.0,-1.0,-1.0,-1.0,0.0,0.0,0.0,0.0,2000000,none,pmcx,3675830362,2.8002491901969088e-08,0.004103673797750585,0.00020165693682085452,0,1.7023488792520364e-07,0.006015729980427264,0.0002918828913759954,0,10.996730899671093,8.877836636480684e-07,9.936286269530454e-07,1.700749853148116e-05,9.6013708626181e-06,
subject_00414_hemorrhage,subject_00414,subject_00414,subject_00414_hemorrhage.npz,1,complete,3.0,6.0,2.0,12.0,34.0,33.0,19.0,18.0,5.0,5.0,5.0,515.0,2000000,none,pmcx,3675830362,2.7840898188732333e-08,0.00409185019809153,0.00020183656265110485,0,1.556583079526625e-07,0.006009918688945929,0.00029211059933463416,0,11.057715600123629,8.877836636480684e-07,9.936286269530454e-07,1.700749853148116e-05,9.6013708626181e-06,
subject_00415_healthy,subject_00415,subject_00415,subject_00415_healthy.npz,0,complete,2.0,6.0,1.0,10.0,-1.0,-1.0,-1.0,-1.0,0.0,0.0,0.0,0.0,2000000,none,pmcx,3517002895,5.200512572582478e-10,0.004083906220146503,0.00019750768771503946,0,3.247246711222701e-08,0.0065523130867442166,0.0003199304941921652,0,11.70712330006063,7.492768752391585e-07,1.7178004289148292e-06,1.4690349271710007e-05,3.383132621528201e-05,
subject_00415_hemorrhage,subject_00415,subject_00415,subject_00415_hemorrhage.npz,1,complete,2.0,6.0,1.0,10.0,40.0,45.0,19.0,18.0,6.0,5.0,5.0,613.0,2000000,none,pmcx,3517002895,5.190687738863449e-10,0.004072952657389791,0.00019745117463734058,0,2.2598052087424274e-08,0.006527588257321007,0.00032010141866871877,0,11.621332799317315,7.492768752391585e-07,1.7178004289148292e-06,1.4690349271710007e-05,3.383132621528201e-05,
subject_00416_healthy,subject_00416,subject_00416,subject_00416_healthy.npz,0,complete,2.0,6.0,1.0,10.0,-1.0,-1.0,-1.0,-1.0,0.0,0.0,0.0,0.0,2000000,none,pmcx,1805039141,6.521361815000113e-12,0.004245340258472983,0.00021134753564607873,0,3.740599635681303e-08,0.006215739328213063,0.00030453890318771367,0,11.64056109986268,1.026567845591493e-06,1.3491988170040899e-06,2.6215399508958473e-05,1.4960470009271797e-05,
subject_00416_hemorrhage,subject_00416,subject_00416,subject_00416_hemorrhage.npz,1,complete,2.0,6.0,1.0,10.0,37.0,45.0,15.0,14.0,6.0,6.0,5.0,739.0,2000000,none,pmcx,1805039141,3.896813028267401e-11,0.004245930685167091,0.00021132015700169,0,3.734984531498158e-08,0.006210549662192015,0.000304215065088028,0,11.624156899750233,1.026567845591493e-06,1.3491988170040899e-06,2.6215399508958473e-05,1.4960470009271797e-05,
subject_00417_healthy,subject_00417,subject_00417,subject_00417_healthy.npz,0,complete,3.0,6.0,1.0,11.0,-1.0,-1.0,-1.0,-1.0,0.0,0.0,0.0,0.0,2000000,none,pmcx,1164607799,1.9916837926491744e-10,0.004144709012646572,0.00020443380601118042,0,2.5104457678916494e-10,0.006094901648720458,0.0002958340373900724,0,11.647017400246114,9.125840180467439e-07,1.0222862094051852e-06,2.3720006366630825e-05,1.705216932199917e-05,
subject_00417_hemorrhage,subject_00417,subject_00417,subject_00417_hemorrhage.npz,1,complete,3.0,6.0,1.0,11.0,46.0,35.0,21.0,20.0,7.0,7.0,5.0,1023.0,2000000,none,pmcx,1164607799,2.0427301853085374e-10,0.004152267923548884,0.00020487171712212142,0,1.2387292143785481e-08,0.006100391199293294,0.0002959813900544334,0,11.630641899304464,9.125840180467439e-07,1.0222862094051852e-06,2.3720006366630825e-05,1.705216932199917e-05,
subject_00418_healthy,subject_00418,subject_00418,subject_00418_healthy.npz,0,complete,2.0,6.0,1.0,10.0,-1.0,-1.0,-1.0,-1.0,0.0,0.0,0.0,0.0,2000000,none,pmcx,4000030622,8.483775543702493e-11,0.0040939625664062895,0.00019849253351715356,0,1.2562455055289627e-08,0.006405561613369715,0.00030560822656615393,0,11.82407750049606,8.356906377049305e-07,1.0123812387090548e-06,3.38162492850274e-05,1.978239348127955e-05,
subject_00418_hemorrhage,subject_00418,subject_00418,subject_00418_hemorrhage.npz,1,complete,2.0,6.0,1.0,10.0,46.0,53.0,19.0,18.0,6.0,6.0,4.0,585.0,2000000,none,pmcx,4000030622,8.501565846266823e-11,0.004090808536934708,0.00019904433834917864,0,1.2560546249137468e-08,0.006407188600343024,0.000305615695546707,0,11.840713400160894,8.356906377049305e-07,1.0123812387090548e-06,3.38162492850274e-05,1.978239348127955e-05,
subject_00419_healthy,subject_00419,subject_00419,subject_00419_healthy.npz,0,complete,3.0,5.0,2.0,11.0,-1.0,-1.0,-1.0,-1.0,0.0,0.0,0.0,0.0,2000000,none,pmcx,236854279,3.317118563692578e-08,0.0039229736562605005,0.00019410654654049492,0,1.6424673126758915e-07,0.0059787639056911165,0.00028994362245258966,0,10.947201400063932,1.028183343640069e-06,1.460825664455487e-06,2.7636064525406005e-05,2.7283703571862787e-05,
subject_00419_hemorrhage,subject_00419,subject_00419,subject_00419_hemorrhage.npz,1,complete,3.0,5.0,2.0,11.0,47.0,28.0,17.0,16.0,6.0,6.0,5.0,739.0,2000000,none,pmcx,236854279,3.92889230973084e-08,0.003922548356765774,0.000194238410484558,0,1.3050137907146778e-07,0.005998859103119096,0.00029007601229442314,0,10.946677900152281,1.028183343640069e-06,1.460825664455487e-06,2.7636064525406005e-05,2.7283703571862787e-05,
subject_00420_healthy,subject_00420,subject_00420,subject_00420_healthy.npz,0,complete,3.0,6.0,2.0,12.0,-1.0,-1.0,-1.0,-1.0,0.0,0.0,0.0,0.0,2000000,none,pmcx,61543717,3.155812745679207e-08,0.0040810134699105875,0.00020383321177397558,0,1.3784095697781033e-07,0.006240521523112673,0.0003103723966661259,0,10.736523899016902,1.0898171740434051e-06,1.3910974711545417e-06,1.5308486680930267e-05,2.8878762513110355e-05,
subject_00420_hemorrhage,subject_00420,subject_00420,subject_00420_hemorrhage.npz,1,complete,3.0,6.0,2.0,12.0,34.0,41.0,19.0,18.0,6.0,6.0,5.0,739.0,2000000,none,pmcx,61543717,4.014508626975273e-08,0.004065704983229657,0.00020403797980848517,0,1.4069757021890506e-07,0.006236791192651669,0.00031080146892487645,0,10.771671199705452,1.0898171740434051e-06,1.3910974711545417e-06,1.5308486680930267e-05,2.8878762513110355e-05,
subject_00421_healthy,subject_00421,subject_00421,subject_00421_healthy.npz,0,complete,2.0,6.0,2.0,11.0,-1.0,-1.0,-1.0,-1.0,0.0,0.0,0.0,0.0,2000000,none,pmcx,2678678122,1.3513546672662085e-08,0.004099137622659657,0.00019756473080827632,0,1.4273460068924182e-07,0.006441290148358101,0.00031434952345346683,0,11.108030400471762,9.084993109808849e-07,1.3075020464172565e-06,1.731653784295753e-05,2.115051957538895e-05,
subject_00421_hemorrhage,subject_00421,subject_00421,subject_00421_hemorrhage.npz,1,complete,2.0,6.0,2.0,11.0,36.0,27.0,17.0,16.0,5.0,6.0,4.0,491.0,2000000,none,pmcx,2678678122,1.3514448512933996e-08,0.004085019933477179,0.00019706973817432326,0,1.4540277322015026e-07,0.006420139628782712,0.0003141999428558102,0,11.123763200128451,9.084993109808849e-07,1.3075020464172565e-06,1.731653784295753e-05,2.115051957538895e-05,
subject_00422_healthy,subject_00422,subject_00422,subject_00422_healthy.npz,0,complete,3.0,6.0,1.0,11.0,-1.0,-1.0,-1.0,-1.0,0.0,0.0,0.0,0.0,2000000,none,pmcx,3704435899,7.389752814706653e-10,0.004227354191939526,0.0002097284586279333,0,9.143654291859457e-09,0.006342635618840342,0.0003132736854880198,0,11.948627200443298,1.0294641167963223e-06,1.8916258940534771e-06,1.6808354950783276e-05,2.626379693403385e-05,
subject_00422_hemorrhage,subject_00422,subject_00422,subject_00422_hemorrhage.npz,1,complete,3.0,6.0,1.0,11.0,35.0,49.0,17.0,16.0,7.0,6.0,4.0,671.0,2000000,none,pmcx,3704435899,1.914018357339143e-09,0.004241206140331525,0.0002099012337993377,0,3.268652316125383e-08,0.0063686592481843095,0.00031326640351035456,0,11.915052599739283,1.0294641167963223e-06,1.8916258940534771e-06,1.6808354950783276e-05,2.626379693403385e-05,
subject_00423_healthy,subject_00423,subject_00423,subject_00423_healthy.npz,0,complete,3.0,6.0,2.0,12.0,-1.0,-1.0,-1.0,-1.0,0.0,0.0,0.0,0.0,2000000,none,pmcx,2505246007,2.8599984531560694e-08,0.003801775236679745,0.00018699735293236858,0,1.632310598771451e-07,0.006331247078895869,0.00031626495791448853,0,11.090823599603027,9.693292108153777e-07,1.69187361468926e-06,1.1940130374914963e-05,2.7975453089288706e-05,
subject_00423_hemorrhage,subject_00423,subject_00423,subject_00423_hemorrhage.npz,1,complete,3.0,6.0,2.0,12.0,32.0,37.0,21.0,20.0,6.0,7.0,4.0,671.0,2000000,none,pmcx,2505246007,5.642421047785658e-09,0.003791855708963444,0.00018661216586422482,0,1.653491326665002e-07,0.006340230037763752,0.0003163366906283515,0,11.040883899666369,9.693292108153777e-07,1.69187361468926e-06,1.1940130374914963e-05,2.7975453089288706e-05,
subject_00424_healthy,subject_00424,subject_00424,subject_00424_healthy.npz,0,complete,3.0,7.0,1.0,12.0,-1.0,-1.0,-1.0,-1.0,0.0,0.0,0.0,0.0,2000000,none,pmcx,3500243721,1.8967203317883038e-09,0.003998220137973425,0.00019696307087071148,0,3.4668504362521146e-08,0.006155971347892119,0.0003044991210673469,0,11.694747899426147,1.0261285946105782e-06,1.3453820044787602e-06,3.836862626661235e-05,3.018618833635061e-05,
subject_00424_hemorrhage,subject_00424,subject_00424,subject_00424_hemorrhage.npz,1,complete,3.0,7.0,1.0,12.0,39.0,38.0,18.0,17.0,6.0,5.0,4.0,491.0,2000000,none,pmcx,3500243721,1.9221748146248982e-09,0.003982304167382447,0.00019614782764866318,0,3.43189551728103e-08,0.006161026997530204,0.0003050196763912457,0,11.702362800017,1.0261285946105782e-06,1.3453820044787602e-06,3.836862626661235e-05,3.018618833635061e-05,
subject_00425_healthy,subject_00425,subject_00425,subject_00425_healthy.npz,0,complete,2.0,7.0,2.0,12.0,-1.0,-1.0,-1.0,-1.0,0.0,0.0,0.0,0.0,2000000,none,pmcx,3426812480,3.389305940788203e-08,0.004059083039347315,0.00019983104779918755,0,1.7968702897673387e-07,0.006462189221477958,0.0003165858712515175,0,10.855603500036523,8.106782858760701e-07,1.488323460710655e-06,1.186223509115408e-05,1.8695676498123358e-05,
subject_00425_hemorrhage,subject_00425,subject_00425,subject_00425_hemorrhage.npz,1,complete,2.0,7.0,2.0,12.0,38.0,36.0,17.0,16.0,6.0,7.0,4.0,671.0,2000000,none,pmcx,3426812480,2.900393241014353e-08,0.0040620105771602315,0.0001995067375156842,0,8.686745852992938e-08,0.006467840633408885,0.00031673637667757663,0,10.890043699648231,8.106782858760701e-07,1.488323460710655e-06,1.186223509115408e-05,1.8695676498123358e-05,
subject_00426_healthy,subject_00426,subject_00426,subject_00426_healthy.npz,0,complete,2.0,5.0,1.0,9.0,-1.0,-1.0,-1.0,-1.0,0.0,0.0,0.0,0.0,2000000,none,pmcx,2804435677,4.6060725331250874e-10,0.004100438465832973,0.00020330436817947868,0,1.3165264026885963e-08,0.006089921037512473,0.0002929323801076793,0,11.879350700648502,7.540283388708617e-07,1.4094109826664286e-06,2.3311529314251102e-05,2.1091273598017497e-05,
subject_00426_hemorrhage,subject_00426,subject_00426,subject_00426_hemorrhage.npz,1,complete,2.0,5.0,1.0,9.0,47.0,44.0,21.0,20.0,7.0,7.0,4.0,805.0,2000000,none,pmcx,2804435677,1.5628421941338888e-10,0.004103592161031407,0.00020312622692596463,0,1.5999685145393477e-08,0.0060688297639144555,0.0002924611426870168,0,11.937505799811333,7.540283388708617e-07,1.4094109826664286e-06,2.3311529314251102e-05,2.1091273598017497e-05,
subject_00427_healthy,subject_00427,subject_00427,subject_00427_healthy.npz,0,complete,3.0,7.0,2.0,13.0,-1.0,-1.0,-1.0,-1.0,0.0,0.0,0.0,0.0,2000000,none,pmcx,2103201059,1.4473216954188401e-08,0.004186614781543308,0.00020619951359453844,0,1.2287730713645436e-07,0.006215506959648886,0.0003028896736963049,0,10.934660099912435,1.2135593097548391e-06,1.8364107617248725e-06,5.3240634633805115e-05,3.190123608750998e-05,
subject_00427_hemorrhage,subject_00427,subject_00427,subject_00427_hemorrhage.npz,1,complete,3.0,7.0,2.0,13.0,51.0,55.0,18.0,17.0,6.0,7.0,5.0,877.0,2000000,none,pmcx,2103201059,2.3243175598682508e-08,0.00417551686015731,0.0002056877571318175,0,1.1835010174216848e-07,0.006188780935490123,0.00030231570131455043,0,10.919223600067198,1.2135593097548391e-06,1.8364107617248725e-06,5.3240634633805115e-05,3.190123608750998e-05,
subject_00428_healthy,subject_00428,subject_00428,subject_00428_healthy.npz,0,complete,3.0,6.0,1.0,11.0,-1.0,-1.0,-1.0,-1.0,0.0,0.0,0.0,0.0,2000000,none,pmcx,3534989803,6.676017804605998e-09,0.00401212362240587,0.00020080521905104802,0,8.992472171638289e-10,0.006280117788084462,0.00031088504229688605,0,11.532023399835452,9.985311482856044e-07,1.3093987349598137e-06,1.9523779512454174e-05,3.096007116178221e-05,
subject_00428_hemorrhage,subject_00428,subject_00428,subject_00428_hemorrhage.npz,1,complete,3.0,6.0,1.0,11.0,50.0,45.0,16.0,15.0,5.0,7.0,5.0,711.0,2000000,none,pmcx,3534989803,5.0416786080111366e-09,0.004031647401918324,0.00020069440821835751,0,6.5165154587222704e-09,0.00624915771692268,0.0003104238172898688,0,11.517334300326183,9.985311482856044e-07,1.3093987349598137e-06,1.9523779512454174e-05,3.096007116178221e-05,
subject_00429_healthy,subject_00429,subject_00429,subject_00429_healthy.npz,0,complete,3.0,5.0,2.0,11.0,-1.0,-1.0,-1.0,-1.0,0.0,0.0,0.0,0.0,2000000,none,pmcx,11467846,4.938684796326981e-08,0.003932858285712846,0.00019351558247392722,0,6.635831558247067e-08,0.006294363567961869,0.0003094673023831348,0,11.195793000049889,8.053371699680524e-07,1.420610276573909e-06,3.1249880600206156e-05,1.2441815940279939e-05,
subject_00429_hemorrhage,subject_00429,subject_00429,subject_00429_hemorrhage.npz,1,complete,3.0,5.0,2.0,11.0,50.0,31.0,15.0,14.0,6.0,6.0,4.0,585.0,2000000,none,pmcx,11467846,4.998184024098428e-08,0.003942145050439484,0.0001938706409200307,0,1.379622194422398e-07,0.00630535792830545,0.0003095548982042733,0,11.182435600087047,8.053371699680524e-07,1.420610276573909e-06,3.1249880600206156e-05,1.2441815940279939e-05,
subject_00430_healthy,subject_00430,subject_00430,subject_00430_healthy.npz,0,complete,3.0,6.0,2.0,12.0,-1.0,-1.0,-1.0,-1.0,0.0,0.0,0.0,0.0,2000000,none,pmcx,2146216172,3.315462722918656e-08,0.00410820950947746,0.00020337054985926134,0,4.446275566059474e-08,0.0062179954189625335,0.0003079080467911278,0,11.268320500385016,7.932960195880621e-07,1.8406331502441992e-06,1.498375888472122e-05,3.8206048953047175e-05,
subject_00430_hemorrhage,subject_00430,subject_00430,subject_00430_hemorrhage.npz,1,complete,3.0,6.0,2.0,12.0,34.0,40.0,18.0,17.0,7.0,5.0,5.0,711.0,2000000,none,pmcx,2146216172,3.2246955980134473e-08,0.004093225750592739,0.00020327553476488366,0,1.2008258932029973e-07,0.0062052401561075955,0.0003081058406091423,0,11.311556700151414,7.932960195880621e-07,1.8406331502441992e-06,1.498375888472122e-05,3.8206048953047175e-05,
subject_00431_healthy,subject_00431,subject_00431,subject_00431_healthy.npz,0,complete,2.0,7.0,2.0,12.0,-1.0,-1.0,-1.0,-1.0,0.0,0.0,0.0,0.0,2000000,none,pmcx,2545590635,8.532910224041203e-09,0.004102785683520106,0.00020205399258025694,0,2.7774897348931806e-07,0.0062601391252656464,0.0003096625795592432,0,11.0326374003198,9.249934049705067e-07,1.7276696314947867e-06,2.4004924719596248e-05,4.117323045636518e-05,
subject_00431_hemorrhage,subject_00431,subject_00431,subject_00431_hemorrhage.npz,1,complete,2.0,7.0,2.0,12.0,43.0,28.0,17.0,16.0,7.0,6.0,5.0,877.0,2000000,none,pmcx,2545590635,3.459083332439925e-08,0.004108947042171666,0.00020202835221703715,0,1.6779009202798815e-07,0.006274279032087688,0.000309008371539194,0,11.05536219989881,9.249934049705067e-07,1.7276696314947867e-06,2.4004924719596248e-05,4.117323045636518e-05,
subject_00432_healthy,subject_00432,subject_00432,subject_00432_healthy.npz,0,complete,3.0,5.0,2.0,11.0,-1.0,-1.0,-1.0,-1.0,0.0,0.0,0.0,0.0,2000000,none,pmcx,1415548488,6.49004377952139e-08,0.0038858945085704496,0.00019299661829248966,0,1.933613134994972e-07,0.0061332295427356555,0.0003036489998423262,0,11.443980299402028,1.2820887152444632e-06,1.6233521370730235e-06,2.082667437352647e-05,1.6042873978034874e-05,
subject_00432_hemorrhage,subject_00432,subject_00432,subject_00432_hemorrhage.npz,1,complete,3.0,5.0,2.0,11.0,32.0,39.0,15.0,14.0,7.0,7.0,4.0,805.0,2000000,none,pmcx,1415548488,5.502559789490469e-08,0.003906721182943976,0.00019317731535174268,0,1.2521364693950114e-07,0.00613543956872061,0.0003027914881225288,0,11.461578899761662,1.2820887152444632e-06,1.6233521370730235e-06,2.082667437352647e-05,1.6042873978034874e-05,
subject_00433_healthy,subject_00433,subject_00433,subject_00433_healthy.npz,0,complete,2.0,7.0,1.0,11.0,-1.0,-1.0,-1.0,-1.0,0.0,0.0,0.0,0.0,2000000,none,pmcx,590111559,4.962250136560458e-10,0.004257973306684647,0.00020885482586347688,0,1.0099239696569543e-08,0.006293536735721507,0.0003032555117860275,0,11.502895000157878,6.701091254642733e-07,1.710410414566209e-06,7.344615034050872e-06,3.322868958796892e-05,
subject_00433_hemorrhage,subject_00433,subject_00433,subject_00433_hemorrhage.npz,1,complete,2.0,7.0,1.0,11.0,40.0,35.0,20.0,19.0,7.0,5.0,5.0,711.0,2000000,none,pmcx,590111559,4.702930926010998e-10,0.004258070606537414,0.00020885831896869743,0,1.3986930106655589e-08,0.0062666672123763865,0.00030339239381185995,0,11.508648399962112,6.701091254642733e-07,1.710410414566209e-06,7.344615034050872e-06,3.322868958796892e-05,
subject_00434_healthy,subject_00434,subject_00434,subject_00434_healthy.npz,0,complete,2.0,6.0,2.0,11.0,-1.0,-1.0,-1.0,-1.0,0.0,0.0,0.0,0.0,2000000,none,pmcx,4060015674,7.695246749314972e-08,0.004069205101416939,0.0002006121061044669,0,2.556693310130165e-07,0.00636363053630557,0.000317138717142909,0,11.039519700687379,9.7620167389822e-07,1.3293227733008399e-06,2.3234668470814308e-05,1.8157668876873576e-05,
subject_00434_hemorrhage,subject_00434,subject_00434,subject_00434_hemorrhage.npz,1,complete,2.0,6.0,2.0,11.0,41.0,24.0,17.0,16.0,7.0,5.0,5.0,711.0,2000000,none,pmcx,4060015674,7.746711592973713e-08,0.004072198195267823,0.00020048617954159236,0,2.2003180304510045e-07,0.00637504141909765,0.0003169646220101365,0,11.040584499482065,9.7620167389822e-07,1.3293227733008399e-06,2.3234668470814308e-05,1.8157668876873576e-05,
subject_00435_healthy,subject_00435,subject_00435,subject_00435_healthy.npz,0,complete,3.0,6.0,1.0,11.0,-1.0,-1.0,-1.0,-1.0,0.0,0.0,0.0,0.0,2000000,none,pmcx,1655627740,2.0799666515961304e-10,0.003931611697563532,0.0001930986939111034,0,2.303131514346522e-08,0.005896058255934496,0.000290677053715705,0,11.820965799735859,8.292894868013211e-07,1.0286583639446607e-06,2.2061524463874108e-05,2.0804699815946646e-05,
subject_00435_hemorrhage,subject_00435,subject_00435,subject_00435_hemorrhage.npz,1,complete,3.0,6.0,1.0,11.0,30.0,51.0,19.0,18.0,7.0,5.0,4.0,577.0,2000000,none,pmcx,1655627740,2.0373250380072022e-10,0.003924880151120082,0.0001930439980466262,0,2.8907540179862985e-08,0.005889421623460254,0.0002903677925385092,0,11.894190699327737,8.292894868013211e-07,1.0286583639446607e-06,2.2061524463874108e-05,2.0804699815946646e-05,
subject_00436_healthy,subject_00436,subject_00436,subject_00436_healthy.npz,0,complete,2.0,6.0,2.0,11.0,-1.0,-1.0,-1.0,-1.0,0.0,0.0,0.0,0.0,2000000,none,pmcx,1064480956,2.1072210623575232e-08,0.004089091048719938,0.00020294155542031434,0,7.915673865749528e-08,0.0062274446509692745,0.00030434390437004906,0,10.798653400503099,9.071262309144069e-07,1.3537707698026927e-06,2.630261204695887e-05,2.6640264711486755e-05,
subject_00436_hemorrhage,subject_00436,subject_00436,subject_00436_hemorrhage.npz,1,complete,2.0,6.0,2.0,11.0,37.0,24.0,21.0,20.0,6.0,5.0,5.0,613.0,2000000,none,pmcx,1064480956,3.883105195531354e-08,0.004103006939716684,0.0002032428001676225,0,1.4558905094511808e-07,0.006254084915680761,0.0003046254821938898,0,10.825110700214282,9.071262309144069e-07,1.3537707698026927e-06,2.630261204695887e-05,2.6640264711486755e-05,
subject_00437_healthy,subject_00437,subject_00437,subject_00437_healthy.npz,0,complete,2.0,6.0,1.0,10.0,-1.0,-1.0,-1.0,-1.0,0.0,0.0,0.0,0.0,2000000,none,pmcx,2789499513,3.222379328253977e-10,0.0042294078313402286,0.00020626723956010238,0,1.0016885990380164e-08,0.0064239292239012015,0.00031173705002530993,0,11.729591599898413,1.050409827620511e-06,1.0960427399392538e-06,3.468703237625038e-05,2.99927485466105e-05,
subject_00437_hemorrhage,subject_00437,subject_00437,subject_00437_hemorrhage.npz,1,complete,2.0,6.0,1.0,10.0,37.0,28.0,19.0,18.0,5.0,5.0,5.0,515.0,2000000,none,pmcx,2789499513,3.0187132398419447e-10,0.004229276976186647,0.0002058519195265267,0,9.708789083209782e-09,0.006402690495305517,0.0003116648973987417,0,11.674119599629194,1.050409827620511e-06,1.0960427399392538e-06,3.468703237625038e-05,2.99927485466105e-05,
subject_00438_healthy,subject_00438,subject_00438,subject_00438_healthy.npz,0,complete,2.0,6.0,1.0,10.0,-1.0,-1.0,-1.0,-1.0,0.0,0.0,0.0,0.0,2000000,none,pmcx,3294287041,9.779852257012088e-09,0.004284515111235805,0.0002105591292885429,0,6.855277814528935e-08,0.006157995249367655,0.00030199846516191934,0,12.101589999860153,7.097509518102854e-07,1.755592057803332e-06,1.7700643585648475e-05,5.532902245423098e-05,
subject_00438_hemorrhage,subject_00438,subject_00438,subject_00438_hemorrhage.npz,1,complete,2.0,6.0,1.0,10.0,45.0,52.0,19.0,18.0,7.0,6.0,4.0,671.0,2000000,none,pmcx,3294287041,1.0228697602452104e-08,0.004288235150733047,0.0002106574120587684,0,6.854958201913075e-08,0.006135459786743152,0.00030110526488396407,0,12.189168199896812,7.097509518102854e-07,1.755592057803332e-06,1.7700643585648475e-05,5.532902245423098e-05,
subject_00439_healthy,subject_00439,subject_00439,subject_00439_healthy.npz,0,complete,3.0,5.0,2.0,11.0,-1.0,-1.0,-1.0,-1.0,0.0,0.0,0.0,0.0,2000000,none,pmcx,1283276409,3.5357506650904466e-08,0.004026056462673889,0.0002004209953843684,0,2.2847683090923365e-07,0.006249669971216111,0.00030963196912930533,0,11.030344099970534,8.600331564758584e-07,1.4564463785122724e-06,2.5583584832085133e-05,4.0098182964234605e-05,
subject_00439_hemorrhage,subject_00439,subject_00439,subject_00439_hemorrhage.npz,1,complete,3.0,5.0,2.0,11.0,45.0,47.0,18.0,17.0,6.0,6.0,4.0,585.0,2000000,none,pmcx,1283276409,3.629775248343855e-08,0.004028861685336128,0.00020054075483909181,0,2.517909088640738e-07,0.006252514463830354,0.0003099715010769483,0,11.02342139952816,8.600331564758584e-07,1.4564463785122724e-06,2.5583584832085133e-05,4.0098182964234605e-05,
subject_00440_healthy,subject_00440,subject_00440,subject_00440_healthy.npz,0,complete,2.0,7.0,2.0,12.0,-1.0,-1.0,-1.0,-1.0,0.0,0.0,0.0,0.0,2000000,none,pmcx,2300002297,9.258878427874444e-09,0.004259162125054896,0.00020541519811557695,0,8.583128908489172e-08,0.006315117565670174,0.0003118774332840911,0,11.14657980017364,1.099248587981625e-06,1.2646215654086082e-06,5.105962908797095e-05,1.5371233565342332e-05,
subject_00440_hemorrhage,subject_00440,subject_00440,subject_00440_hemorrhage.npz,1,complete,2.0,7.0,2.0,12.0,41.0,23.0,17.0,16.0,7.0,5.0,5.0,711.0,2000000,none,pmcx,2300002297,6.698564570335114e-09,0.004249735849685919,0.00020534230026119342,0,8.799467304835675e-08,0.0063120416916276,0.000311466041189696,0,11.173509799875319,1.099248587981625e-06,1.2646215654086082e-06,5.105962908797095e-05,1.5371233565342332e-05,
subject_00441_healthy,subject_00441,subject_00441,subject_00441_healthy.npz,0,complete,2.0,5.0,1.0,9.0,-1.0,-1.0,-1.0,-1.0,0.0,0.0,0.0,0.0,2000000,none,pmcx,3557639194,1.771140424460345e-10,0.004139258791047385,0.00020380395421403286,0,3.810966425383037e-08,0.006319398429596336,0.0003036574311465525,0,12.408350500511006,7.600478998355256e-07,1.560158808958632e-06,2.6966800400719674e-05,2.205950615695733e-05,
subject_00441_hemorrhage,subject_00441,subject_00441,subject_00441_hemorrhage.npz,1,complete,2.0,5.0,1.0,9.0,30.0,43.0,19.0,18.0,7.0,5.0,4.0,577.0,2000000,none,pmcx,3557639194,3.982891541826836e-12,0.004146009945643726,0.00020401822810381238,0,3.8111848771288775e-08,0.00633233097447074,0.0003038386636816878,0,12.406272800406441,7.600478998355256e-07,1.560158808958632e-06,2.6966800400719674e-05,2.205950615695733e-05,
subject_00442_healthy,subject_00442,subject_00442,subject_00442_healthy.npz,0,complete,2.0,5.0,2.0,10.0,-1.0,-1.0,-1.0,-1.0,0.0,0.0,0.0,0.0,2000000,none,pmcx,1683110146,2.980580293949814e-08,0.004084268596340485,0.00020036275373349239,0,3.834625365269733e-07,0.00621405133681235,0.00030561245179241405,0,11.225639700423926,1.6345042331524979e-06,2.00561522805406e-06,7.099992513511389e-05,5.618085842773544e-05,
subject_00442_hemorrhage,subject_00442,subject_00442,subject_00442_hemorrhage.npz,1,complete,2.0,5.0,2.0,10.0,48.0,57.0,15.0,14.0,7.0,5.0,5.0,711.0,2000000,none,pmcx,1683110146,1.7614482715928754e-08,0.004063218894953116,0.00020052666919867355,0,3.444927328362282e-07,0.006216418273047232,0.0003052065933699565,0,11.193097000475973,1.6345042331524979e-06,2.00561522805406e-06,7.099992513511389e-05,5.618085842773544e-05,
subject_00443_healthy,subject_00443,subject_00443,subject_00443_healthy.npz,0,complete,2.0,6.0,1.0,10.0,-1.0,-1.0,-1.0,-1.0,0.0,0.0,0.0,0.0,2000000,none,pmcx,1864453567,1.8283188193861158e-08,0.004119362758266074,0.00020205162216601404,0,3.848625586653172e-08,0.006342214757229461,0.00030935006317053685,0,11.933298699790612,6.342655328539882e-07,1.4769703859645637e-06,1.738745246941502e-05,3.7782983203304456e-05,
subject_00443_hemorrhage,subject_00443,subject_00443,subject_00443_hemorrhage.npz,1,complete,2.0,6.0,1.0,10.0,47.0,49.0,17.0,16.0,6.0,7.0,5.0,877.0,2000000,none,pmcx,1864453567,1.499113970282387e-08,0.004113369451272692,0.00020163657633951959,0,2.676793839481904e-08,0.00635593243421882,0.0003098153988889044,0,11.924121300224215,6.342655328539882e-07,1.4769703859645637e-06,1.738745246941502e-05,3.7782983203304456e-05,
subject_00444_healthy,subject_00444,subject_00444,subject_00444_healthy.npz,0,complete,2.0,5.0,1.0,9.0,-1.0,-1.0,-1.0,-1.0,0.0,0.0,0.0,0.0,2000000,none,pmcx,2158016977,7.93783211817389e-09,0.004297976223363631,0.0002083628019202574,0,7.149311852032882e-09,0.0061100451821842275,0.0002980415867964174,0,11.85336060053669,8.769996061907142e-07,1.249273775827632e-06,1.9128799458243513e-05,1.4742700353263219e-05,
subject_00444_hemorrhage,subject_00444,subject_00444,subject_00444_hemorrhage.npz,1,complete,2.0,5.0,1.0,9.0,41.0,51.0,16.0,15.0,7.0,5.0,5.0,711.0,2000000,none,pmcx,2158016977,7.840064466736459e-09,0.004280190869065947,0.00020835849373983527,0,9.222546212166914e-09,0.0060966102785501505,0.0002975814104732087,0,11.884455200051889,8.769996061907142e-07,1.249273775827632e-06,1.9128799458243513e-05,1.4742700353263219e-05,
subject_00445_healthy,subject_00445,subject_00445,subject_00445_healthy.npz,0,complete,3.0,7.0,2.0,13.0,-1.0,-1.0,-1.0,-1.0,0.0,0.0,0.0,0.0,2000000,none,pmcx,2673054070,6.058321874738654e-09,0.003804255761407617,0.00018551323113481132,0,8.78290896541919e-08,0.006159326095827667,0.0003033810542133948,0,10.996392200002447,8.281111574795392e-07,1.3204244770049321e-06,2.195797619098099e-05,3.920698301024088e-05,
subject_00445_hemorrhage,subject_00445,subject_00445,subject_00445_hemorrhage.npz,1,complete,3.0,7.0,2.0,13.0,42.0,26.0,21.0,20.0,5.0,5.0,5.0,515.0,2000000,none,pmcx,2673054070,5.986514593967262e-09,0.003794458791694476,0.00018584160329391814,0,8.650212824188287e-08,0.006160439021364514,0.0003035838162799801,0,10.99224070017226,8.281111574795392e-07,1.3204244770049321e-06,2.195797619098099e-05,3.920698301024088e-05,
subject_00446_healthy,subject_00446,subject_00446,subject_00446_healthy.npz,0,complete,3.0,5.0,1.0,10.0,-1.0,-1.0,-1.0,-1.0,0.0,0.0,0.0,0.0,2000000,none,pmcx,944302915,9.43152325109846e-10,0.004228846565333628,0.00020994537243818493,0,4.290334750189264e-08,0.006234755452766333,0.0003050023256000056,0,12.002698599593714,8.160769132751783e-07,1.5214155564958644e-06,1.0927322665164321e-05,2.687218830231021e-05,
subject_00446_hemorrhage,subject_00446,subject_00446,subject_00446_hemorrhage.npz,1,complete,3.0,5.0,1.0,10.0,31.0,48.0,16.0,15.0,5.0,7.0,4.0,577.0,2000000,none,pmcx,944302915,9.431530308706999e-10,0.004231981048911503,0.00021006231976524004,0,3.0681207969796945e-08,0.006207883264464023,0.00030470583105024734,0,11.972717800177634,8.160769132751783e-07,1.5214155564958644e-06,1.0927322665164321e-05,2.687218830231021e-05,
subject_00447_healthy,subject_00447,subject_00447,subject_00447_healthy.npz,0,complete,2.0,5.0,2.0,10.0,-1.0,-1.0,-1.0,-1.0,0.0,0.0,0.0,0.0,2000000,none,pmcx,3184048667,5.6272234717444885e-08,0.004218611205137003,0.0002066129515252343,0,7.940923436332827e-08,0.006148363926549295,0.0002974962823560201,0,11.235225200187415,1.124760753642185e-06,1.2924535248094076e-06,2.076440119727174e-05,1.8416702692452235e-05,
subject_00447_hemorrhage,subject_00447,subject_00447,subject_00447_hemorrhage.npz,1,complete,2.0,5.0,2.0,10.0,41.0,43.0,14.0,13.0,6.0,5.0,4.0,491.0,2000000,none,pmcx,3184048667,5.223682440595229e-08,0.004224294245499219,0.00020637422549943098,0,1.3293015425805263e-07,0.006134438306278159,0.00029721967849163694,0,11.256187401013449,1.124760753642185e-06,1.2924535248094076e-06,2.076440119727174e-05,1.8416702692452235e-05,
subject_00448_healthy,subject_00448,subject_00448,subject_00448_healthy.npz,0,complete,2.0,5.0,1.0,9.0,-1.0,-1.0,-1.0,-1.0,0.0,0.0,0.0,0.0,2000000,none,pmcx,2626761981,4.2020659132862996e-09,0.0040987624940169096,0.00019800450600248215,0,4.694253980851067e-09,0.006320036442000986,0.0003109396178186155,0,11.505699999863282,8.882192121128092e-07,1.4634752269863762e-06,1.6539732640855412e-05,3.2194583724951334e-05,
subject_00448_hemorrhage,subject_00448,subject_00448,subject_00448_hemorrhage.npz,1,complete,2.0,5.0,1.0,9.0,40.0,28.0,20.0,19.0,7.0,5.0,4.0,577.0,2000000,none,pmcx,2626761981,4.5022545553808285e-09,0.0041039943060616636,0.00019833394303420216,0,4.828332155193488e-09,0.006297126505590231,0.00031057446129933585,0,11.467658699955791,8.882192121128092e-07,1.4634752269863762e-06,1.6539732640855412e-05,3.2194583724951334e-05,
subject_00449_healthy,subject_00449,subject_00449,subject_00449_healthy.npz,0,complete,2.0,5.0,1.0,9.0,-1.0,-1.0,-1.0,-1.0,0.0,0.0,0.0,0.0,2000000,none,pmcx,278456178,1.0051580620345053e-08,0.004228418871295398,0.0002070763372733947,0,3.07846304484355e-08,0.0062018047626979265,0.0003053534678826604,0,12.150339799933136,1.0847770946363338e-06,1.0329357831187347e-06,3.4463702674608805e-05,1.5544814290557873e-05,
subject_00449_hemorrhage,subject_00449,subject_00449,subject_00449_hemorrhage.npz,1,complete,2.0,5.0,1.0,9.0,33.0,37.0,19.0,18.0,7.0,5.0,4.0,577.0,2000000,none,pmcx,278456178,4.314900428464947e-10,0.004216955697525597,0.00020697136595263633,0,4.298240727916037e-08,0.006205522161715926,0.0003054423937031607,0,12.1720564996358,1.0847770946363338e-06,1.0329357831187347e-06,3.4463702674608805e-05,1.5544814290557873e-05,
subject_00450_healthy,subject_00450,subject_00450,subject_00450_healthy.npz,0,complete,3.0,7.0,2.0,13.0,-1.0,-1.0,-1.0,-1.0,0.0,0.0,0.0,0.0,2000000,none,pmcx,3423906413,1.4288652191714499e-08,0.004069124585413207,0.00020095910510172036,0,8.226834365589892e-08,0.00623643089200028,0.00030605195240672564,0,10.89965289994143,9.221743147765082e-07,1.0433531849980128e-06,2.4427777580754602e-05,1.35089707711325e-05,
subject_00450_hemorrhage,subject_00450,subject_00450,subject_00450_hemorrhage.npz,1,complete,3.0,7.0,2.0,13.0,48.0,42.0,19.0,18.0,7.0,6.0,4.0,671.0,2000000,none,pmcx,3423906413,5.690213602921542e-09,0.004056738877202846,0.00020066972319815,0,7.711208337873394e-08,0.006226652354015961,0.00030587447774824757,0,10.875392699614167,9.221743147765082e-07,1.0433531849980128e-06,2.4427777580754602e-05,1.35089707711325e-05,
subject_00451_healthy,subject_00451,subject_00451,subject_00451_healthy.npz,0,complete,3.0,5.0,1.0,10.0,-1.0,-1.0,-1.0,-1.0,0.0,0.0,0.0,0.0,2000000,none,pmcx,3496972557,1.7543844206526787e-09,0.0038897320246018318,0.00018923100475703612,0,2.3546454211179654e-08,0.006235239606191963,0.0003073291832418172,0,12.229306500172243,6.031888954942798e-07,1.7288281733483828e-06,1.503984444214436e-05,4.6651250673459405e-05,
subject_00451_hemorrhage,subject_00451,subject_00451,subject_00451_hemorrhage.npz,1,complete,3.0,5.0,1.0,10.0,50.0,26.0,21.0,20.0,7.0,6.0,4.0,671.0,2000000,none,pmcx,3496972557,1.514924222259988e-09,0.0038746921801596874,0.0001891467517851213,0,2.3545503333455267e-08,0.006219706699297783,0.0003073864277678189,0,12.213557200273499,6.031888954942798e-07,1.7288281733483828e-06,1.503984444214436e-05,4.6651250673459405e-05,
subject_00452_healthy,subject_00452,subject_00452,subject_00452_healthy.npz,0,complete,2.0,5.0,1.0,9.0,-1.0,-1.0,-1.0,-1.0,0.0,0.0,0.0,0.0,2000000,none,pmcx,972848116,2.409414142746285e-09,0.004038396410873184,0.00019689654967349596,0,7.744935548590513e-08,0.006147727372852975,0.00029619152713464286,0,12.36090449965559,8.19215402944552e-07,1.6852947190982044e-06,2.4976381398935776e-05,3.129634280361589e-05,
subject_00452_hemorrhage,subject_00452,subject_00452,subject_00452_hemorrhage.npz,1,complete,2.0,5.0,1.0,9.0,45.0,27.0,13.0,12.0,5.0,7.0,4.0,577.0,2000000,none,pmcx,972848116,2.2900240624564614e-10,0.004038652656053698,0.00019682483072477834,0,6.309058581740071e-08,0.006144494596212831,0.0002954137982550236,0,12.333116800989956,8.19215402944552e-07,1.6852947190982044e-06,2.4976381398935776e-05,3.129634280361589e-05,
subject_00453_healthy,subject_00453,subject_00453,subject_00453_healthy.npz,0,complete,2.0,6.0,2.0,11.0,-1.0,-1.0,-1.0,-1.0,0.0,0.0,0.0,0.0,2000000,none,pmcx,2653111290,4.471427962965646e-08,0.004235608091199113,0.00021053025251387586,0,2.4335723266896745e-07,0.006332750718416624,0.0003104529269713026,0,11.27371590025723,7.371861660239182e-07,1.226595320767393e-06,1.657178748867144e-05,2.5104273478311796e-05,
subject_00453_hemorrhage,subject_00453,subject_00453,subject_00453_hemorrhage.npz,1,complete,2.0,6.0,2.0,11.0,41.0,34.0,20.0,19.0,6.0,7.0,4.0,671.0,2000000,none,pmcx,2653111290,3.166095950453752e-08,0.0042377148812703415,0.00021071857318220616,0,2.4657841593328107e-07,0.006335345696190722,0.00031058357884072017,0,11.303857299964875,7.371861660239182e-07,1.226595320767393e-06,1.657178748867144e-05,2.5104273478311796e-05,
subject_00454_healthy,subject_00454,subject_00454,subject_00454_healthy.npz,0,complete,3.0,6.0,2.0,12.0,-1.0,-1.0,-1.0,-1.0,0.0,0.0,0.0,0.0,2000000,none,pmcx,1660125430,7.058337060206763e-10,0.003879060199394017,0.00018993420425838435,0,1.768562687547686e-07,0.006251855856843628,0.0003139445037056803,0,11.15355660021305,8.284600289029928e-07,1.6472507075694299e-06,1.7698167054104944e-05,3.5703590099166356e-05,
subject_00454_hemorrhage,subject_00454,subject_00454,subject_00454_hemorrhage.npz,1,complete,3.0,6.0,2.0,12.0,39.0,28.0,19.0,18.0,7.0,7.0,5.0,1023.0,2000000,none,pmcx,1660125430,1.509502366891879e-10,0.0038895705257090372,0.00019022026369286074,0,1.6991292030906326e-07,0.006249942064780656,0.00031369675454441477,0,11.179541800636798,8.284600289029928e-07,1.6472507075694299e-06,1.7698167054104944e-05,3.5703590099166356e-05,
subject_00455_healthy,subject_00455,subject_00455,subject_00455_healthy.npz,0,complete,3.0,5.0,2.0,11.0,-1.0,-1.0,-1.0,-1.0,0.0,0.0,0.0,0.0,2000000,none,pmcx,4226448124,2.3786542635607385e-08,0.0038492261565872578,0.0001882653914537458,0,3.088639542610758e-07,0.006217424719665382,0.0003066203034042166,0,11.374017999041826,8.36838775676799e-07,1.3963716465839315e-06,1.471593892078205e-05,3.958831137542557e-05,
subject_00455_hemorrhage,subject_00455,subject_00455,subject_00455_hemorrhage.npz,1,complete,3.0,5.0,2.0,11.0,44.0,45.0,18.0,17.0,6.0,6.0,5.0,739.0,2000000,none,pmcx,4226448124,2.8765407378670573e-08,0.00386394209550804,0.00018834179553980042,0,3.5962075887412544e-07,0.00622005750465436,0.00030705857931336505,0,11.384187700226903,8.36838775676799e-07,1.3963716465839315e-06,1.471593892078205e-05,3.958831137542557e-05,
subject_00456_healthy,subject_00456,subject_00456,subject_00456_healthy.npz,0,complete,2.0,7.0,2.0,12.0,-1.0,-1.0,-1.0,-1.0,0.0,0.0,0.0,0.0,2000000,none,pmcx,3573642247,1.3975694955046374e-08,0.004191488852389333,0.0002076075735346544,0,5.396343584460635e-08,0.006203385912408614,0.00030000093710944866,0,11.002174499910325,5.356977550144549e-07,1.2822356136433724e-06,1.3302444494164324e-05,3.403714802237105e-05,
subject_00456_hemorrhage,subject_00456,subject_00456,subject_00456_hemorrhage.npz,1,complete,2.0,7.0,2.0,12.0,50.0,34.0,19.0,18.0,5.0,7.0,4.0,577.0,2000000,none,pmcx,3573642247,1.1637152067077794e-08,0.004188927963467304,0.0002074402054232718,0,6.467645299150039e-08,0.006184560694730468,0.00029975324351080266,0,10.97975519997999,5.356977550144549e-07,1.2822356136433724e-06,1.3302444494164324e-05,3.403714802237105e-05,
subject_00457_healthy,subject_00457,subject_00457,subject_00457_healthy.npz,0,complete,3.0,6.0,2.0,12.0,-1.0,-1.0,-1.0,-1.0,0.0,0.0,0.0,0.0,2000000,none,pmcx,281192186,8.499601672393695e-09,0.004111281614000317,0.00020326761778447904,0,2.046709427732641e-07,0.005918419482008011,0.00028925707753932344,0,10.923653200501576,1.3132221391759888e-06,1.8460503380379177e-06,2.378527659048328e-05,3.7053242011999415e-05,
subject_00457_hemorrhage,subject_00457,subject_00457,subject_00457_hemorrhage.npz,1,complete,3.0,6.0,2.0,12.0,40.0,38.0,19.0,18.0,5.0,7.0,5.0,711.0,2000000,none,pmcx,281192186,9.029726425172376e-09,0.004091502433340523,0.0002034480598565166,0,2.0781410678064062e-07,0.005888692221939981,0.0002891364907901898,0,10.902566600358114,1.3132221391759888e-06,1.8460503380379177e-06,2.378527659048328e-05,3.7053242011999415e-05,
subject_00458_healthy,subject_00458,subject_00458,subject_00458_healthy.npz,0,complete,3.0,7.0,2.0,13.0,-1.0,-1.0,-1.0,-1.0,0.0,0.0,0.0,0.0,2000000,none,pmcx,1101482850,1.0550877984421873e-08,0.003927676501806542,0.00019262919913922073,0,1.301878087662974e-07,0.006201029253916236,0.00030525476558327996,0,11.046367100207135,1.0786513445742268e-06,1.3367249823375918e-06,3.583411827150305e-05,2.805971047485211e-05,
subject_00458_hemorrhage,subject_00458,subject_00458,subject_00458_hemorrhage.npz,1,complete,3.0,7.0,2.0,13.0,39.0,30.0,19.0,18.0,6.0,7.0,5.0,877.0,2000000,none,pmcx,1101482850,1.4579156434007322e-08,0.003925564680529906,0.00019265863010987266,0,9.034041985061208e-08,0.006199378376610092,0.0003054837510073527,0,11.052991499658674,1.0786513445742268e-06,1.3367249823375918e-06,3.583411827150305e-05,2.805971047485211e-05,
subject_00459_healthy,subject_00459,subject_00459,subject_00459_healthy.npz,0,complete,3.0,5.0,2.0,11.0,-1.0,-1.0,-1.0,-1.0,0.0,0.0,0.0,0.0,2000000,none,pmcx,386320753,2.1806666146795115e-08,0.004014098716663401,0.00019699864791018502,0,1.902762078595804e-07,0.006085501230496335,0.00030471995481439975,0,11.599196899915114,9.745407857315258e-07,1.5697928206375882e-06,2.630209122766623e-05,2.770337766074514e-05,
subject_00459_hemorrhage,subject_00459,subject_00459,subject_00459_hemorrhage.npz,1,complete,3.0,5.0,2.0,11.0,41.0,39.0,18.0,17.0,5.0,7.0,4.0,577.0,2000000,none,pmcx,386320753,2.0226040106865923e-08,0.004005276413738779,0.00019687211329664033,0,1.8810815702621156e-07,0.00611320460815708,0.00030495216232568793,0,11.526492999633774,9.745407857315258e-07,1.5697928206375882e-06,2.630209122766623e-05,2.770337766074514e-05,
subject_00460_healthy,subject_00460,subject_00460,subject_00460_healthy.npz,0,complete,3.0,6.0,1.0,11.0,-1.0,-1.0,-1.0,-1.0,0.0,0.0,0.0,0.0,2000000,none,pmcx,3746694312,1.173133770677291e-09,0.004070691107669784,0.00019699615982384782,0,6.203051527114467e-08,0.006064001080552083,0.0002974105211853313,0,11.377426600083709,7.893940383290854e-07,1.0058336929257797e-06,1.5987948423487174e-05,1.0695181321002285e-05,
subject_00460_hemorrhage,subject_00460,subject_00460,subject_00460_hemorrhage.npz,1,complete,3.0,6.0,1.0,11.0,48.0,43.0,18.0,17.0,5.0,5.0,5.0,515.0,2000000,none,pmcx,3746694312,1.8379498016304216e-09,0.004056164760487191,0.0001970323998503646,0,2.33171950114408e-08,0.006074009076845258,0.00029745124238395027,0,11.482643999857828,7.893940383290854e-07,1.0058336929257797e-06,1.5987948423487174e-05,1.0695181321002285e-05,
subject_00461_healthy,subject_00461,subject_00461,subject_00461_healthy.npz,0,complete,2.0,5.0,1.0,9.0,-1.0,-1.0,-1.0,-1.0,0.0,0.0,0.0,0.0,2000000,none,pmcx,2466063677,5.052098808590768e-10,0.00416532747489952,0.0002059128719719082,0,1.0807907876269017e-08,0.00620215601221556,0.000303080843190379,0,11.782915400108323,8.2624904061694e-07,1.263638305556756e-06,1.7788560560718855e-05,1.859701086373393e-05,
subject_00461_hemorrhage,subject_00461,subject_00461,subject_00461_hemorrhage.npz,1,complete,2.0,5.0,1.0,9.0,32.0,46.0,20.0,19.0,6.0,5.0,4.0,491.0,2000000,none,pmcx,2466063677,7.082642362158754e-09,0.0041558424072221,0.00020580573980332343,0,1.0499927128955854e-08,0.0062024549656492615,0.0003035116496540642,0,11.82797579956241,8.2624904061694e-07,1.263638305556756e-06,1.7788560560718855e-05,1.859701086373393e-05,
subject_00462_healthy,subject_00462,subject_00462,subject_00462_healthy.npz,0,complete,2.0,6.0,1.0,10.0,-1.0,-1.0,-1.0,-1.0,0.0,0.0,0.0,0.0,2000000,none,pmcx,1544687553,1.5488101525416252e-10,0.004052076804297641,0.00019672794257631147,0,3.625399731317363e-08,0.006302920306417113,0.00030603400706911857,0,11.548644700553268,8.99471182526923e-07,1.5929159494854932e-06,2.4322551913989352e-05,4.1458112532161834e-05,
subject_00462_hemorrhage,subject_00462,subject_00462,subject_00462_hemorrhage.npz,1,complete,2.0,6.0,1.0,10.0,33.0,28.0,14.0,13.0,7.0,6.0,4.0,671.0,2000000,none,pmcx,1544687553,3.7823332321455574e-10,0.004057742261085438,0.00019665257828741393,0,3.970118816338239e-08,0.006297029131354297,0.00030585013076855287,0,11.514189899899065,8.99471182526923e-07,1.5929159494854932e-06,2.4322551913989352e-05,4.1458112532161834e-05,
subject_00463_healthy,subject_00463,subject_00463,subject_00463_healthy.npz,0,complete,2.0,6.0,1.0,10.0,-1.0,-1.0,-1.0,-1.0,0.0,0.0,0.0,0.0,2000000,none,pmcx,1683174527,3.2568130034844712e-09,0.004125630576867044,0.00020211593287972667,0,2.9258902458953883e-08,0.006085038875494054,0.00029090990331383096,0,11.810006000334397,9.454223737370462e-07,1.1670946668861444e-06,1.6655311149155888e-05,1.586349691039984e-05,
subject_00463_hemorrhage,subject_00463,subject_00463,subject_00463_hemorrhage.npz,1,complete,2.0,6.0,1.0,10.0,31.0,44.0,17.0,16.0,5.0,6.0,5.0,613.0,2000000,none,pmcx,1683174527,2.0677465688900227e-09,0.00413126978884701,0.00020211583325376414,0,2.875290658731279e-08,0.006094898256670245,0.0002911891321242474,0,11.823993499856442,9.454223737370462e-07,1.1670946668861444e-06,1.6655311149155888e-05,1.586349691039984e-05,
subject_00464_healthy,subject_00464,subject_00464,subject_00464_healthy.npz,0,complete,3.0,6.0,1.0,11.0,-1.0,-1.0,-1.0,-1.0,0.0,0.0,0.0,0.0,2000000,none,pmcx,3835017411,2.394526925358702e-09,0.003961544639146196,0.0001939369355518772,0,6.837705962038737e-09,0.006013191484503011,0.0002920498330664074,0,11.901773699559271,8.401851850275618e-07,1.2512007941938017e-06,1.4190384911905813e-05,2.2895943532042417e-05,
subject_00464_hemorrhage,subject_00464,subject_00464,subject_00464_hemorrhage.npz,1,complete,3.0,6.0,1.0,11.0,29.0,40.0,18.0,17.0,6.0,5.0,4.0,491.0,2000000,none,pmcx,3835017411,7.642962375983577e-10,0.003957231230465085,0.00019420821479839372,0,5.69492870861977e-09,0.006018582866355738,0.0002925034716933342,0,11.79836030001752,8.401851850275618e-07,1.2512007941938017e-06,1.4190384911905813e-05,2.2895943532042417e-05,
subject_00465_healthy,subject_00465,subject_00465,subject_00465_healthy.npz,0,complete,2.0,6.0,1.0,10.0,-1.0,-1.0,-1.0,-1.0,0.0,0.0,0.0,0.0,2000000,none,pmcx,4033567457,3.612779918422514e-10,0.0043506979347897054,0.00021489912945246768,0,1.832104458509897e-08,0.006112409147034856,0.0002994429169183823,0,12.041344900149852,1.3853749868642788e-06,1.4463140194103806e-06,3.1512032206525674e-05,3.533411417289047e-05,
subject_00465_hemorrhage,subject_00465,subject_00465,subject_00465_hemorrhage.npz,1,complete,2.0,6.0,1.0,10.0,35.0,26.0,15.0,14.0,6.0,7.0,5.0,877.0,2000000,none,pmcx,4033567457,3.929488532852995e-10,0.00431918590258318,0.0002139146309536287,0,2.9638625530698598e-08,0.0061245421405788265,0.00029970516894548606,0,12.073593999492005,1.3853749868642788e-06,1.4463140194103806e-06,3.1512032206525674e-05,3.533411417289047e-05,
subject_00466_healthy,subject_00466,subject_00466,subject_00466_healthy.npz,0,complete,2.0,6.0,2.0,11.0,-1.0,-1.0,-1.0,-1.0,0.0,0.0,0.0,0.0,2000000,none,pmcx,1203887223,4.303837961760102e-08,0.004306713684891231,0.00021178797759431974,0,2.0202262978800718e-07,0.0063154939440044225,0.00031014156511004957,0,11.011525499867275,1.0035445997917269e-06,1.066051368083913e-06,2.9709465358450718e-05,2.4078305558767818e-05,
subject_00466_hemorrhage,subject_00466,subject_00466,subject_00466_hemorrhage.npz,1,complete,2.0,6.0,2.0,11.0,35.0,49.0,21.0,20.0,7.0,5.0,4.0,577.0,2000000,none,pmcx,1203887223,3.8636106545082586e-08,0.00427700421953278,0.00021136264489802727,0,1.8709003543677586e-07,0.006291415638445655,0.0003096527886085077,0,11.096235299482942,1.0035445997917269e-06,1.066051368083913e-06,2.9709465358450718e-05,2.4078305558767818e-05,
subject_00467_healthy,subject_00467,subject_00467,subject_00467_healthy.npz,0,complete,2.0,6.0,2.0,11.0,-1.0,-1.0,-1.0,-1.0,0.0,0.0,0.0,0.0,2000000,none,pmcx,2586036983,4.031201581189404e-08,0.004157731072562307,0.00020506412209952258,0,6.111799219662351e-08,0.006316285421671854,0.00030581191194125896,0,11.156852699816227,1.1231218355003885e-06,1.5820399844133947e-06,2.3897107373761946e-05,2.3968341034261023e-05,
subject_00467_hemorrhage,subject_00467,subject_00467,subject_00467_hemorrhage.npz,1,complete,2.0,6.0,2.0,11.0,30.0,50.0,16.0,15.0,5.0,6.0,5.0,613.0,2000000,none,pmcx,2586036983,4.0486808656371345e-08,0.004156806923148404,0.00020532835317519608,0,4.033067598191192e-08,0.006332055990947476,0.00030621776428362793,0,11.146810800069943,1.1231218355003885e-06,1.5820399844133947e-06,2.3897107373761946e-05,2.3968341034261023e-05,
subject_00468_healthy,subject_00468,subject_00468,subject_00468_healthy.npz,0,complete,2.0,6.0,2.0,11.0,-1.0,-1.0,-1.0,-1.0,0.0,0.0,0.0,0.0,2000000,none,pmcx,1049591280,2.857145250158726e-08,0.004254501054764997,0.000206772028732541,0,7.81152075323409e-08,0.006257715141200781,0.0003056117513961862,0,11.530383800156415,9.32112361935352e-07,1.5124378960262908e-06,2.2338934885970073e-05,3.806855574901846e-05,
subject_00468_hemorrhage,subject_00468,subject_00468,subject_00468_hemorrhage.npz,1,complete,2.0,6.0,2.0,11.0,32.0,54.0,16.0,15.0,6.0,7.0,4.0,671.0,2000000,none,pmcx,1049591280,2.635346422235166e-08,0.004237013481139833,0.00020679425183871468,0,1.452555119121894e-07,0.00624167318433504,0.0003054642988141391,0,11.557073100004345,9.32112361935352e-07,1.5124378960262908e-06,2.2338934885970073e-05,3.806855574901846e-05,
subject_00469_healthy,subject_00469,subject_00469,subject_00469_healthy.npz,0,complete,2.0,5.0,1.0,9.0,-1.0,-1.0,-1.0,-1.0,0.0,0.0,0.0,0.0,2000000,none,pmcx,352668419,1.0400759076536187e-08,0.004067450488615719,0.00019996785430509168,0,1.9100283450897224e-08,0.0063321237840563115,0.00030432091989798446,0,11.762356199789792,8.163586124624727e-07,1.6583225021077565e-06,2.354745585196518e-05,2.5065553589928352e-05,
subject_00469_hemorrhage,subject_00469,subject_00469,subject_00469_hemorrhage.npz,1,complete,2.0,5.0,1.0,9.0,48.0,51.0,15.0,14.0,7.0,7.0,4.0,805.0,2000000,none,pmcx,352668419,1.0377067866298324e-08,0.0040909979444676845,0.0002002125708370899,0,2.018444779376152e-08,0.006311270248050967,0.0003042027183914625,0,11.760771200060844,8.163586124624727e-07,1.6583225021077565e-06,2.354745585196518e-05,2.5065553589928352e-05,
subject_00470_healthy,subject_00470,subject_00470,subject_00470_healthy.npz,0,complete,3.0,7.0,1.0,12.0,-1.0,-1.0,-1.0,-1.0,0.0,0.0,0.0,0.0,2000000,none,pmcx,2225592465,3.0283334785468817e-09,0.0040903244806570534,0.00020433895547874943,0,8.785902783942823e-09,0.0061060044168446915,0.00030439876522183923,0,11.760199499549344,7.797840724340308e-07,1.1727037692277327e-06,1.3987352489746186e-05,2.1770995137024816e-05,
subject_00470_hemorrhage,subject_00470,subject_00470,subject_00470_hemorrhage.npz,1,complete,3.0,7.0,1.0,12.0,46.0,33.0,21.0,20.0,5.0,7.0,5.0,711.0,2000000,none,pmcx,2225592465,2.6703924072785527e-09,0.004090891812705556,0.00020420393254198658,0,1.7820216853629977e-08,0.006126415520740789,0.00030447446547356323,0,11.687622600467876,7.797840724340308e-07,1.1727037692277327e-06,1.3987352489746186e-05,2.1770995137024816e-05,
subject_00471_healthy,subject_00471,subject_00471,subject_00471_healthy.npz,0,complete,2.0,5.0,2.0,10.0,-1.0,-1.0,-1.0,-1.0,0.0,0.0,0.0,0.0,2000000,none,pmcx,4270495637,2.463032636304416e-08,0.004185974736825187,0.0002033263957547061,0,3.448137620785794e-07,0.0063150303092698095,0.0003041834379234377,0,11.145203100517392,8.592897019377923e-07,1.675243680981835e-06,2.566544166098493e-05,2.6707511427364813e-05,
subject_00471_hemorrhage,subject_00471,subject_00471,subject_00471_hemorrhage.npz,1,complete,2.0,5.0,2.0,10.0,40.0,53.0,15.0,14.0,6.0,5.0,5.0,613.0,2000000,none,pmcx,4270495637,6.314418332878968e-08,0.004194698427875446,0.00020292171625045134,0,1.9033541158989796e-07,0.006295478853039882,0.0003042754494443566,0,11.17402059957385,8.592897019377923e-07,1.675243680981835e-06,2.566544166098493e-05,2.6707511427364813e-05,
subject_00472_healthy,subject_00472,subject_00472,subject_00472_healthy.npz,0,complete,2.0,6.0,1.0,10.0,-1.0,-1.0,-1.0,-1.0,0.0,0.0,0.0,0.0,2000000,none,pmcx,3082246236,6.693675963505861e-10,0.004000067182315247,0.00019405374597208209,0,4.707558633414541e-08,0.006555315421141179,0.00031833768038482885,0,11.866259899921715,1.0349885651166343e-06,1.0055547372724625e-06,3.716687621482242e-05,2.1730602485266724e-05,
subject_00472_hemorrhage,subject_00472,subject_00472,subject_00472_hemorrhage.npz,1,complete,2.0,6.0,1.0,10.0,49.0,37.0,17.0,16.0,5.0,6.0,4.0,491.0,2000000,none,pmcx,3082246236,1.1840092123864261e-09,0.004015437116533896,0.00019377928717826347,0,1.827434151216245e-08,0.006555177323120985,0.00031840804137454453,0,11.857975999591872,1.0349885651166343e-06,1.0055547372724625e-06,3.716687621482242e-05,2.1730602485266724e-05,
subject_00473_healthy,subject_00473,subject_00473,subject_00473_healthy.npz,0,complete,3.0,6.0,1.0,11.0,-1.0,-1.0,-1.0,-1.0,0.0,0.0,0.0,0.0,2000000,none,pmcx,3560491784,6.942159090400096e-10,0.004051764851289411,0.00020361262860366854,0,6.040436688765415e-08,0.006000611767060756,0.00029412019189013197,0,11.641361700138077,7.999898435763973e-07,1.2536752564078256e-06,2.3158528445865745e-05,2.2038150686840875e-05,
subject_00473_hemorrhage,subject_00473,subject_00473,subject_00473_hemorrhage.npz,1,complete,3.0,6.0,1.0,11.0,42.0,29.0,19.0,18.0,5.0,7.0,4.0,577.0,2000000,none,pmcx,3560491784,1.0374667089858937e-09,0.004053461544511484,0.0002038285498567164,0,7.376873662058586e-08,0.006005698825938412,0.000294295375504274,0,11.667843600269407,7.999898435763973e-07,1.2536752564078256e-06,2.3158528445865745e-05,2.2038150686840875e-05,
subject_00474_healthy,subject_00474,subject_00474,subject_00474_healthy.npz,0,complete,3.0,6.0,1.0,11.0,-1.0,-1.0,-1.0,-1.0,0.0,0.0,0.0,0.0,2000000,none,pmcx,4019018214,6.672526313330952e-10,0.00399099848118154,0.000195995069509286,0,3.124654936023354e-08,0.0062381735458647575,0.00031194008239631847,0,11.647124899784103,8.21955965524945e-07,1.5636698374903848e-06,2.0175316099114646e-05,2.7856696516465745e-05,
subject_00474_hemorrhage,subject_00474,subject_00474,subject_00474_hemorrhage.npz,1,complete,3.0,6.0,1.0,11.0,42.0,50.0,18.0,17.0,5.0,7.0,5.0,711.0,2000000,none,pmcx,4019018214,1.3961197483253837e-09,0.003987941874910584,0.000195957680411318,0,2.918428532146823e-08,0.006237736346270445,0.00031158315711702077,0,11.649443099740893,8.21955965524945e-07,1.5636698374903848e-06,2.0175316099114646e-05,2.7856696516465745e-05,
subject_00475_healthy,subject_00475,subject_00475,subject_00475_healthy.npz,0,complete,2.0,6.0,2.0,11.0,-1.0,-1.0,-1.0,-1.0,0.0,0.0,0.0,0.0,2000000,none,pmcx,2050133722,4.233399923052619e-09,0.004210056361672626,0.00020530801364184906,0,1.384463507603126e-07,0.006379440444789322,0.00030955766131030314,0,11.187969100195915,1.2244248111273472e-06,1.0914691626724186e-06,2.3112788151847218e-05,1.496312286526321e-05,
subject_00475_hemorrhage,subject_00475,subject_00475,subject_00475_hemorrhage.npz,1,complete,2.0,6.0,2.0,11.0,41.0,40.0,20.0,19.0,6.0,5.0,4.0,491.0,2000000,none,pmcx,2050133722,9.713979662950538e-09,0.004197619643758248,0.00020562274745823694,0,7.676798832854517e-08,0.0063713669287159234,0.0003100144290325157,0,11.280905300052837,1.2244248111273472e-06,1.0914691626724186e-06,2.3112788151847218e-05,1.496312286526321e-05,
subject_00476_healthy,subject_00476,subject_00476,subject_00476_healthy.npz,0,complete,3.0,6.0,1.0,11.0,-1.0,-1.0,-1.0,-1.0,0.0,0.0,0.0,0.0,2000000,none,pmcx,554724540,6.436636185654711e-09,0.004097043464416399,0.00020392656379420986,0,2.480522383669582e-08,0.0060793680208340575,0.00029779950703385215,0,11.368248300394043,7.205133807792777e-07,1.596419250104581e-06,1.091304693438995e-05,5.284698424298535e-05,
subject_00476_hemorrhage,subject_00476,subject_00476,subject_00476_hemorrhage.npz,1,complete,3.0,6.0,1.0,11.0,50.0,35.0,17.0,16.0,7.0,7.0,5.0,1023.0,2000000,none,pmcx,554724540,1.0186811014642576e-08,0.004092569405484597,0.00020398045345593256,0,2.3975999585947216e-08,0.006026521036591072,0.00029721723693523105,0,11.346454800106585,7.205133807792777e-07,1.596419250104581e-06,1.091304693438995e-05,5.284698424298535e-05,
subject_00477_healthy,subject_00477,subject_00477,subject_00477_healthy.npz,0,complete,3.0,6.0,1.0,11.0,-1.0,-1.0,-1.0,-1.0,0.0,0.0,0.0,0.0,2000000,none,pmcx,1323558524,3.2611761535168507e-10,0.003954944556799572,0.00019534439031261048,0,1.9949472212712728e-08,0.006109352179952076,0.000297730478445354,0,11.58096279995516,9.759022418174726e-07,1.4894293839157068e-06,2.9848275860022613e-05,3.015369375493522e-05,
subject_00477_hemorrhage,subject_00477,subject_00477,subject_00477_hemorrhage.npz,1,complete,3.0,6.0,1.0,11.0,48.0,47.0,17.0,16.0,7.0,6.0,5.0,877.0,2000000,none,pmcx,1323558524,1.2918093169402254e-09,0.00394813548951662,0.00019551161287819523,0,1.7888754084030102e-08,0.006120445757082954,0.00029795861546567644,0,11.542907300405204,9.759022418174726e-07,1.4894293839157068e-06,2.9848275860022613e-05,3.015369375493522e-05,
subject_00478_healthy,subject_00478,subject_00478,subject_00478_healthy.npz,0,complete,2.0,7.0,1.0,11.0,-1.0,-1.0,-1.0,-1.0,0.0,0.0,0.0,0.0,2000000,none,pmcx,402155705,4.135746817234864e-09,0.00433376953846462,0.00021299683018432487,0,5.1481559536783254e-08,0.00641999205065283,0.0003155421066135328,0,12.005990200210363,9.958287866440795e-07,1.6219623638605555e-06,1.3887153969590303e-05,3.1339440479010924e-05,
subject_00478_hemorrhage,subject_00478,subject_00478,subject_00478_hemorrhage.npz,1,complete,2.0,7.0,1.0,11.0,41.0,47.0,16.0,15.0,6.0,6.0,5.0,739.0,2000000,none,pmcx,402155705,4.669344106677237e-09,0.004319882384495029,0.00021302749361474654,0,3.0837035964723664e-08,0.006405202434258223,0.0003157517706253231,0,12.042889199918136,9.958287866440795e-07,1.6219623638605555e-06,1.3887153969590303e-05,3.1339440479010924e-05,
subject_00479_healthy,subject_00479,subject_00479,subject_00479_healthy.npz,0,complete,2.0,6.0,2.0,11.0,-1.0,-1.0,-1.0,-1.0,0.0,0.0,0.0,0.0,2000000,none,pmcx,2508568802,3.150532669035254e-08,0.00400702566131229,0.00019616828682184127,0,2.9001223371733383e-08,0.006212220475113411,0.00030205166988692947,0,11.434561100788414,8.151678667216648e-07,1.4840727728153815e-06,2.027322598180132e-05,3.0077679680680543e-05,
subject_00479_hemorrhage,subject_00479,subject_00479,subject_00479_hemorrhage.npz,1,complete,2.0,6.0,2.0,11.0,45.0,30.0,17.0,16.0,5.0,7.0,4.0,577.0,2000000,none,pmcx,2508568802,3.153785272357577e-08,0.004027298887294091,0.000196167323895602,0,6.847709085154618e-08,0.0062038146141488275,0.0003017450324842905,0,11.441229700343683,8.151678667216648e-07,1.4840727728153815e-06,2.027322598180132e-05,3.0077679680680543e-05,
subject_00480_healthy,subject_00480,subject_00480,subject_00480_healthy.npz,0,complete,2.0,6.0,2.0,11.0,-1.0,-1.0,-1.0,-1.0,0.0,0.0,0.0,0.0,2000000,none,pmcx,686283012,8.924384873107723e-09,0.0040350194726727195,0.00019698347999013463,0,2.2563230502070785e-07,0.006382978896834168,0.0003047978752448824,0,11.158493000548333,6.140547148387293e-07,1.3498608423680862e-06,3.1783006056091464e-05,2.9315186115190343e-05,
subject_00480_hemorrhage,subject_00480,subject_00480,subject_00480_hemorrhage.npz,1,complete,2.0,6.0,2.0,11.0,40.0,55.0,19.0,18.0,5.0,6.0,4.0,491.0,2000000,none,pmcx,686283012,8.924345859390887e-09,0.00403616656567559,0.00019721104810691164,0,2.2569296094177228e-07,0.006412294082949358,0.0003047071631864343,0,11.25883740070276,6.140547148387293e-07,1.3498608423680862e-06,3.1783006056091464e-05,2.9315186115190343e-05,
subject_00481_healthy,subject_00481,subject_00481,subject_00481_healthy.npz,0,complete,3.0,6.0,2.0,12.0,-1.0,-1.0,-1.0,-1.0,0.0,0.0,0.0,0.0,2000000,none,pmcx,1720273842,9.560051094442707e-09,0.003996261866135868,0.00019717051783161446,0,6.669371726188253e-08,0.006017140473594037,0.00029469560334706836,0,11.07701240037568,1.0123709558264162e-06,1.2603326609908192e-06,2.110781056730319e-05,2.3788870400163033e-05,
subject_00481_hemorrhage,subject_00481,subject_00481,subject_00481_hemorrhage.npz,1,complete,3.0,6.0,2.0,12.0,41.0,38.0,19.0,18.0,6.0,7.0,4.0,671.0,2000000,none,pmcx,1720273842,9.489713236686968e-09,0.003983302846201869,0.0001970540716357244,0,6.124406485551247e-08,0.0060178946282370424,0.0002955481096379481,0,11.131334299920127,1.0123709558264162e-06,1.2603326609908192e-06,2.110781056730319e-05,2.3788870400163033e-05,
subject_00482_healthy,subject_00482,subject_00482,subject_00482_healthy.npz,0,complete,3.0,6.0,1.0,11.0,-1.0,-1.0,-1.0,-1.0,0.0,0.0,0.0,0.0,2000000,none,pmcx,1585092860,6.926427621179038e-11,0.004040520048862976,0.00020020666520201882,0,9.180854846509972e-09,0.006148036520994787,0.0002986325935454655,0,11.637871199520305,8.994372206551861e-07,1.1667448330631195e-06,1.3920455426629733e-05,2.7325876223648245e-05,
subject_00482_hemorrhage,subject_00482,subject_00482,subject_00482_hemorrhage.npz,1,complete,3.0,6.0,1.0,11.0,48.0,30.0,19.0,18.0,5.0,6.0,4.0,491.0,2000000,none,pmcx,1585092860,1.349868812699166e-09,0.0040440516961693105,0.0001999569443408162,0,8.351753234657208e-09,0.006171335999896115,0.0002991727506918482,0,11.633327899966389,8.994372206551861e-07,1.1667448330631195e-06,1.3920455426629733e-05,2.7325876223648245e-05,
subject_00483_healthy,subject_00483,subject_00483,subject_00483_healthy.npz,0,complete,2.0,6.0,1.0,10.0,-1.0,-1.0,-1.0,-1.0,0.0,0.0,0.0,0.0,2000000,none,pmcx,2814089280,1.4648881498411492e-10,0.004125744200933294,0.0001980523023291299,0,4.7179895386342215e-08,0.006417166363554417,0.0003133540110711202,0,11.89988770056516,1.1523718670717669e-06,1.2518524484913629e-06,5.230387650620016e-05,3.546017652590605e-05,
subject_00483_hemorrhage,subject_00483,subject_00483,subject_00483_hemorrhage.npz,1,complete,2.0,6.0,1.0,10.0,45.0,26.0,16.0,15.0,6.0,5.0,5.0,613.0,2000000,none,pmcx,2814089280,1.5716594108642025e-10,0.004139275172839514,0.00019779944222178192,0,5.163630052803257e-08,0.006420903852257254,0.0003128584311717932,0,11.898174199741334,1.1523718670717669e-06,1.2518524484913629e-06,5.230387650620016e-05,3.546017652590605e-05,
subject_00484_healthy,subject_00484,subject_00484,subject_00484_healthy.npz,0,complete,3.0,7.0,2.0,13.0,-1.0,-1.0,-1.0,-1.0,0.0,0.0,0.0,0.0,2000000,none,pmcx,2281068850,1.3335688688182585e-08,0.00416688491777511,0.0002049089702008781,0,8.321980380467838e-08,0.006294207574572025,0.0003115867112661284,0,10.944694799836725,8.31959281406546e-07,1.1353239115332877e-06,2.6091444255738755e-05,1.8927631680322812e-05,
subject_00484_hemorrhage,subject_00484,subject_00484,subject_00484_hemorrhage.npz,1,complete,3.0,7.0,2.0,13.0,46.0,48.0,20.0,19.0,6.0,6.0,4.0,585.0,2000000,none,pmcx,2281068850,2.559759126609036e-08,0.004171675981570569,0.00020542659553805518,0,8.023717494030233e-08,0.006285221853661331,0.0003114017885123758,0,10.956322100246325,8.31959281406546e-07,1.1353239115332877e-06,2.6091444255738755e-05,1.8927631680322812e-05,
subject_00485_healthy,subject_00485,subject_00485,subject_00485_healthy.npz,0,complete,3.0,6.0,2.0,12.0,-1.0,-1.0,-1.0,-1.0,0.0,0.0,0.0,0.0,2000000,none,pmcx,3389694549,1.3008709462618104e-08,0.004067119269931566,0.00020084088857951046,0,1.5210695094644203e-07,0.006316327101103109,0.00030974161080062464,0,11.012291399994865,7.415857676435066e-07,1.681355155407633e-06,2.1053964357422954e-05,5.258676725554065e-05,
subject_00485_hemorrhage,subject_00485,subject_00485,subject_00485_hemorrhage.npz,1,complete,3.0,6.0,2.0,12.0,50.0,49.0,19.0,18.0,6.0,7.0,5.0,877.0,2000000,none,pmcx,3389694549,1.5243241877899424e-08,0.004062327796367886,0.0002004296665662807,0,1.196325162117716e-07,0.006263740333847568,0.0003088631990016604,0,11.018287200247869,7.415857676435066e-07,1.681355155407633e-06,2.1053964357422954e-05,5.258676725554065e-05,
subject_00486_healthy,subject_00486,subject_00486,subject_00486_healthy.npz,0,complete,2.0,5.0,1.0,9.0,-1.0,-1.0,-1.0,-1.0,0.0,0.0,0.0,0.0,2000000,none,pmcx,2210513578,3.934631504908324e-09,0.004034027889919837,0.0001961765942637277,0,5.036199360578181e-08,0.006338300893731884,0.00030983819129660274,0,12.175788399763405,7.787509899435517e-07,1.338734713716467e-06,2.3366750393628887e-05,3.958374989803445e-05,
subject_00486_hemorrhage,subject_00486,subject_00486,subject_00486_hemorrhage.npz,1,complete,2.0,5.0,1.0,9.0,50.0,31.0,19.0,18.0,7.0,5.0,5.0,711.0,2000000,none,pmcx,2210513578,3.5913595915267222e-09,0.004040821297294041,0.000195989323347098,0,4.834205297545304e-08,0.006340734032972961,0.00031001110301630535,0,12.146962499944493,7.787509899435517e-07,1.338734713716467e-06,2.3366750393628887e-05,3.958374989803445e-05,
subject_00487_healthy,subject_00487,subject_00487,subject_00487_healthy.npz,0,complete,2.0,7.0,1.0,11.0,-1.0,-1.0,-1.0,-1.0,0.0,0.0,0.0,0.0,2000000,none,pmcx,4097813641,1.7746512876846179e-09,0.004191281616925422,0.00020216443003541365,0,2.3676325280891254e-08,0.006469908625861543,0.00031182529611651017,0,11.402566799893975,9.698497324487657e-07,1.4000620806646223e-06,3.510840204297514e-05,2.747672585874574e-05,
subject_00487_hemorrhage,subject_00487,subject_00487,subject_00487_hemorrhage.npz,1,complete,2.0,7.0,1.0,11.0,42.0,39.0,19.0,18.0,5.0,7.0,5.0,711.0,2000000,none,pmcx,4097813641,1.817351518857517e-09,0.0041941479500577404,0.0002022581621318685,0,1.523802170842693e-08,0.006453349145092905,0.0003119726426236955,0,11.450638100272045,9.698497324487657e-07,1.4000620806646223e-06,3.510840204297514e-05,2.747672585874574e-05,
subject_00488_healthy,subject_00488,subject_00488,subject_00488_healthy.npz,0,complete,2.0,7.0,2.0,12.0,-1.0,-1.0,-1.0,-1.0,0.0,0.0,0.0,0.0,2000000,none,pmcx,1978019482,2.2681631513017544e-08,0.004080838313725034,0.00020008934771677784,0,1.641452103184752e-07,0.006021565941177262,0.00029575905114470787,0,11.192477600416169,8.986014662047948e-07,1.4976432948294307e-06,2.3669579450423875e-05,1.4145187007677919e-05,
subject_00488_hemorrhage,subject_00488,subject_00488,subject_00488_hemorrhage.npz,1,complete,2.0,7.0,2.0,12.0,33.0,25.0,16.0,15.0,7.0,5.0,4.0,577.0,2000000,none,pmcx,1978019482,2.3385677781529115e-08,0.004082106329539286,0.00019962121093979572,0,1.496316482314988e-07,0.006024276309057108,0.00029578602354206297,0,11.25469519989565,8.986014662047948e-07,1.4976432948294307e-06,2.3669579450423875e-05,1.4145187007677919e-05,
subject_00489_healthy,subject_00489,subject_00489,subject_00489_healthy.npz,0,complete,3.0,6.0,2.0,12.0,-1.0,-1.0,-1.0,-1.0,0.0,0.0,0.0,0.0,2000000,none,pmcx,1159508247,1.1082664455853364e-08,0.004060001156335319,0.00019921590341471726,0,1.4280914075041243e-07,0.0059193198035591464,0.0002934365647456323,0,10.549501300556585,7.142241703914704e-07,1.073548944741866e-06,1.3182617659727655e-05,1.2670989553341394e-05,
subject_00489_hemorrhage,subject_00489,subject_00489,subject_00489_hemorrhage.npz,1,complete,3.0,6.0,2.0,12.0,46.0,39.0,17.0,16.0,5.0,5.0,4.0,417.0,2000000,none,pmcx,1159508247,9.523627905981548e-09,0.004073183773995047,0.00019924546642326223,0,1.2792311597903384e-07,0.005930241697383787,0.0002933845065329983,0,10.553715600632131,7.142241703914704e-07,1.073548944741866e-06,1.3182617659727655e-05,1.2670989553341394e-05,
subject_00490_healthy,subject_00490,subject_00490,subject_00490_healthy.npz,0,complete,2.0,7.0,1.0,11.0,-1.0,-1.0,-1.0,-1.0,0.0,0.0,0.0,0.0,2000000,none,pmcx,1090564791,2.7777163589479074e-09,0.004172487176716273,0.00020291446031512952,0,2.435854710144225e-08,0.006382477454937885,0.00030712071093778686,0,11.93269110005349,1.0045926450697932e-06,1.6766197885541001e-06,2.3680400532297315e-05,4.052197328593358e-05,
subject_00490_hemorrhage,subject_00490,subject_00490,subject_00490_hemorrhage.npz,1,complete,2.0,7.0,1.0,11.0,44.0,48.0,15.0,14.0,6.0,7.0,4.0,671.0,2000000,none,pmcx,1090564791,2.2551589176371607e-09,0.0041626104566527405,0.00020261076412805118,0,3.899966580416169e-08,0.006422999428223819,0.0003068148906730878,0,11.951503099640831,1.0045926450697932e-06,1.6766197885541001e-06,2.3680400532297315e-05,4.052197328593358e-05,
subject_00491_healthy,subject_00491,subject_00491,subject_00491_healthy.npz,0,complete,3.0,6.0,2.0,12.0,-1.0,-1.0,-1.0,-1.0,0.0,0.0,0.0,0.0,2000000,none,pmcx,412853966,2.7597549031521413e-08,0.0039546924976706825,0.00019223166249008464,0,7.18240827704244e-08,0.006173626152223657,0.0003113136019308559,0,11.172939999727532,8.017764177926403e-07,1.4875599114860287e-06,1.4952622151835626e-05,2.8967616501052867e-05,
subject_00491_hemorrhage,subject_00491,subject_00491,subject_00491_hemorrhage.npz,1,complete,3.0,6.0,2.0,12.0,49.0,38.0,17.0,16.0,7.0,5.0,4.0,577.0,2000000,none,pmcx,412853966,2.7257691496155725e-08,0.0039416972124943495,0.0001920290442578845,0,5.012430194949663e-08,0.006173284862607182,0.0003113014663151136,0,11.202740099746734,8.017764177926403e-07,1.4875599114860287e-06,1.4952622151835626e-05,2.8967616501052867e-05,
subject_00492_healthy,subject_00492,subject_00492,subject_00492_healthy.npz,0,complete,2.0,7.0,2.0,12.0,-1.0,-1.0,-1.0,-1.0,0.0,0.0,0.0,0.0,2000000,none,pmcx,211611622,4.8516217239935386e-08,0.004168347782578175,0.00020609765378864294,0,1.2482561724505264e-07,0.006314115481275373,0.0003099407732027621,0,11.026701100869104,8.748381777628568e-07,1.4255290484203965e-06,2.0652471488383185e-05,2.5197051416915887e-05,
subject_00492_hemorrhage,subject_00492,subject_00492,subject_00492_hemorrhage.npz,1,complete,2.0,7.0,2.0,12.0,29.0,48.0,21.0,20.0,6.0,6.0,5.0,739.0,2000000,none,pmcx,211611622,4.851960222350084e-08,0.004169617894280079,0.00020644432907172976,0,1.6007563171739836e-07,0.0063177652158436905,0.0003098851684823995,0,11.02447189996019,8.748381777628568e-07,1.4255290484203965e-06,2.0652471488383185e-05,2.5197051416915887e-05,
subject_00493_healthy,subject_00493,subject_00493,subject_00493_healthy.npz,0,complete,2.0,7.0,2.0,12.0,-1.0,-1.0,-1.0,-1.0,0.0,0.0,0.0,0.0,2000000,none,pmcx,926115376,1.9798935121576598e-08,0.004159174046177634,0.00020383027701322828,0,4.314257351386038e-08,0.006214040038288065,0.00030043608005444426,0,11.136455300729722,8.323156965111843e-07,1.318566333622494e-06,1.7345604901099036e-05,2.484026678878891e-05,
subject_00493_hemorrhage,subject_00493,subject_00493,subject_00493_hemorrhage.npz,1,complete,2.0,7.0,2.0,12.0,37.0,30.0,19.0,18.0,6.0,5.0,4.0,491.0,2000000,none,pmcx,926115376,1.9730390158675917e-08,0.004176519651078733,0.00020413536922659503,0,4.111426957427474e-08,0.006209880770031288,0.00030045336937139106,0,11.136568599613383,8.323156965111843e-07,1.318566333622494e-06,1.7345604901099036e-05,2.484026678878891e-05,
subject_00494_healthy,subject_00494,subject_00494,subject_00494_healthy.npz,0,complete,2.0,5.0,1.0,9.0,-1.0,-1.0,-1.0,-1.0,0.0,0.0,0.0,0.0,2000000,none,pmcx,988060343,2.017156305682373e-09,0.0041233822000488005,0.00020376197953701636,0,4.729812543916321e-08,0.006278031379103906,0.0003099842388364698,0,12.434445200487971,7.559857440925422e-07,1.499596155483464e-06,1.2459677484940148e-05,3.12532748332232e-05,
subject_00494_hemorrhage,subject_00494,subject_00494,subject_00494_hemorrhage.npz,1,complete,2.0,5.0,1.0,9.0,34.0,34.0,18.0,17.0,6.0,7.0,4.0,671.0,2000000,none,pmcx,988060343,2.0173894883727e-09,0.004124715829957528,0.0002035731816884648,0,4.6947309343093084e-08,0.006280711550911965,0.0003092456584181261,0,12.369784299982712,7.559857440925422e-07,1.499596155483464e-06,1.2459677484940148e-05,3.12532748332232e-05,
subject_00495_healthy,subject_00495,subject_00495,subject_00495_healthy.npz,0,complete,3.0,5.0,2.0,11.0,-1.0,-1.0,-1.0,-1.0,0.0,0.0,0.0,0.0,2000000,none,pmcx,3374155909,2.7862085036342093e-08,0.004085963642406312,0.0002058925096184182,0,2.0865500075251816e-07,0.0059754582186637645,0.00029533530252731166,0,11.322676100535318,9.288570947519928e-07,1.7075002893042894e-06,2.959729947043816e-05,4.259924728485746e-05,
subject_00495_hemorrhage,subject_00495,subject_00495,subject_00495_hemorrhage.npz,1,complete,3.0,5.0,2.0,11.0,43.0,38.0,19.0,18.0,6.0,6.0,5.0,739.0,2000000,none,pmcx,3374155909,2.7956868048871456e-08,0.004089759309801665,0.0002058201408878351,0,1.8776431246229214e-07,0.0059613995241502085,0.0002950947025474058,0,11.262681300519034,9.288570947519928e-07,1.7075002893042894e-06,2.959729947043816e-05,4.259924728485746e-05,
subject_00496_healthy,subject_00496,subject_00496,subject_00496_healthy.npz,0,complete,2.0,6.0,2.0,11.0,-1.0,-1.0,-1.0,-1.0,0.0,0.0,0.0,0.0,2000000,none,pmcx,751487027,5.0689126919706665e-08,0.004168968733742424,0.00020714733863400915,0,2.806119556409893e-07,0.006225751808007062,0.0003032366678522826,0,11.071436999831349,9.469531446100611e-07,1.1179280664611924e-06,3.88041829808795e-05,1.705223290179251e-05,
subject_00496_hemorrhage,subject_00496,subject_00496,subject_00496_hemorrhage.npz,1,complete,2.0,6.0,2.0,11.0,32.0,23.0,19.0,18.0,5.0,5.0,4.0,417.0,2000000,none,pmcx,751487027,2.7436842763197913e-08,0.004166283178027585,0.00020746388238361666,0,2.0249198153794697e-07,0.006233499212195926,0.00030325340400677516,0,11.09022539947182,9.469531446100611e-07,1.1179280664611924e-06,3.88041829808795e-05,1.705223290179251e-05,
subject_00497_healthy,subject_00497,subject_00497,subject_00497_healthy.npz,0,complete,2.0,5.0,2.0,10.0,-1.0,-1.0,-1.0,-1.0,0.0,0.0,0.0,0.0,2000000,none,pmcx,1572905494,1.2006894054875742e-07,0.0038260957834240256,0.00018749044984440642,0,1.1743462475244132e-07,0.00619143178258601,0.0003006434742793023,0,10.945912700146437,7.324074167509712e-07,1.5284387313269298e-06,1.4472040684851504e-05,6.539061886590928e-05,
subject_00497_hemorrhage,subject_00497,subject_00497,subject_00497_hemorrhage.npz,1,complete,2.0,5.0,2.0,10.0,49.0,51.0,20.0,19.0,7.0,5.0,5.0,711.0,2000000,none,pmcx,1572905494,1.1435328451945433e-07,0.0038341754413641796,0.00018772085405033447,0,1.2271740075401806e-07,0.006172933254935873,0.00030045757591115276,0,10.979728899896145,7.324074167509712e-07,1.5284387313269298e-06,1.4472040684851504e-05,6.539061886590928e-05,
subject_00498_healthy,subject_00498,subject_00498,subject_00498_healthy.npz,0,complete,3.0,6.0,1.0,11.0,-1.0,-1.0,-1.0,-1.0,0.0,0.0,0.0,0.0,2000000,none,pmcx,2294610961,2.0536844334348216e-09,0.003873595135402398,0.00018673626678837528,0,2.786673747793064e-08,0.006218873675308013,0.0003092482887252496,0,11.420069700106978,8.244413532097094e-07,1.6602242808641868e-06,2.163647890839754e-05,2.605000509358496e-05,
subject_00498_hemorrhage,subject_00498,subject_00498,subject_00498_hemorrhage.npz,1,complete,3.0,6.0,1.0,11.0,39.0,34.0,21.0,20.0,6.0,7.0,5.0,877.0,2000000,none,pmcx,2294610961,2.366635395264122e-09,0.0038776468997963115,0.0001871850649773436,0,2.8119108431965035e-08,0.006235073539187588,0.00030948537961369114,0,11.367698200047016,8.244413532097094e-07,1.6602242808641868e-06,2.163647890839754e-05,2.605000509358496e-05,
subject_00499_healthy,subject_00499,subject_00499,subject_00499_healthy.npz,0,complete,3.0,6.0,2.0,12.0,-1.0,-1.0,-1.0,-1.0,0.0,0.0,0.0,0.0,2000000,none,pmcx,78552726,9.123045178272435e-09,0.004092363623774465,0.0002034147963515916,0,1.5380747413731518e-07,0.006023498702874028,0.00029271311006130447,0,10.954949100036174,7.408749861833629e-07,1.043211815717313e-06,2.5051628260994337e-05,2.2658690135487873e-05,
subject_00499_hemorrhage,subject_00499,subject_00499,subject_00499_hemorrhage.npz,1,complete,3.0,6.0,2.0,12.0,50.0,53.0,20.0,19.0,5.0,6.0,5.0,613.0,2000000,none,pmcx,78552726,9.089289763540689e-09,0.004083175571718856,0.00020379080358509883,0,1.4950438453410287e-07,0.006022806194713765,0.0002928958073519577,0,11.024205700028688,7.408749861833629e-07,1.043211815717313e-06,2.5051628260994337e-05,2.2658690135487873e-05,
subject_00500_healthy,subject_00500,subject_00500,subject_00500_healthy.npz,0,complete,3.0,7.0,1.0,12.0,-1.0,-1.0,-1.0,-1.0,0.0,0.0,0.0,0.0,2000000,none,pmcx,2951122977,8.171870619572094e-11,0.004019080414152503,0.00019678980538714546,0,7.951810610523923e-09,0.006074512777434765,0.0003022221310966014,0,11.579126899596304,6.311983244341023e-07,1.6877699191880752e-06,2.7109702215985434e-05,4.013492002581144e-05,
subject_00500_hemorrhage,subject_00500,subject_00500,subject_00500_hemorrhage.npz,1,complete,3.0,7.0,1.0,12.0,44.0,23.0,21.0,20.0,7.0,5.0,5.0,711.0,2000000,none,pmcx,2951122977,8.170055561067682e-11,0.004018418086428278,0.00019718907914202807,0,7.855027119778797e-09,0.006089564546639165,0.0003020144971918195,0,11.598696100292727,6.311983244341023e-07,1.6877699191880752e-06,2.7109702215985434e-05,4.013492002581144e-05,
subject_00501_healthy,subject_00501,subject_00501,subject_00501_healthy.npz,0,complete,2.0,6.0,1.0,10.0,-1.0,-1.0,-1.0,-1.0,0.0,0.0,0.0,0.0,2000000,none,pmcx,2349771665,7.733852990402573e-11,0.004225705141184472,0.00020359074783345377,0,7.424998107651767e-09,0.006567394330121932,0.00032298653021154875,0,11.830905199982226,8.264750749930063e-07,1.6859787557569054e-06,2.5712683206640134e-05,3.413498867597866e-05,
subject_00501_hemorrhage,subject_00501,subject_00501,subject_00501_hemorrhage.npz,1,complete,2.0,6.0,1.0,10.0,47.0,42.0,17.0,16.0,7.0,6.0,5.0,877.0,2000000,none,pmcx,2349771665,7.733812412016674e-11,0.004216746116733781,0.0002036028421225447,0,1.1458715903541844e-08,0.0065700568395905155,0.000323441762605327,0,11.800580999581143,8.264750749930063e-07,1.6859787557569054e-06,2.5712683206640134e-05,3.413498867597866e-05,
subject_00502_healthy,subject_00502,subject_00502,subject_00502_healthy.npz,0,complete,2.0,6.0,1.0,10.0,-1.0,-1.0,-1.0,-1.0,0.0,0.0,0.0,0.0,2000000,none,pmcx,2397280264,1.380747729835616e-11,0.00421829874417191,0.0002064732390233136,0,9.066414495835972e-09,0.006347926842510763,0.0003077184284809032,0,11.796662099892274,8.901820690026121e-07,1.053525352421512e-06,3.006086179008216e-05,1.9146802895206316e-05,
subject_00502_hemorrhage,subject_00502,subject_00502,subject_00502_hemorrhage.npz,1,complete,2.0,6.0,1.0,10.0,41.0,33.0,20.0,19.0,5.0,6.0,5.0,613.0,2000000,none,pmcx,2397280264,1.1804341928158906e-11,0.004231221413371655,0.00020663449305701031,0,8.447517110585284e-09,0.006347939271778294,0.00030745888778743074,0,11.839606499997899,8.901820690026121e-07,1.053525352421512e-06,3.006086179008216e-05,1.9146802895206316e-05,
subject_00503_healthy,subject_00503,subject_00503,subject_00503_healthy.npz,0,complete,2.0,7.0,1.0,11.0,-1.0,-1.0,-1.0,-1.0,0.0,0.0,0.0,0.0,2000000,none,pmcx,2629360180,2.4377844471948694e-10,0.004314668723228883,0.00020967216889418162,0,2.7888504886342924e-09,0.006518184452423778,0.00032008807798406214,0,11.78504430083558,8.497400526815321e-07,1.21879956773087e-06,2.2832195030625738e-05,2.0882328835611363e-05,
subject_00503_hemorrhage,subject_00503,subject_00503,subject_00503_hemorrhage.npz,1,complete,2.0,7.0,1.0,11.0,40.0,34.0,16.0,15.0,5.0,7.0,4.0,577.0,2000000,none,pmcx,2629360180,1.2400300601627039e-10,0.004325813647200914,0.00020952302054811581,0,2.9015538170270395e-09,0.006513780677447721,0.00031974896545729225,0,11.809188599931076,8.497400526815321e-07,1.21879956773087e-06,2.2832195030625738e-05,2.0882328835611363e-05,
subject_00504_healthy,subject_00504,subject_00504,subject_00504_healthy.npz,0,complete,3.0,7.0,1.0,12.0,-1.0,-1.0,-1.0,-1.0,0.0,0.0,0.0,0.0,2000000,none,pmcx,2947486972,1.2611569293303377e-09,0.004017313717323494,0.00019872262775659155,0,2.2196194504664528e-08,0.00613046453575976,0.00029956593325287755,0,11.657809399999678,1.0438751259092223e-06,1.2497778535182172e-06,2.6809900439658634e-05,2.4684076976862028e-05,
subject_00504_hemorrhage,subject_00504,subject_00504,subject_00504_hemorrhage.npz,1,complete,3.0,7.0,1.0,12.0,40.0,54.0,17.0,16.0,7.0,5.0,5.0,711.0,2000000,none,pmcx,2947486972,1.2613479718255742e-09,0.004019823729435546,0.00019826256331331206,0,1.908159308793469e-08,0.006129221762082839,0.00029902734827236873,0,11.734364100033417,1.0438751259092223e-06,1.2497778535182172e-06,2.6809900439658634e-05,2.4684076976862028e-05,
subject_00505_healthy,subject_00505,subject_00505,subject_00505_healthy.npz,0,complete,3.0,6.0,1.0,11.0,-1.0,-1.0,-1.0,-1.0,0.0,0.0,0.0,0.0,2000000,none,pmcx,1130162037,4.399574751044574e-09,0.004226959426515099,0.00021089816876695085,0,4.278911919856371e-08,0.006196604342042848,0.0003079864182891336,0,11.828071299474686,7.852104852540154e-07,1.448990972690255e-06,1.9233534939806438e-05,3.155436995648259e-05,
subject_00505_hemorrhage,subject_00505,subject_00505,subject_00505_hemorrhage.npz,1,complete,3.0,6.0,1.0,11.0,47.0,37.0,20.0,19.0,6.0,6.0,4.0,585.0,2000000,none,pmcx,1130162037,2.1247045589080144e-09,0.0042284592546877236,0.0002112669755640979,0,4.278919142921579e-08,0.0061887299478575195,0.00030799522586090917,0,11.834151099203154,7.852104852540154e-07,1.448990972690255e-06,1.9233534939806438e-05,3.155436995648259e-05,
subject_00506_healthy,subject_00506,subject_00506,subject_00506_healthy.npz,0,complete,3.0,6.0,2.0,12.0,-1.0,-1.0,-1.0,-1.0,0.0,0.0,0.0,0.0,2000000,none,pmcx,526173178,4.0672877173051075e-08,0.004001099860360874,0.0001978153300168401,0,8.232553661062292e-08,0.006207120480803501,0.0003093927256237132,0,11.162954199593514,1.3651583420984696e-06,1.7859468906848426e-06,2.2308832013425567e-05,3.259028353549357e-05,
subject_00506_hemorrhage,subject_00506,subject_00506,subject_00506_hemorrhage.npz,1,complete,3.0,6.0,2.0,12.0,31.0,41.0,17.0,16.0,7.0,7.0,5.0,1023.0,2000000,none,pmcx,526173178,2.5241084381159265e-08,0.003985132217395165,0.00019797173863324495,0,9.784584531238163e-08,0.006213280560560574,0.00030867805371609933,0,11.169127100845799,1.3651583420984696e-06,1.7859468906848426e-06,2.2308832013425567e-05,3.259028353549357e-05,
subject_00507_healthy,subject_00507,subject_00507,subject_00507_healthy.npz,0,complete,2.0,5.0,1.0,9.0,-1.0,-1.0,-1.0,-1.0,0.0,0.0,0.0,0.0,2000000,none,pmcx,3706843483,7.037302356535081e-10,0.0039033177738198852,0.00018975739559429789,0,1.9712793113522932e-08,0.006131693971721003,0.0003014884713623666,0,11.87635870021768,8.379172897185152e-07,1.7233960683625936e-06,2.5489557456064016e-05,5.458390946782611e-05,
subject_00507_hemorrhage,subject_00507,subject_00507,subject_00507_hemorrhage.npz,1,complete,2.0,5.0,1.0,9.0,42.0,48.0,13.0,12.0,5.0,7.0,4.0,577.0,2000000,none,pmcx,3706843483,6.895200652617555e-10,0.00391265003407518,0.00018989368910290994,0,1.778271456732544e-08,0.006116501991784955,0.0003009554291011481,0,11.834494499955326,8.379172897185152e-07,1.7233960683625936e-06,2.5489557456064016e-05,5.458390946782611e-05,
subject_00508_healthy,subject_00508,subject_00508,subject_00508_healthy.npz,0,complete,2.0,7.0,1.0,11.0,-1.0,-1.0,-1.0,-1.0,0.0,0.0,0.0,0.0,2000000,none,pmcx,3695908874,1.177852264539747e-09,0.004224647090739959,0.00020955951011308914,0,3.081858117159019e-08,0.006321816725400105,0.00030494835412701166,0,11.605895800050348,8.38807126416583e-07,1.6762505161652644e-06,2.6234936063676204e-05,5.5563208911420074e-05,
subject_00508_hemorrhage,subject_00508,subject_00508,subject_00508_hemorrhage.npz,1,complete,2.0,7.0,1.0,11.0,29.0,50.0,19.0,18.0,5.0,6.0,5.0,613.0,2000000,none,pmcx,3695908874,1.7447731652886806e-09,0.004206690113956896,0.00020913081300646244,0,2.0131770335566115e-08,0.0062662535164886846,0.0003044573061853327,0,11.643121800152585,8.38807126416583e-07,1.6762505161652644e-06,2.6234936063676204e-05,5.5563208911420074e-05,
subject_00509_healthy,subject_00509,subject_00509,subject_00509_healthy.npz,0,complete,3.0,6.0,2.0,12.0,-1.0,-1.0,-1.0,-1.0,0.0,0.0,0.0,0.0,2000000,none,pmcx,2308335079,1.536384891900899e-08,0.004109768648252621,0.0002043921038274847,0,7.986177987481226e-08,0.0060481956317034605,0.00029918607428958295,0,11.44284770055674,7.471032174889526e-07,1.3222669477179342e-06,1.9222742822289085e-05,2.2591104469442402e-05,
subject_00509_hemorrhage,subject_00509,subject_00509,subject_00509_hemorrhage.npz,1,complete,3.0,6.0,2.0,12.0,36.0,34.0,19.0,18.0,7.0,5.0,4.0,577.0,2000000,none,pmcx,2308335079,1.5326714552941732e-08,0.004105990592081236,0.0002044508722712616,0,1.1791398592997246e-07,0.006058680184560394,0.00029939471581214743,0,11.436621699947864,7.471032174889526e-07,1.3222669477179342e-06,1.9222742822289085e-05,2.2591104469442402e-05,
subject_00510_healthy,subject_00510,subject_00510,subject_00510_healthy.npz,0,complete,2.0,6.0,1.0,10.0,-1.0,-1.0,-1.0,-1.0,0.0,0.0,0.0,0.0,2000000,none,pmcx,3796019332,3.0111280724009228e-09,0.004015200333737523,0.0001958819856074409,0,5.114084063649702e-08,0.00626276937127246,0.0003077101273291088,0,11.829956299858168,8.360832186949899e-07,1.693099987570557e-06,1.6078968157847394e-05,4.257919742517869e-05,
subject_00510_hemorrhage,subject_00510,subject_00510,subject_00510_hemorrhage.npz,1,complete,2.0,6.0,1.0,10.0,41.0,43.0,15.0,14.0,5.0,7.0,5.0,711.0,2000000,none,pmcx,3796019332,2.199268989079706e-09,0.004017670670092265,0.00019572412473215864,0,1.5716665495198066e-08,0.0062642353438865815,0.00030806096321786346,0,11.790283600334078,8.360832186949899e-07,1.693099987570557e-06,1.6078968157847394e-05,4.257919742517869e-05,
subject_00511_healthy,subject_00511,subject_00511,subject_00511_healthy.npz,0,complete,2.0,6.0,1.0,10.0,-1.0,-1.0,-1.0,-1.0,0.0,0.0,0.0,0.0,2000000,none,pmcx,3782346821,1.0407776762962175e-09,0.004096836137608402,0.0002017692610324111,0,5.944476370892002e-09,0.0064818682165362585,0.0003161779420782481,0,11.864553000079468,1.2804544985263899e-06,1.798347393929562e-06,3.3229731308149525e-05,5.0492685472772365e-05,
subject_00511_hemorrhage,subject_00511,subject_00511,subject_00511_hemorrhage.npz,1,complete,2.0,6.0,1.0,10.0,38.0,50.0,19.0,18.0,6.0,7.0,4.0,671.0,2000000,none,pmcx,3782346821,1.0356656862413625e-09,0.004116769497743632,0.00020214079297105548,0,1.1208490742396275e-08,0.006468895853971328,0.0003164481459156686,0,11.930048099486157,1.2804544985263899e-06,1.798347393929562e-06,3.3229731308149525e-05,5.0492685472772365e-05,
subject_00512_healthy,subject_00512,subject_00512,subject_00512_healthy.npz,0,complete,3.0,6.0,2.0,12.0,-1.0,-1.0,-1.0,-1.0,0.0,0.0,0.0,0.0,2000000,none,pmcx,1247070124,9.690048619857244e-10,0.003816028194770145,0.00018562776936185954,0,4.347580687707558e-08,0.006155548330636037,0.0003016542081057453,0,11.041515400167555,1.5112450379728176e-06,1.4848455633891972e-06,5.192398247330513e-05,3.294720034625626e-05,
subject_00512_hemorrhage,subject_00512,subject_00512,subject_00512_hemorrhage.npz,1,complete,3.0,6.0,2.0,12.0,32.0,44.0,20.0,19.0,6.0,5.0,5.0,613.0,2000000,none,pmcx,1247070124,1.8779084583587268e-09,0.0037641042122968397,0.0001853894362809332,0,5.698379376543021e-08,0.006122601130289781,0.00030111051223543554,0,11.034672799985856,1.5112450379728176e-06,1.4848455633891972e-06,5.192398247330513e-05,3.294720034625626e-05,
subject_00513_healthy,subject_00513,subject_00513,subject_00513_healthy.npz,0,complete,3.0,6.0,2.0,12.0,-1.0,-1.0,-1.0,-1.0,0.0,0.0,0.0,0.0,2000000,none,pmcx,3631299917,1.480259277802325e-08,0.0038597276331760384,0.0001882159641459973,0,1.78450111548459e-07,0.005969299716445889,0.0002913696625114922,0,10.759551599621773,8.754040572200116e-07,1.3296365924352796e-06,1.850355987354055e-05,2.2671691827441838e-05,
subject_00513_hemorrhage,subject_00513,subject_00513,subject_00513_hemorrhage.npz,1,complete,3.0,6.0,2.0,12.0,38.0,54.0,20.0,19.0,7.0,7.0,5.0,1023.0,2000000,none,pmcx,3631299917,1.9487841655255527e-08,0.003869366253566992,0.00018804257478915776,0,1.9634961884382973e-07,0.005966407693888026,0.0002910454768966334,0,10.831198699539527,8.754040572200116e-07,1.3296365924352796e-06,1.850355987354055e-05,2.2671691827441838e-05,
subject_00514_healthy,subject_00514,subject_00514,subject_00514_healthy.npz,0,complete,3.0,7.0,2.0,13.0,-1.0,-1.0,-1.0,-1.0,0.0,0.0,0.0,0.0,2000000,none,pmcx,3396319709,2.020077999306463e-08,0.003952742039213846,0.0001964467434241249,0,1.3272172336335232e-07,0.006198581726170308,0.0003074749967415031,0,11.171789700165391,8.512941285165401e-07,1.7999954873224224e-06,1.3403361801054441e-05,3.6181436401376554e-05,
subject_00514_hemorrhage,subject_00514,subject_00514,subject_00514_hemorrhage.npz,1,complete,3.0,7.0,2.0,13.0,34.0,32.0,21.0,20.0,7.0,7.0,5.0,1023.0,2000000,none,pmcx,3396319709,9.125566714051164e-09,0.003946231856298933,0.00019645279404169474,0,1.2016249445647633e-07,0.006203019598531633,0.0003074271009983597,0,11.15018460014835,8.512941285165401e-07,1.7999954873224224e-06,1.3403361801054441e-05,3.6181436401376554e-05,
subject_00515_healthy,subject_00515,subject_00515,subject_00515_healthy.npz,0,complete,3.0,6.0,2.0,12.0,-1.0,-1.0,-1.0,-1.0,0.0,0.0,0.0,0.0,2000000,none,pmcx,701225234,3.4992671547890615e-08,0.004099562565765992,0.0002036991110442813,0,5.265555575523512e-08,0.006213119839448105,0.0003052622389797783,0,10.76476699928753,1.0762168708478268e-06,1.5445246701472907e-06,2.381401372019581e-05,2.599041302541686e-05,
subject_00515_hemorrhage,subject_00515,subject_00515,subject_00515_hemorrhage.npz,1,complete,3.0,6.0,2.0,12.0,50.0,36.0,21.0,20.0,7.0,7.0,5.0,1023.0,2000000,none,pmcx,701225234,2.878584079010963e-08,0.004121640720362831,0.0002034471851847958,0,5.0704878572760473e-08,0.006232120752462815,0.0003056304477687756,0,10.770705200266093,1.0762168708478268e-06,1.5445246701472907e-06,2.381401372019581e-05,2.599041302541686e-05,
subject_00516_healthy,subject_00516,subject_00516,subject_00516_healthy.npz,0,complete,2.0,6.0,2.0,11.0,-1.0,-1.0,-1.0,-1.0,0.0,0.0,0.0,0.0,2000000,none,pmcx,2573973899,3.3640101220435915e-08,0.004280360355256989,0.00021095242462421414,0,3.1396995857132267e-07,0.0063404207829478925,0.0003126464229617964,0,11.067664699163288,1.047584790593117e-06,1.5707260583929358e-06,3.607589185980909e-05,3.275363394533194e-05,
subject_00516_hemorrhage,subject_00516,subject_00516,subject_00516_hemorrhage.npz,1,complete,2.0,6.0,2.0,11.0,44.0,43.0,20.0,19.0,6.0,5.0,4.0,491.0,2000000,none,pmcx,2573973899,3.2564111017853336e-08,0.004287757297914083,0.00021094141025085984,0,3.0859736241720196e-07,0.0063183090711749984,0.00031228521344816966,0,11.06014709919691,1.047584790593117e-06,1.5707260583929358e-06,3.607589185980909e-05,3.275363394533194e-05,
subject_00517_healthy,subject_00517,subject_00517,subject_00517_healthy.npz,0,complete,2.0,7.0,1.0,11.0,-1.0,-1.0,-1.0,-1.0,0.0,0.0,0.0,0.0,2000000,none,pmcx,1725889721,1.2849574700663233e-09,0.004143303368157017,0.0002018245978692253,0,1.6617854728995488e-08,0.0065193059555119824,0.00031812295777248253,0,11.753100200556219,1.025929492894072e-06,1.687628383751414e-06,2.3862803699197833e-05,2.2324482630751985e-05,
subject_00517_hemorrhage,subject_00517,subject_00517,subject_00517_hemorrhage.npz,1,complete,2.0,7.0,1.0,11.0,34.0,39.0,18.0,17.0,7.0,7.0,4.0,805.0,2000000,none,pmcx,1725889721,1.2270265827196726e-09,0.004142614047404467,0.00020164695849377912,0,1.7936718579929644e-08,0.006539267084262355,0.00031881437717391444,0,11.778553999960423,1.025929492894072e-06,1.687628383751414e-06,2.3862803699197833e-05,2.2324482630751985e-05,
subject_00518_healthy,subject_00518,subject_00518,subject_00518_healthy.npz,0,complete,3.0,6.0,2.0,12.0,-1.0,-1.0,-1.0,-1.0,0.0,0.0,0.0,0.0,2000000,none,pmcx,2811848184,2.4121534191362034e-08,0.004026932886736529,0.00019926813739348854,0,1.9155198087218165e-07,0.006309318447910286,0.0003140740402528448,0,10.97568040038459,9.969562985570879e-07,1.419224702307158e-06,2.1846196169815696e-05,5.760874663633588e-05,
subject_00518_hemorrhage,subject_00518,subject_00518,subject_00518_hemorrhage.npz,1,complete,3.0,6.0,2.0,12.0,30.0,52.0,21.0,20.0,7.0,7.0,5.0,1023.0,2000000,none,pmcx,2811848184,2.743341751891012e-08,0.004031492956152685,0.00019936193694521253,0,2.0334319138808546e-07,0.006304441865362043,0.0003139181513832822,0,11.066971100168303,9.969562985570879e-07,1.419224702307158e-06,2.1846196169815696e-05,5.760874663633588e-05,
subject_00519_healthy,subject_00519,subject_00519,subject_00519_healthy.npz,0,complete,2.0,6.0,2.0,11.0,-1.0,-1.0,-1.0,-1.0,0.0,0.0,0.0,0.0,2000000,none,pmcx,2299977904,1.9304997893450712e-08,0.0040221027981822794,0.00019535309681701548,0,3.056458055051414e-07,0.006182380836518314,0.0003080516760191646,0,10.977270499104634,7.595793213893751e-07,1.9243799015826024e-06,1.4397809476374146e-05,3.1675864011914204e-05,
subject_00519_hemorrhage,subject_00519,subject_00519,subject_00519_hemorrhage.npz,1,complete,2.0,6.0,2.0,11.0,37.0,45.0,15.0,14.0,5.0,5.0,4.0,417.0,2000000,none,pmcx,2299977904,3.933592159259594e-08,0.004027317418840701,0.00019549648305948854,0,3.083161309344477e-07,0.006204622254492484,0.0003079660987134454,0,11.013028400251642,7.595793213893751e-07,1.9243799015826024e-06,1.4397809476374146e-05,3.1675864011914204e-05,
subject_00520_healthy,subject_00520,subject_00520,subject_00520_healthy.npz,0,complete,3.0,5.0,1.0,10.0,-1.0,-1.0,-1.0,-1.0,0.0,0.0,0.0,0.0,2000000,none,pmcx,2867684582,1.3584039877464008e-09,0.0038200363115792136,0.00018600597109105408,0,4.2559388153957524e-08,0.006017931633945425,0.00029394289604974753,0,11.803555900231004,6.740728658244748e-07,1.143759173019503e-06,1.3183822668602022e-05,2.6761495913182193e-05,
subject_00520_hemorrhage,subject_00520,subject_00520,subject_00520_hemorrhage.npz,1,complete,3.0,5.0,1.0,10.0,37.0,51.0,21.0,20.0,6.0,5.0,5.0,613.0,2000000,none,pmcx,2867684582,1.3595095960903737e-09,0.003814791943937807,0.000185699549073896,0,5.4665584410350056e-08,0.0060348656319890726,0.0002942895589047892,0,11.78450829978101,6.740728658244748e-07,1.143759173019503e-06,1.3183822668602022e-05,2.6761495913182193e-05,
subject_00521_healthy,subject_00521,subject_00521,subject_00521_healthy.npz,0,complete,3.0,7.0,1.0,12.0,-1.0,-1.0,-1.0,-1.0,0.0,0.0,0.0,0.0,2000000,none,pmcx,2153046012,1.7268680084344137e-10,0.0040089956882469755,0.00019722155768039945,0,1.1486261325742329e-08,0.006544217974230374,0.0003236004684492444,0,11.652632200159132,7.897138971202759e-07,1.5955329892490424e-06,1.9668448258368387e-05,3.2904319171945216e-05,
subject_00521_hemorrhage,subject_00521,subject_00521,subject_00521_hemorrhage.npz,1,complete,3.0,7.0,1.0,12.0,48.0,28.0,17.0,16.0,7.0,6.0,5.0,877.0,2000000,none,pmcx,2153046012,1.7220651908278212e-10,0.004014255763935426,0.00019757374042154207,0,5.5652442940112825e-08,0.0065562970808221085,0.0003237939625301043,0,11.655102300224826,7.897138971202759e-07,1.5955329892490424e-06,1.9668448258368387e-05,3.2904319171945216e-05,
subject_00522_healthy,subject_00522,subject_00522,subject_00522_healthy.npz,0,complete,2.0,6.0,1.0,10.0,-1.0,-1.0,-1.0,-1.0,0.0,0.0,0.0,0.0,2000000,none,pmcx,3908949048,2.366354914129701e-09,0.004281499037328263,0.00020805388406987355,0,1.6727518152552663e-08,0.006343961202331118,0.0003108227418006168,0,11.740722800604999,1.0714678490959536e-06,1.2670947167786935e-06,3.673018075995953e-05,1.7291118270793557e-05,
subject_00522_hemorrhage,subject_00522,subject_00522,subject_00522_hemorrhage.npz,1,complete,2.0,6.0,1.0,10.0,29.0,48.0,19.0,18.0,6.0,5.0,4.0,491.0,2000000,none,pmcx,3908949048,5.795198997884941e-10,0.004244768856568304,0.00020776442805066613,0,1.6734522909945453e-08,0.006343469854318136,0.00031127508522701725,0,11.720187298953533,1.0714678490959536e-06,1.2670947167786935e-06,3.673018075995953e-05,1.7291118270793557e-05,
subject_00523_healthy,subject_00523,subject_00523,subject_00523_healthy.npz,0,complete,3.0,7.0,1.0,12.0,-1.0,-1.0,-1.0,-1.0,0.0,0.0,0.0,0.0,2000000,none,pmcx,1758769635,6.552022869207333e-10,0.004039050494017379,0.00020123306604111416,0,1.1051985039771584e-08,0.00607846723347826,0.0003003634297171193,0,12.061967799672857,6.820197534875534e-07,1.6103116137716883e-06,1.2760716078100576e-05,2.7340570728293448e-05,
subject_00523_hemorrhage,subject_00523,subject_00523,subject_00523_hemorrhage.npz,1,complete,3.0,7.0,1.0,12.0,33.0,34.0,18.0,17.0,5.0,6.0,4.0,491.0,2000000,none,pmcx,1758769635,7.110968133870287e-10,0.004033530185770385,0.00020123311260517095,0,1.8274222048477658e-08,0.006069255111844573,0.00030004131663144244,0,12.08106160000898,6.820197534875534e-07,1.6103116137716883e-06,1.2760716078100576e-05,2.7340570728293448e-05,
subject_00524_healthy,subject_00524,subject_00524,subject_00524_healthy.npz,0,complete,3.0,5.0,2.0,11.0,-1.0,-1.0,-1.0,-1.0,0.0,0.0,0.0,0.0,2000000,none,pmcx,27971561,3.90749867488999e-08,0.004072233513209793,0.0002041712669837449,0,2.5964202024665455e-07,0.006051113015863589,0.00029472248565338185,0,11.104273499920964,1.4342341056986706e-06,1.5476898768138917e-06,3.1478422241313676e-05,4.216618425718476e-05,
subject_00524_hemorrhage,subject_00524,subject_00524,subject_00524_hemorrhage.npz,1,complete,3.0,5.0,2.0,11.0,31.0,44.0,21.0,20.0,7.0,7.0,5.0,1023.0,2000000,none,pmcx,27971561,6.353254244900717e-08,0.004103711935451107,0.0002045525978652812,0,2.5319175178049936e-07,0.006062073278563965,0.00029431645946410693,0,11.11348699964583,1.4342341056986706e-06,1.5476898768138917e-06,3.1478422241313676e-05,4.216618425718476e-05,
subject_00525_healthy,subject_00525,subject_00525,subject_00525_healthy.npz,0,complete,3.0,6.0,2.0,12.0,-1.0,-1.0,-1.0,-1.0,0.0,0.0,0.0,0.0,2000000,none,pmcx,118607456,3.683064565572668e-08,0.003998789362634467,0.00019453066489819276,0,2.867313224052701e-07,0.0062169318680621,0.00031022931091154036,0,11.211520100012422,1.1262373344650978e-06,1.4280407030220248e-06,2.078736319330917e-05,3.089715464412758e-05,
subject_00525_hemorrhage,subject_00525,subject_00525,subject_00525_hemorrhage.npz,1,complete,3.0,6.0,2.0,12.0,43.0,49.0,18.0,17.0,5.0,6.0,5.0,613.0,2000000,none,pmcx,118607456,2.2541787518622348e-08,0.0039780019994411575,0.00019385707027342892,0,1.9977438484419194e-07,0.006227397679562967,0.0003105372756214634,0,11.219545499654487,1.1262373344650978e-06,1.4280407030220248e-06,2.078736319330917e-05,3.089715464412758e-05,
subject_00526_healthy,subject_00526,subject_00526,subject_00526_healthy.npz,0,complete,2.0,6.0,2.0,11.0,-1.0,-1.0,-1.0,-1.0,0.0,0.0,0.0,0.0,2000000,none,pmcx,3938325319,5.612502179541065e-08,0.004202600558231889,0.00020527398668695015,0,1.677306791434703e-07,0.006386777704770854,0.00031668581026312367,0,10.994826400419697,8.542134451705148e-07,1.7799444287779192e-06,2.144159253482554e-05,4.094056321638992e-05,
subject_00526_hemorrhage,subject_00526,subject_00526,subject_00526_hemorrhage.npz,1,complete,2.0,6.0,2.0,11.0,49.0,26.0,18.0,17.0,7.0,5.0,4.0,577.0,2000000,none,pmcx,3938325319,5.277544025008824e-08,0.004207721323082858,0.0002049339861573143,0,1.026784422635731e-07,0.006416779648881444,0.0003162908320607532,0,10.949761600000784,8.542134451705148e-07,1.7799444287779192e-06,2.144159253482554e-05,4.094056321638992e-05,
subject_00527_healthy,subject_00527,subject_00527,subject_00527_healthy.npz,0,complete,3.0,6.0,1.0,11.0,-1.0,-1.0,-1.0,-1.0,0.0,0.0,0.0,0.0,2000000,none,pmcx,1921433406,6.868967283847241e-10,0.004081465106681171,0.00020427484005077366,0,5.954908666876002e-08,0.006227798778659794,0.0003090356613437031,0,12.039762100903317,9.701526098271215e-07,1.2172330583962105e-06,4.206149233594147e-05,2.6664001313837088e-05,
subject_00527_hemorrhage,subject_00527,subject_00527,subject_00527_hemorrhage.npz,1,complete,3.0,6.0,1.0,11.0,49.0,56.0,18.0,17.0,6.0,5.0,4.0,491.0,2000000,none,pmcx,1921433406,6.868959730417482e-10,0.0040939333918473065,0.000204001297346399,0,5.927506792872474e-08,0.006201134777345957,0.0003087483932658745,0,11.980407199822366,9.701526098271215e-07,1.2172330583962105e-06,4.206149233594147e-05,2.6664001313837088e-05,
subject_00528_healthy,subject_00528,subject_00528,subject_00528_healthy.npz,0,complete,3.0,6.0,1.0,11.0,-1.0,-1.0,-1.0,-1.0,0.0,0.0,0.0,0.0,2000000,none,pmcx,548279556,3.5435261926967373e-09,0.004094786805559625,0.00020161662380083998,0,3.05145859857135e-08,0.006151667695794624,0.00030628763611656755,0,11.319841399788857,8.833636090984467e-07,1.0530523112348905e-06,1.9328311754990626e-05,1.972762451174113e-05,
subject_00528_hemorrhage,subject_00528,subject_00528,subject_00528_hemorrhage.npz,1,complete,3.0,6.0,1.0,11.0,34.0,36.0,15.0,14.0,6.0,5.0,4.0,491.0,2000000,none,pmcx,548279556,1.624699084313978e-09,0.004092511485140237,0.00020202056132768005,0,2.5222060426973892e-08,0.006152839801096404,0.0003062836144729778,0,11.379088200395927,8.833636090984467e-07,1.0530523112348905e-06,1.9328311754990626e-05,1.972762451174113e-05,
subject_00529_healthy,subject_00529,subject_00529,subject_00529_healthy.npz,0,complete,3.0,5.0,2.0,11.0,-1.0,-1.0,-1.0,-1.0,0.0,0.0,0.0,0.0,2000000,none,pmcx,3245210031,2.1639862623114318e-08,0.0038904910678648525,0.00019253429577520618,0,4.9728253370109496e-08,0.006308407411579956,0.0003137989855374625,0,11.26936100050807,6.558714566979761e-07,1.5038656443087183e-06,1.1904386612696365e-05,2.386327552340948e-05,
subject_00529_hemorrhage,subject_00529,subject_00529,subject_00529_hemorrhage.npz,1,complete,3.0,5.0,2.0,11.0,30.0,30.0,20.0,19.0,7.0,5.0,5.0,711.0,2000000,none,pmcx,3245210031,4.5672219015673485e-08,0.003885999016816759,0.00019215612906555845,0,5.175345643289221e-08,0.006304942564698269,0.0003137888687499312,0,11.323574000271037,6.558714566979761e-07,1.5038656443087183e-06,1.1904386612696365e-05,2.386327552340948e-05,
subject_00530_healthy,subject_00530,subject_00530,subject_00530_healthy.npz,0,complete,3.0,6.0,1.0,11.0,-1.0,-1.0,-1.0,-1.0,0.0,0.0,0.0,0.0,2000000,none,pmcx,136363257,2.0864315333976272e-08,0.004174497440223444,0.00021051813685329295,0,8.6023688389811e-09,0.006281770167253929,0.0003108818298705947,0,11.791552500333637,1.0190885083740956e-06,1.1733805291451127e-06,3.0733294964451104e-05,1.8528026569575827e-05,
subject_00530_hemorrhage,subject_00530,subject_00530,subject_00530_hemorrhage.npz,1,complete,3.0,6.0,1.0,11.0,40.0,40.0,16.0,15.0,5.0,6.0,4.0,491.0,2000000,none,pmcx,136363257,7.259393944541597e-09,0.00417200939042496,0.00021043518944574463,0,7.153413645486363e-09,0.0062973763966906425,0.00031086132312044837,0,11.779184099985287,1.0190885083740956e-06,1.1733805291451127e-06,3.0733294964451104e-05,1.8528026569575827e-05,
subject_00531_healthy,subject_00531,subject_00531,subject_00531_healthy.npz,0,complete,3.0,5.0,2.0,11.0,-1.0,-1.0,-1.0,-1.0,0.0,0.0,0.0,0.0,2000000,none,pmcx,503162383,4.714295854262197e-08,0.003929823760235453,0.00019602847751331735,0,9.282561988879757e-08,0.006059943212363965,0.00029708955060398087,0,10.965365499956533,9.54075726679306e-07,1.3937920911680296e-06,1.9397110454867465e-05,1.4348611054790933e-05,
subject_00531_hemorrhage,subject_00531,subject_00531,subject_00531_hemorrhage.npz,1,complete,3.0,5.0,2.0,11.0,44.0,35.0,19.0,18.0,7.0,7.0,4.0,805.0,2000000,none,pmcx,503162383,2.2700540631603056e-08,0.003949220870690321,0.00019619526277212852,0,9.79090373252654e-08,0.006057807972399981,0.00029699983651412494,0,10.983863999834284,9.54075726679306e-07,1.3937920911680296e-06,1.9397110454867465e-05,1.4348611054790933e-05,
subject_00532_healthy,subject_00532,subject_00532,subject_00532_healthy.npz,0,complete,2.0,7.0,1.0,11.0,-1.0,-1.0,-1.0,-1.0,0.0,0.0,0.0,0.0,2000000,none,pmcx,1040318467,9.769263245006663e-10,0.004044626067177738,0.00019725888041825413,0,1.3980414035957402e-08,0.006434625335333466,0.0003159375472351171,0,12.141863600350916,9.968234726521298e-07,1.575063174971891e-06,1.9817272038681177e-05,2.149672885733817e-05,
subject_00532_hemorrhage,subject_00532,subject_00532,subject_00532_hemorrhage.npz,1,complete,2.0,7.0,1.0,11.0,42.0,35.0,16.0,15.0,7.0,7.0,4.0,805.0,2000000,none,pmcx,1040318467,1.1681115013817246e-09,0.0040315344596747625,0.0001969434053094616,0,1.3954011397761822e-08,0.00643396313734248,0.00031568962137515084,0,12.154061800567433,9.968234726521298e-07,1.575063174971891e-06,1.9817272038681177e-05,2.149672885733817e-05,
subject_00533_healthy,subject_00533,subject_00533,subject_00533_healthy.npz,0,complete,2.0,5.0,1.0,9.0,-1.0,-1.0,-1.0,-1.0,0.0,0.0,0.0,0.0,2000000,none,pmcx,1841350092,8.560986865630689e-11,0.004157170302810637,0.0002039389697922546,0,4.5515098234078454e-08,0.006151067758216834,0.0002970071062883791,0,11.58779890020378,8.41616699877298e-07,1.3122574754324973e-06,1.5772027480223877e-05,2.236934092499001e-05,
subject_00533_hemorrhage,subject_00533,subject_00533,subject_00533_hemorrhage.npz,1,complete,2.0,5.0,1.0,9.0,34.0,45.0,17.0,16.0,5.0,5.0,5.0,515.0,2000000,none,pmcx,1841350092,2.8480849300391953e-09,0.0041482255605833395,0.0002039917262851432,0,1.8790249125145477e-08,0.006154358441933258,0.0002971141134418066,0,11.711788899730891,8.41616699877298e-07,1.3122574754324973e-06,1.5772027480223877e-05,2.236934092499001e-05,
subject_00534_healthy,subject_00534,subject_00534,subject_00534_healthy.npz,0,complete,3.0,5.0,1.0,10.0,-1.0,-1.0,-1.0,-1.0,0.0,0.0,0.0,0.0,2000000,none,pmcx,2157525961,3.0108090310356424e-09,0.00390867784362395,0.00019124202670997554,0,4.5910072616897896e-08,0.006026542407459824,0.00029368452807325174,0,11.92782730027102,8.360660752312269e-07,1.43166922886314e-06,2.4902506765906297e-05,2.6012944554125624e-05,
subject_00534_hemorrhage,subject_00534,subject_00534,subject_00534_hemorrhage.npz,1,complete,3.0,5.0,1.0,10.0,28.0,34.0,18.0,17.0,5.0,6.0,4.0,491.0,2000000,none,pmcx,2157525961,4.077481560321671e-10,0.003919494640595534,0.00019143703049235309,0,5.1999291922686805e-08,0.006011295445121898,0.00029335933130005486,0,11.930315199773759,8.360660752312269e-07,1.43166922886314e-06,2.4902506765906297e-05,2.6012944554125624e-05,
subject_00535_healthy,subject_00535,subject_00535,subject_00535_healthy.npz,0,complete,3.0,6.0,2.0,12.0,-1.0,-1.0,-1.0,-1.0,0.0,0.0,0.0,0.0,2000000,none,pmcx,1206637651,9.563996654524036e-09,0.003996321879039855,0.00019727698339524005,0,1.5802498767861134e-07,0.00606699918467109,0.0003009628421134451,0,10.89155129995197,1.4768459973936472e-06,1.4474189394646106e-06,4.471298596933583e-05,3.869676004224828e-05,
subject_00535_hemorrhage,subject_00535,subject_00535,subject_00535_hemorrhage.npz,1,complete,3.0,6.0,2.0,12.0,35.0,39.0,19.0,18.0,7.0,7.0,5.0,1023.0,2000000,none,pmcx,1206637651,1.209223513583431e-08,0.004012730053859058,0.00019726425771149939,0,1.7808928187060557e-07,0.0060652471076371684,0.0003006161849413648,0,10.926241499837488,1.4768459973936472e-06,1.4474189394646106e-06,4.471298596933583e-05,3.869676004224828e-05,
subject_00536_healthy,subject_00536,subject_00536,subject_00536_healthy.npz,0,complete,2.0,6.0,2.0,11.0,-1.0,-1.0,-1.0,-1.0,0.0,0.0,0.0,0.0,2000000,none,pmcx,1972423331,2.98947091111467e-08,0.004081175877000025,0.0001974658875039197,0,3.471660237471018e-07,0.006411576585406682,0.00031983073197884516,0,11.630002700258046,1.129484280059986e-06,1.2955830537160094e-06,5.079083635573054e-05,2.090328017068186e-05,
subject_00536_hemorrhage,subject_00536,subject_00536,subject_00536_hemorrhage.npz,1,complete,2.0,6.0,2.0,11.0,37.0,41.0,18.0,17.0,7.0,7.0,4.0,805.0,2000000,none,pmcx,1972423331,3.089156738206939e-08,0.004030385040644294,0.00019745978446065283,0,3.402427567758604e-07,0.006406931205297941,0.00031940493972963495,0,11.567242700606585,1.129484280059986e-06,1.2955830537160094e-06,5.079083635573054e-05,2.090328017068186e-05,
subject_00537_healthy,subject_00537,subject_00537,subject_00537_healthy.npz,0,complete,3.0,5.0,1.0,10.0,-1.0,-1.0,-1.0,-1.0,0.0,0.0,0.0,0.0,2000000,none,pmcx,2709383385,1.2237320760103617e-09,0.003987118574094047,0.00019674912874961185,0,7.102815558655165e-08,0.005910637967993473,0.00029104540107817987,0,11.786174500593916,1.1625528251108802e-06,2.1503062473896155e-06,1.8534649333912332e-05,4.1523886395051016e-05,
subject_00537_hemorrhage,subject_00537,subject_00537,subject_00537_hemorrhage.npz,1,complete,3.0,5.0,1.0,10.0,33.0,33.0,16.0,15.0,7.0,7.0,4.0,805.0,2000000,none,pmcx,2709383385,1.2324622052264257e-09,0.003979402318843619,0.00019682892628303863,0,5.405238622468122e-08,0.005883577927562462,0.0002907747431326038,0,11.853101700078696,1.1625528251108802e-06,2.1503062473896155e-06,1.8534649333912332e-05,4.1523886395051016e-05,
subject_00538_healthy,subject_00538,subject_00538,subject_00538_healthy.npz,0,complete,2.0,6.0,1.0,10.0,-1.0,-1.0,-1.0,-1.0,0.0,0.0,0.0,0.0,2000000,none,pmcx,1470445651,6.068637833796297e-10,0.0041929130346701595,0.00020523472664886922,0,3.964431533413682e-08,0.006370574820004693,0.00030428308111781974,0,12.067413199925795,8.829421921125957e-07,1.1735550602839544e-06,3.254786408828786e-05,1.8326338111563853e-05,
subject_00538_hemorrhage,subject_00538,subject_00538,subject_00538_hemorrhage.npz,1,complete,2.0,6.0,1.0,10.0,32.0,43.0,18.0,17.0,5.0,5.0,5.0,515.0,2000000,none,pmcx,1470445651,5.392279018194142e-10,0.004160365170581872,0.00020515503935011594,0,3.812514513547186e-08,0.006352248481893129,0.0003043814282398812,0,12.069426899775863,8.829421921125957e-07,1.1735550602839544e-06,3.254786408828786e-05,1.8326338111563853e-05,
subject_00539_healthy,subject_00539,subject_00539,subject_00539_healthy.npz,0,complete,2.0,6.0,2.0,11.0,-1.0,-1.0,-1.0,-1.0,0.0,0.0,0.0,0.0,2000000,none,pmcx,2257609865,3.535504271537114e-08,0.0039872131683296565,0.00019437691984625582,0,2.753310752294405e-07,0.006344757725677725,0.00031046288622043597,0,11.254267299780622,1.1064308138845237e-06,1.275108461425609e-06,4.358073027099134e-05,4.4728989707826065e-05,
subject_00539_hemorrhage,subject_00539,subject_00539,subject_00539_hemorrhage.npz,1,complete,2.0,6.0,2.0,11.0,49.0,55.0,19.0,18.0,7.0,7.0,4.0,805.0,2000000,none,pmcx,2257609865,4.197220464577838e-08,0.003989065106849317,0.00019489320621696244,0,2.599381856369716e-07,0.006345148127631687,0.00031002199385278507,0,11.238221199717373,1.1064308138845237e-06,1.275108461425609e-06,4.358073027099134e-05,4.4728989707826065e-05,
subject_00540_healthy,subject_00540,subject_00540,subject_00540_healthy.npz,0,complete,3.0,5.0,1.0,10.0,-1.0,-1.0,-1.0,-1.0,0.0,0.0,0.0,0.0,2000000,none,pmcx,588595030,1.4651889809042018e-08,0.003884667367671168,0.00018937404655616557,0,4.433323540288762e-08,0.0062728457722438695,0.0003067038830923428,0,12.085362300043926,7.952397503396288e-07,1.2185977989884349e-06,1.1884686256212213e-05,2.096578871609066e-05,
subject_00540_hemorrhage,subject_00540,subject_00540,subject_00540_hemorrhage.npz,1,complete,3.0,5.0,1.0,10.0,31.0,27.0,21.0,20.0,6.0,7.0,5.0,877.0,2000000,none,pmcx,588595030,1.0383608646186695e-08,0.00389655205392738,0.00018917343921171273,0,4.325929360861385e-08,0.006280526387102825,0.0003068301781483603,0,12.09417329984717,7.952397503396288e-07,1.2185977989884349e-06,1.1884686256212213e-05,2.096578871609066e-05,
subject_00541_healthy,subject_00541,subject_00541,subject_00541_healthy.npz,0,complete,2.0,7.0,1.0,11.0,-1.0,-1.0,-1.0,-1.0,0.0,0.0,0.0,0.0,2000000,none,pmcx,204334748,4.587504020415418e-09,0.004250413519475379,0.00021017967818079771,0,6.976791256026035e-08,0.006295116892571456,0.00030435227643284615,0,11.947820799658075,8.445197444615912e-07,1.059746220363059e-06,2.504384205736284e-05,1.6334343093438e-05,
subject_00541_hemorrhage,subject_00541,subject_00541,subject_00541_hemorrhage.npz,1,complete,2.0,7.0,1.0,11.0,47.0,40.0,20.0,19.0,5.0,7.0,5.0,711.0,2000000,none,pmcx,204334748,2.4380280751037718e-09,0.004270270018286794,0.00021050300292725578,0,6.97718906012694e-08,0.006303814042758636,0.00030454394867740134,0,11.930966399377212,8.445197444615912e-07,1.059746220363059e-06,2.504384205736284e-05,1.6334343093438e-05,
subject_00542_healthy,subject_00542,subject_00542,subject_00542_healthy.npz,0,complete,2.0,6.0,1.0,10.0,-1.0,-1.0,-1.0,-1.0,0.0,0.0,0.0,0.0,2000000,none,pmcx,299896952,6.57386318467961e-09,0.004251432745002812,0.00020893252342622166,0,5.857103585999217e-08,0.006389749161635026,0.000310662367369225,0,11.974216299830005,7.974989538832959e-07,1.311784028694816e-06,1.2510608353290785e-05,2.070541559674277e-05,
subject_00542_hemorrhage,subject_00542,subject_00542,subject_00542_hemorrhage.npz,1,complete,2.0,6.0,1.0,10.0,31.0,50.0,21.0,20.0,7.0,6.0,4.0,671.0,2000000,none,pmcx,299896952,5.664875600465404e-09,0.004252799013738268,0.00020885725961445722,0,7.542525328292888e-09,0.006402180075044681,0.0003109348312393967,0,12.112648100592196,7.974989538832959e-07,1.311784028694816e-06,1.2510608353290785e-05,2.070541559674277e-05,
subject_00543_healthy,subject_00543,subject_00543,subject_00543_healthy.npz,0,complete,2.0,5.0,2.0,10.0,-1.0,-1.0,-1.0,-1.0,0.0,0.0,0.0,0.0,2000000,none,pmcx,1231955525,5.0916411527991303e-08,0.003953822116142251,0.0001959031603906445,0,1.9756579232306448e-07,0.006406910805499279,0.0003123040915510481,0,11.239536199718714,9.498196373304243e-07,1.6702152022388438e-06,1.23950754105321e-05,2.0462575742991214e-05,
subject_00543_hemorrhage,subject_00543,subject_00543,subject_00543_hemorrhage.npz,1,complete,2.0,5.0,2.0,10.0,36.0,41.0,19.0,18.0,5.0,5.0,5.0,515.0,2000000,none,pmcx,1231955525,5.423528930108489e-08,0.003963888791531979,0.0001956316829687553,0,2.5302079115364377e-07,0.006413635342220901,0.0003123183127647977,0,11.253624800127,9.498196373304243e-07,1.6702152022388438e-06,1.23950754105321e-05,2.0462575742991214e-05,
subject_00544_healthy,subject_00544,subject_00544,subject_00544_healthy.npz,0,complete,3.0,6.0,1.0,11.0,-1.0,-1.0,-1.0,-1.0,0.0,0.0,0.0,0.0,2000000,none,pmcx,1189920235,1.5580248944496977e-10,0.004189736784376102,0.00020980570457924838,0,3.25633366134352e-08,0.0060133236266652085,0.00029515072952372164,0,11.990746600786224,8.511679690290536e-07,1.346161193105969e-06,1.7368314514491952e-05,2.2135353878109383e-05,
subject_00544_hemorrhage,subject_00544,subject_00544,subject_00544_hemorrhage.npz,1,complete,3.0,6.0,1.0,11.0,30.0,39.0,21.0,20.0,7.0,6.0,4.0,671.0,2000000,none,pmcx,1189920235,1.5470295667488973e-10,0.004202377636435847,0.0002100992072310316,0,3.2438159908780256e-08,0.0060294471840233324,0.0002956647190986875,0,12.01541839982383,8.511679690290536e-07,1.346161193105969e-06,1.7368314514491952e-05,2.2135353878109383e-05,
subject_00545_healthy,subject_00545,subject_00545,subject_00545_healthy.npz,0,complete,3.0,6.0,2.0,12.0,-1.0,-1.0,-1.0,-1.0,0.0,0.0,0.0,0.0,2000000,none,pmcx,1346914837,2.2414151048994718e-08,0.004004194529953289,0.000195067724518423,0,2.5474610178325743e-08,0.006318593139946857,0.0003141908032142079,0,11.066110100597143,7.981685407403568e-07,1.2645002022935384e-06,3.8618626023222656e-05,2.2194729593805196e-05,
subject_00545_hemorrhage,subject_00545,subject_00545,subject_00545_hemorrhage.npz,1,complete,3.0,6.0,2.0,12.0,29.0,53.0,21.0,20.0,5.0,5.0,4.0,417.0,2000000,none,pmcx,1346914837,2.2412024383776133e-08,0.003965575903930066,0.00019492602397691935,0,2.490355968149528e-08,0.006332583421447124,0.00031449001775260164,0,11.06865440029651,7.981685407403568e-07,1.2645002022935384e-06,3.8618626023222656e-05,2.2194729593805196e-05,
subject_00546_healthy,subject_00546,subject_00546,subject_00546_healthy.npz,0,complete,3.0,6.0,2.0,12.0,-1.0,-1.0,-1.0,-1.0,0.0,0.0,0.0,0.0,2000000,none,pmcx,110292128,5.4009554563869425e-09,0.00399694464661945,0.00019651345319497576,0,8.34850454234695e-08,0.006158100641039548,0.0003050952511679184,0,11.465483900159597,1.4679044252238797e-06,1.3600491367299347e-06,2.596448264104937e-05,2.987476698973566e-05,
subject_00546_hemorrhage,subject_00546,subject_00546,subject_00546_hemorrhage.npz,1,complete,3.0,6.0,2.0,12.0,43.0,49.0,17.0,16.0,6.0,5.0,5.0,613.0,2000000,none,pmcx,110292128,5.192138800879706e-09,0.004021906634816468,0.0001969862249246449,0,4.427788304079404e-08,0.00613895726755555,0.00030462333442501347,0,11.499772900016978,1.4679044252238797e-06,1.3600491367299347e-06,2.596448264104937e-05,2.987476698973566e-05,
subject_00547_healthy,subject_00547,subject_00547,subject_00547_healthy.npz,0,complete,3.0,6.0,2.0,12.0,-1.0,-1.0,-1.0,-1.0,0.0,0.0,0.0,0.0,2000000,none,pmcx,2752450586,1.4006735547477493e-08,0.004027454192909433,0.00019732232173568686,0,4.792912301430104e-08,0.006103646735565553,0.00029786591148152846,0,11.28321440028958,6.018435509469412e-07,1.1185083789316042e-06,1.106135119454104e-05,2.152209493132425e-05,
subject_00547_hemorrhage,subject_00547,subject_00547,subject_00547_hemorrhage.npz,1,complete,3.0,6.0,2.0,12.0,45.0,28.0,20.0,19.0,5.0,5.0,5.0,515.0,2000000,none,pmcx,2752450586,2.075035077202598e-08,0.004021036919783042,0.00019732593623925283,0,2.9418128470506328e-08,0.006104010491971182,0.0002979376184323654,0,11.248103300109506,6.018435509469412e-07,1.1185083789316042e-06,1.106135119454104e-05,2.152209493132425e-05,
subject_00548_healthy,subject_00548,subject_00548,subject_00548_healthy.npz,0,complete,3.0,7.0,2.0,13.0,-1.0,-1.0,-1.0,-1.0,0.0,0.0,0.0,0.0,2000000,none,pmcx,257400105,1.5834305953385818e-08,0.003949150782320662,0.0001915597470965973,0,4.586650226721042e-08,0.006034961555115802,0.0002943829577166184,0,11.17954279948026,8.662223669646628e-07,1.3035192747407796e-06,3.964976607588426e-05,2.216713824114685e-05,
subject_00548_hemorrhage,subject_00548,subject_00548,subject_00548_hemorrhage.npz,1,complete,3.0,7.0,2.0,13.0,35.0,54.0,21.0,20.0,5.0,7.0,5.0,711.0,2000000,none,pmcx,257400105,2.3126099960719873e-08,0.003950259278921698,0.00019187205828614655,0,9.7303696737393e-08,0.006012794416874656,0.000294271764466929,0,11.208607099484652,8.662223669646628e-07,1.3035192747407796e-06,3.964976607588426e-05,2.216713824114685e-05,
subject_00549_healthy,subject_00549,subject_00549,subject_00549_healthy.npz,0,complete,2.0,6.0,1.0,10.0,-1.0,-1.0,-1.0,-1.0,0.0,0.0,0.0,0.0,2000000,none,pmcx,3021006282,4.382847201656292e-09,0.00418513844793908,0.00020938634641921378,0,2.8663128028592935e-08,0.006339375188516976,0.0003097554384573118,0,11.650767999468371,8.070183949739423e-07,1.376788077327343e-06,1.5609706938294124e-05,1.910968362655186e-05,
subject_00549_hemorrhage,subject_00549,subject_00549,subject_00549_hemorrhage.npz,1,complete,2.0,6.0,1.0,10.0,37.0,46.0,17.0,16.0,5.0,6.0,5.0,613.0,2000000,none,pmcx,3021006282,3.7245984112666533e-09,0.004193649779974539,0.00020940679732325905,0,4.347300949552439e-08,0.006330067376477091,0.00030978790945251846,0,11.690980200655758,8.070183949739423e-07,1.376788077327343e-06,1.5609706938294124e-05,1.910968362655186e-05,
subject_00550_healthy,subject_00550,subject_00550,subject_00550_healthy.npz,0,complete,3.0,6.0,1.0,11.0,-1.0,-1.0,-1.0,-1.0,0.0,0.0,0.0,0.0,2000000,none,pmcx,3862525200,3.149485410405303e-09,0.0041046403695731695,0.00020420986686579126,0,5.011626436120022e-08,0.006267215975586937,0.0003120579263240523,0,11.498887200374156,8.643425845392286e-07,1.4395707263480035e-06,2.356436403117522e-05,3.539559291734426e-05,
subject_00550_hemorrhage,subject_00550,subject_00550,subject_00550_hemorrhage.npz,1,complete,3.0,6.0,1.0,11.0,41.0,23.0,20.0,19.0,5.0,5.0,4.0,417.0,2000000,none,pmcx,3862525200,3.2645213017201723e-09,0.0041100645253732354,0.00020428635358976812,0,3.620317436537269e-08,0.0063026115685042815,0.00031250364566589174,0,11.459863800322637,8.643425845392286e-07,1.4395707263480035e-06,2.356436403117522e-05,3.539559291734426e-05,
subject_00551_healthy,subject_00551,subject_00551,subject_00551_healthy.npz,0,complete,2.0,7.0,1.0,11.0,-1.0,-1.0,-1.0,-1.0,0.0,0.0,0.0,0.0,2000000,none,pmcx,3294105589,3.992647683580488e-09,0.004220211387371547,0.00020768693915639897,0,6.140918175808804e-08,0.006461835211078967,0.0003173882578071379,0,11.962077700300142,8.435610658041665e-07,1.5375447039367398e-06,2.2141517400240968e-05,4.1666634163027745e-05,
subject_00551_hemorrhage,subject_00551,subject_00551,subject_00551_hemorrhage.npz,1,complete,2.0,7.0,1.0,11.0,30.0,55.0,19.0,18.0,6.0,6.0,5.0,739.0,2000000,none,pmcx,3294105589,1.2876155508856701e-09,0.0042030812163265895,0.00020789373155408877,0,4.111249125896713e-08,0.006420168576915939,0.0003174456645607591,0,11.987579999724403,8.435610658041665e-07,1.5375447039367398e-06,2.2141517400240968e-05,4.1666634163027745e-05,
subject_00552_healthy,subject_00552,subject_00552,subject_00552_healthy.npz,0,complete,2.0,6.0,1.0,10.0,-1.0,-1.0,-1.0,-1.0,0.0,0.0,0.0,0.0,2000000,none,pmcx,1733259098,1.1602543380892772e-09,0.004067217548074219,0.00019733865811615416,0,2.2047746604375595e-08,0.00643076578125648,0.0003154513278540727,0,11.938799700466916,7.083349010164608e-07,1.4840729172143904e-06,1.3064469901700581e-05,5.984406013075268e-05,
subject_00552_hemorrhage,subject_00552,subject_00552,subject_00552_hemorrhage.npz,1,complete,2.0,6.0,1.0,10.0,44.0,50.0,17.0,16.0,7.0,7.0,4.0,805.0,2000000,none,pmcx,1733259098,2.4413966358974755e-09,0.0040689235348491315,0.00019749154204105573,0,1.4932498436678536e-08,0.006425057278996968,0.00031453427784384997,0,11.871510800905526,7.083349010164608e-07,1.4840729172143904e-06,1.3064469901700581e-05,5.984406013075268e-05,
subject_00553_healthy,subject_00553,subject_00553,subject_00553_healthy.npz,0,complete,3.0,6.0,2.0,12.0,-1.0,-1.0,-1.0,-1.0,0.0,0.0,0.0,0.0,2000000,none,pmcx,4203075935,1.1816856051505661e-08,0.004115306545055137,0.0002038564886523808,0,1.2760960934275966e-07,0.006210558852257635,0.0003064551630642622,0,10.9121989000123,1.1570370523872961e-06,2.0051891843080206e-06,2.6691679104944716e-05,3.7254053522338924e-05,
subject_00553_hemorrhage,subject_00553,subject_00553,subject_00553_hemorrhage.npz,1,complete,3.0,6.0,2.0,12.0,37.0,54.0,18.0,17.0,7.0,7.0,5.0,1023.0,2000000,none,pmcx,4203075935,1.1173304188502601e-08,0.004122633308371725,0.00020375442879045423,0,1.397664846867593e-07,0.0062221503613362214,0.0003066113611377983,0,10.900122500257567,1.1570370523872961e-06,2.0051891843080206e-06,2.6691679104944716e-05,3.7254053522338924e-05,
subject_00554_healthy,subject_00554,subject_00554,subject_00554_healthy.npz,0,complete,3.0,5.0,1.0,10.0,-1.0,-1.0,-1.0,-1.0,0.0,0.0,0.0,0.0,2000000,none,pmcx,3240843687,5.16930616643509e-09,0.0039163950223140365,0.00019207229303336038,0,2.357935283698918e-08,0.0061604184042335945,0.0002968506476427173,0,11.894911900628358,8.491126312487868e-07,1.190259492155673e-06,1.4155244374400126e-05,1.7514089483141974e-05,
subject_00554_hemorrhage,subject_00554,subject_00554,subject_00554_hemorrhage.npz,1,complete,3.0,5.0,1.0,10.0,35.0,54.0,17.0,16.0,5.0,5.0,5.0,515.0,2000000,none,pmcx,3240843687,5.169312454415733e-09,0.003930550266688437,0.00019256190638322154,0,2.8091353541052837e-08,0.006146881517272492,0.00029681621091839233,0,11.963291099760681,8.491126312487868e-07,1.190259492155673e-06,1.4155244374400126e-05,1.7514089483141974e-05,
subject_00555_healthy,subject_00555,subject_00555,subject_00555_healthy.npz,0,complete,3.0,7.0,1.0,12.0,-1.0,-1.0,-1.0,-1.0,0.0,0.0,0.0,0.0,2000000,none,pmcx,2121896145,9.211276127441866e-10,0.004116473708719336,0.00020551593132472776,0,1.6016499724913487e-08,0.006347408005070586,0.000322470414083446,0,11.858322500716895,5.456170313050051e-07,1.0528388818134873e-06,1.4586909732075722e-05,1.756899569662837e-05,
subject_00555_hemorrhage,subject_00555,subject_00555,subject_00555_hemorrhage.npz,1,complete,3.0,7.0,1.0,12.0,52.0,37.0,17.0,16.0,5.0,6.0,4.0,491.0,2000000,none,pmcx,2121896145,2.039802168804586e-09,0.004117454939629173,0.00020553126186293824,0,1.8988660066503915e-08,0.006359301366852902,0.00032258547952159855,0,11.80362829985097,5.456170313050051e-07,1.0528388818134873e-06,1.4586909732075722e-05,1.756899569662837e-05,
subject_00556_healthy,subject_00556,subject_00556,subject_00556_healthy.npz,0,complete,2.0,5.0,2.0,10.0,-1.0,-1.0,-1.0,-1.0,0.0,0.0,0.0,0.0,2000000,none,pmcx,894808592,5.0810440166075266e-08,0.0041648282011679605,0.00020734130732116558,0,3.113778603380413e-07,0.006183230409173817,0.0003008917743261855,0,10.92668499960564,6.108552569932494e-07,1.4125082548233411e-06,1.6761726100910854e-05,3.179688300542199e-05,
subject_00556_hemorrhage,subject_00556,subject_00556,subject_00556_hemorrhage.npz,1,complete,2.0,5.0,2.0,10.0,43.0,27.0,19.0,18.0,6.0,5.0,5.0,613.0,2000000,none,pmcx,894808592,3.052473846183179e-08,0.004169966224911139,0.000207089382685236,0,2.751699814587915e-07,0.006173643093723083,0.0003006777607926493,0,10.911636400502175,6.108552569932494e-07,1.4125082548233411e-06,1.6761726100910854e-05,3.179688300542199e-05,
subject_00557_healthy,subject_00557,subject_00557,subject_00557_healthy.npz,0,complete,3.0,6.0,2.0,12.0,-1.0,-1.0,-1.0,-1.0,0.0,0.0,0.0,0.0,2000000,none,pmcx,1142199062,1.617445425322202e-08,0.003992973031373892,0.0001941772885435407,0,4.942036375314275e-08,0.0060072535604061275,0.00029526495932431166,0,11.020581699674949,7.533270175102911e-07,1.2052473510493105e-06,1.6999921944767238e-05,2.835897985577554e-05,
subject_00557_hemorrhage,subject_00557,subject_00557,subject_00557_hemorrhage.npz,1,complete,3.0,6.0,2.0,12.0,47.0,30.0,21.0,20.0,5.0,7.0,4.0,577.0,2000000,none,pmcx,1142199062,2.8793773798208436e-08,0.0039835788580948744,0.0001941788744285134,0,4.942509290197395e-08,0.006015092741476634,0.00029559866920756653,0,11.073901199735701,7.533270175102911e-07,1.2052473510493105e-06,1.6999921944767238e-05,2.835897985577554e-05,
subject_00558_healthy,subject_00558,subject_00558,subject_00558_healthy.npz,0,complete,3.0,6.0,2.0,12.0,-1.0,-1.0,-1.0,-1.0,0.0,0.0,0.0,0.0,2000000,none,pmcx,2688076985,2.166005967981172e-08,0.0039014139975280535,0.00019097886743042237,0,9.02139031127997e-08,0.006038631930103015,0.00029557954331879785,0,11.237234799889848,8.833381083337602e-07,1.4027900407983334e-06,1.3144444672476448e-05,2.468057341430737e-05,
subject_00558_hemorrhage,subject_00558,subject_00558,subject_00558_hemorrhage.npz,1,complete,3.0,6.0,2.0,12.0,38.0,35.0,21.0,20.0,7.0,5.0,4.0,577.0,2000000,none,pmcx,2688076985,1.4483358147395478e-08,0.003888269552855577,0.00019078764331888177,0,5.4438707221247955e-08,0.0060510913342956656,0.00029587014890594123,0,11.284662100020796,8.833381083337602e-07,1.4027900407983334e-06,1.3144444672476448e-05,2.468057341430737e-05,
subject_00559_healthy,subject_00559,subject_00559,subject_00559_healthy.npz,0,complete,2.0,6.0,1.0,10.0,-1.0,-1.0,-1.0,-1.0,0.0,0.0,0.0,0.0,2000000,none,pmcx,3626646598,1.2431016362892616e-09,0.004134964219571765,0.00019886283343573135,0,2.067797474290005e-08,0.006312626365354331,0.0003008269684974231,0,11.81005849968642,6.05309661851085e-07,1.2071468455869653e-06,2.0317404086242496e-05,2.9703297180128443e-05,
subject_00559_hemorrhage,subject_00559,subject_00559,subject_00559_hemorrhage.npz,1,complete,2.0,6.0,1.0,10.0,40.0,26.0,20.0,19.0,5.0,5.0,4.0,417.0,2000000,none,pmcx,3626646598,1.3511031102525482e-09,0.004140164375445862,0.00019887937455175152,0,1.1473050409555704e-08,0.0063423296625344594,0.0003005808929032799,0,11.83059489983134,6.05309661851085e-07,1.2071468455869653e-06,2.0317404086242496e-05,2.9703297180128443e-05,
subject_00560_healthy,subject_00560,subject_00560,subject_00560_healthy.npz,0,complete,3.0,6.0,1.0,11.0,-1.0,-1.0,-1.0,-1.0,0.0,0.0,0.0,0.0,2000000,none,pmcx,699032905,1.885506149844829e-09,0.004095770063563605,0.0002059674374275054,0,4.8488783955607985e-08,0.006021645262551027,0.00029869818774200485,0,11.45488529955037,1.0509186372109022e-06,1.5152947810967864e-06,2.9194163477104865e-05,3.2062194814189756e-05,
subject_00560_hemorrhage,subject_00560,subject_00560,subject_00560_hemorrhage.npz,1,complete,3.0,6.0,1.0,11.0,35.0,28.0,21.0,20.0,6.0,7.0,5.0,877.0,2000000,none,pmcx,699032905,3.092625059921589e-09,0.00412496422704071,0.00020621499451406905,0,4.598012329814938e-08,0.006033843087206969,0.00029889007479129686,0,11.539814799791202,1.0509186372109022e-06,1.5152947810967864e-06,2.9194163477104865e-05,3.2062194814189756e-05,
subject_00561_healthy,subject_00561,subject_00561,subject_00561_healthy.npz,0,complete,3.0,6.0,2.0,12.0,-1.0,-1.0,-1.0,-1.0,0.0,0.0,0.0,0.0,2000000,none,pmcx,2984942505,1.3726416321155262e-08,0.003827109183242092,0.0001861777645564227,0,1.5826373496455015e-07,0.006115328484744083,0.0003023982210777022,0,11.01584509992972,1.0671174509468652e-06,1.7211676754997972e-06,2.4437597329467122e-05,2.5573463734569063e-05,
subject_00561_hemorrhage,subject_00561,subject_00561,subject_00561_hemorrhage.npz,1,complete,3.0,6.0,2.0,12.0,36.0,30.0,16.0,15.0,6.0,7.0,4.0,671.0,2000000,none,pmcx,2984942505,1.3728828626102781e-08,0.0038324723441711507,0.00018607241013656709,0,3.187243711062682e-07,0.006140901948478652,0.00030234656733722353,0,10.990405299933627,1.0671174509468652e-06,1.7211676754997972e-06,2.4437597329467122e-05,2.5573463734569063e-05,
subject_00562_healthy,subject_00562,subject_00562,subject_00562_healthy.npz,0,complete,2.0,5.0,1.0,9.0,-1.0,-1.0,-1.0,-1.0,0.0,0.0,0.0,0.0,2000000,none,pmcx,2787893595,1.4377378771172378e-09,0.004149552006947767,0.0001998095814967062,0,1.702319274127209e-08,0.006002879682896178,0.0002882835806745888,0,11.729444100055844,8.480052901115246e-07,1.589396811963098e-06,1.817626157813671e-05,3.912195245435717e-05,
subject_00562_hemorrhage,subject_00562,subject_00562,subject_00562_hemorrhage.npz,1,complete,2.0,5.0,1.0,9.0,49.0,41.0,14.0,13.0,5.0,7.0,5.0,711.0,2000000,none,pmcx,2787893595,9.589298565885683e-10,0.00413137574536963,0.0001997445356858925,0,7.052410293194125e-08,0.006042001635350535,0.0002886556886849156,0,11.678790400037542,8.480052901115246e-07,1.589396811963098e-06,1.817626157813671e-05,3.912195245435717e-05,
subject_00563_healthy,subject_00563,subject_00563,subject_00563_healthy.npz,0,complete,2.0,5.0,1.0,9.0,-1.0,-1.0,-1.0,-1.0,0.0,0.0,0.0,0.0,2000000,none,pmcx,3151262573,1.1536444846049706e-09,0.004097564902348075,0.0001969003671570038,0,5.6299708387948304e-08,0.006238479890839337,0.00030264775612555666,0,12.31771139986813,1.3737959207592358e-06,1.777131665468336e-06,2.9856658827352896e-05,3.5043510157099084e-05,
subject_00563_hemorrhage,subject_00563,subject_00563,subject_00563_hemorrhage.npz,1,complete,2.0,5.0,1.0,9.0,29.0,46.0,13.0,12.0,5.0,7.0,4.0,577.0,2000000,none,pmcx,3151262573,1.1752291001217333e-09,0.004067708243520722,0.00019667057767213493,0,5.295092772350618e-08,0.006273523400996436,0.0003025653992976105,0,12.35684059979394,1.3737959207592358e-06,1.777131665468336e-06,2.9856658827352896e-05,3.5043510157099084e-05,
subject_00564_healthy,subject_00564,subject_00564,subject_00564_healthy.npz,0,complete,2.0,6.0,2.0,11.0,-1.0,-1.0,-1.0,-1.0,0.0,0.0,0.0,0.0,2000000,none,pmcx,1062705489,3.086665084586087e-08,0.003964606869820015,0.00019657872217041772,0,1.568394943596425e-07,0.006495454570125199,0.00031866852849128137,0,11.548288200050592,1.003710417142782e-06,1.3998231097205646e-06,2.7190499034038772e-05,2.998656264526986e-05,
subject_00564_hemorrhage,subject_00564,subject_00564,subject_00564_hemorrhage.npz,1,complete,2.0,6.0,2.0,11.0,45.0,55.0,19.0,18.0,6.0,7.0,5.0,877.0,2000000,none,pmcx,1062705489,3.114099098027385e-08,0.0039648016770452,0.00019610424107538885,0,1.567684289994136e-07,0.006488521600884409,0.00031878062420489796,0,11.565200299490243,1.003710417142782e-06,1.3998231097205646e-06,2.7190499034038772e-05,2.998656264526986e-05,
subject_00565_healthy,subject_00565,subject_00565,subject_00565_healthy.npz,0,complete,3.0,7.0,2.0,13.0,-1.0,-1.0,-1.0,-1.0,0.0,0.0,0.0,0.0,2000000,none,pmcx,1776919688,2.103357656758838e-08,0.0040871055129963006,0.0002023786339403365,0,6.584810493733196e-08,0.006270099237118083,0.0003166808086739702,0,10.935987599892542,7.997245785332675e-07,1.5793165907320411e-06,2.3933278410943025e-05,3.642475319404117e-05,
subject_00565_hemorrhage,subject_00565,subject_00565,subject_00565_hemorrhage.npz,1,complete,3.0,7.0,2.0,13.0,37.0,26.0,19.0,18.0,6.0,5.0,4.0,491.0,2000000,none,pmcx,1776919688,5.031846562401813e-09,0.0040839042528315606,0.00020270706688584096,0,1.4943373155365723e-07,0.0063065239903121245,0.0003162378401663839,0,10.941940799821168,7.997245785332675e-07,1.5793165907320411e-06,2.3933278410943025e-05,3.642475319404117e-05,
subject_00566_healthy,subject_00566,subject_00566,subject_00566_healthy.npz,0,complete,3.0,6.0,1.0,11.0,-1.0,-1.0,-1.0,-1.0,0.0,0.0,0.0,0.0,2000000,none,pmcx,3179247325,3.5645424170844996e-10,0.00411513009593447,0.0002016921892352668,0,3.3386630190173985e-08,0.006186346918017148,0.00030573688623816725,0,11.405465500429273,8.853848261207148e-07,1.0472093791562201e-06,3.937442940693493e-05,1.532880987914747e-05,
subject_00566_hemorrhage,subject_00566,subject_00566,subject_00566_hemorrhage.npz,1,complete,3.0,6.0,1.0,11.0,47.0,28.0,20.0,19.0,6.0,5.0,4.0,491.0,2000000,none,pmcx,3179247325,8.94245474020325e-09,0.004140713310936494,0.00020157377750252512,0,3.3246996800569456e-08,0.0061975619161007325,0.0003060259410291019,0,11.405369199346751,8.853848261207148e-07,1.0472093791562201e-06,3.937442940693493e-05,1.532880987914747e-05,
subject_00567_healthy,subject_00567,subject_00567,subject_00567_healthy.npz,0,complete,2.0,7.0,1.0,11.0,-1.0,-1.0,-1.0,-1.0,0.0,0.0,0.0,0.0,2000000,none,pmcx,2823670630,2.4563009890048133e-10,0.004273806968236515,0.00020809187991759455,0,4.415260434754119e-08,0.006300021550392938,0.0003053680453762727,0,11.57156620034948,1.1075858971102203e-06,1.4002122880786598e-06,4.286668128065246e-05,3.169937728917695e-05,
subject_00567_hemorrhage,subject_00567,subject_00567,subject_00567_hemorrhage.npz,1,complete,2.0,7.0,1.0,11.0,44.0,47.0,19.0,18.0,7.0,6.0,4.0,671.0,2000000,none,pmcx,2823670630,2.2909533698663925e-10,0.004230940286955863,0.00020794763121902404,0,4.2716545753366563e-08,0.006268322173103761,0.0003052286276825974,0,11.564161999849603,1.1075858971102203e-06,1.4002122880786598e-06,4.286668128065246e-05,3.169937728917695e-05,
subject_00568_healthy,subject_00568,subject_00568,subject_00568_healthy.npz,0,complete,3.0,7.0,1.0,12.0,-1.0,-1.0,-1.0,-1.0,0.0,0.0,0.0,0.0,2000000,none,pmcx,2064559010,2.9782031156177677e-09,0.004096506470716783,0.00020707294181069599,0,1.733880180002006e-08,0.00623394037265178,0.0003091976976137976,0,11.99911949946545,1.0233885571151085e-06,1.710655080268e-06,3.372572929861029e-05,5.892573506656798e-05,
subject_00568_hemorrhage,subject_00568,subject_00568,subject_00568_hemorrhage.npz,1,complete,3.0,7.0,1.0,12.0,45.0,48.0,18.0,17.0,7.0,7.0,5.0,1023.0,2000000,none,pmcx,2064559010,2.940949634966573e-09,0.004127708339477704,0.00020743813720992425,0,1.706164366354723e-08,0.006292866107718348,0.00030963742768784426,0,12.082842600066215,1.0233885571151085e-06,1.710655080268e-06,3.372572929861029e-05,5.892573506656798e-05,
subject_00569_healthy,subject_00569,subject_00569,subject_00569_healthy.npz,0,complete,2.0,6.0,1.0,10.0,-1.0,-1.0,-1.0,-1.0,0.0,0.0,0.0,0.0,2000000,none,pmcx,3564399233,5.7563946226287735e-09,0.004162779687336828,0.0002039474209638634,0,3.42914379527736e-08,0.0063707993723981365,0.0003112108560895527,0,12.072107899468392,7.91299884470352e-07,1.4049217426385525e-06,1.7636101299249064e-05,2.4410610946587908e-05,
subject_00569_hemorrhage,subject_00569,subject_00569,subject_00569_hemorrhage.npz,1,complete,2.0,6.0,1.0,10.0,39.0,43.0,19.0,18.0,6.0,6.0,5.0,739.0,2000000,none,pmcx,3564399233,5.629670757467237e-09,0.00416689162681944,0.0002040351179122335,0,2.9321344249004147e-08,0.0063618956071083786,0.0003104656723915729,0,12.042978200130165,7.91299884470352e-07,1.4049217426385525e-06,1.7636101299249064e-05,2.4410610946587908e-05,
subject_00570_healthy,subject_00570,subject_00570,subject_00570_healthy.npz,0,complete,3.0,7.0,1.0,12.0,-1.0,-1.0,-1.0,-1.0,0.0,0.0,0.0,0.0,2000000,none,pmcx,2271698452,2.8361849092296e-10,0.0039174550219206825,0.00019278209617331642,0,4.457818871912328e-08,0.006182911863353038,0.00030597196256374165,0,11.749585399636999,1.040306686373469e-06,1.0474806396524306e-06,3.210452716258163e-05,2.5486146435376757e-05,
subject_00570_hemorrhage,subject_00570,subject_00570,subject_00570_hemorrhage.npz,1,complete,3.0,7.0,1.0,12.0,41.0,31.0,21.0,20.0,5.0,6.0,5.0,613.0,2000000,none,pmcx,2271698452,2.7892016923067177e-10,0.003949559549083264,0.00019321348810466744,0,4.457471589786837e-08,0.006177062338582171,0.00030599371409602467,0,11.74316899990663,1.040306686373469e-06,1.0474806396524306e-06,3.210452716258163e-05,2.5486146435376757e-05,
subject_00571_healthy,subject_00571,subject_00571,subject_00571_healthy.npz,0,complete,3.0,7.0,1.0,12.0,-1.0,-1.0,-1.0,-1.0,0.0,0.0,0.0,0.0,2000000,none,pmcx,851473077,3.7038987938017587e-10,0.004019635258999888,0.0001995839729034982,0,4.7454278478902034e-09,0.006335210300021769,0.0003143604457877225,0,11.534775400068611,1.0938079926239293e-06,1.224041922404706e-06,2.5199225908085912e-05,2.3186003589487124e-05,
subject_00571_hemorrhage,subject_00571,subject_00571,subject_00571_hemorrhage.npz,1,complete,3.0,7.0,1.0,12.0,32.0,31.0,18.0,17.0,7.0,6.0,5.0,877.0,2000000,none,pmcx,851473077,9.531868318090499e-11,0.004012058229633586,0.00019968194815836996,0,4.171794035360058e-09,0.006343986016722633,0.00031467367721305133,0,11.568777200067416,1.0938079926239293e-06,1.224041922404706e-06,2.5199225908085912e-05,2.3186003589487124e-05,
subject_00572_healthy,subject_00572,subject_00572,subject_00572_healthy.npz,0,complete,2.0,7.0,1.0,11.0,-1.0,-1.0,-1.0,-1.0,0.0,0.0,0.0,0.0,2000000,none,pmcx,192771759,9.723836923785036e-11,0.004316052175707577,0.00020980718112907775,0,1.4967543222460096e-08,0.006240693045824367,0.00030356490379492305,0,11.764548400882632,8.014303497670691e-07,8.819335413336547e-07,2.6497530573561107e-05,1.8179276705725285e-05,
subject_00572_hemorrhage,subject_00572,subject_00572,subject_00572_hemorrhage.npz,1,complete,2.0,7.0,1.0,11.0,44.0,57.0,19.0,18.0,5.0,5.0,4.0,417.0,2000000,none,pmcx,192771759,3.373237029058326e-11,0.004342549706281138,0.00020997632941842023,0,1.4969272264220034e-08,0.006242875882180861,0.00030366237546491763,0,11.75844829948619,8.014303497670691e-07,8.819335413336547e-07,2.6497530573561107e-05,1.8179276705725285e-05,
subject_00573_healthy,subject_00573,subject_00573,subject_00573_healthy.npz,0,complete,3.0,7.0,1.0,12.0,-1.0,-1.0,-1.0,-1.0,0.0,0.0,0.0,0.0,2000000,none,pmcx,2272119736,6.549322308964455e-11,0.00396704779930903,0.00019759352888094986,0,5.07615198022058e-08,0.006205872710321289,0.00031115392488373996,0,11.576002100249752,9.46775485784519e-07,1.4649733355173274e-06,1.527148734179135e-05,2.9634528466274818e-05,
subject_00573_hemorrhage,subject_00573,subject_00573,subject_00573_hemorrhage.npz,1,complete,3.0,7.0,1.0,12.0,31.0,46.0,17.0,16.0,5.0,5.0,5.0,515.0,2000000,none,pmcx,2272119736,2.382966490917495e-12,0.0039755347224748674,0.00019757669472831544,0,4.818890504142421e-08,0.006207566345840093,0.0003109006730045516,0,11.567587200086564,9.46775485784519e-07,1.4649733355173274e-06,1.527148734179135e-05,2.9634528466274818e-05,
subject_00574_healthy,subject_00574,subject_00574,subject_00574_healthy.npz,0,complete,2.0,5.0,2.0,10.0,-1.0,-1.0,-1.0,-1.0,0.0,0.0,0.0,0.0,2000000,none,pmcx,1090728929,3.657491393005022e-08,0.003937565244821806,0.0001928328056000155,0,3.005080181989761e-07,0.006202418668377886,0.00030282089945519953,0,11.272602399578318,1.1492565583354156e-06,1.413710962750837e-06,2.3819544780013645e-05,2.883608711647806e-05,
subject_00574_hemorrhage,subject_00574,subject_00574,subject_00574_hemorrhage.npz,1,complete,2.0,5.0,2.0,10.0,38.0,27.0,20.0,19.0,6.0,7.0,5.0,877.0,2000000,none,pmcx,1090728929,4.624931731180546e-08,0.003945292264432897,0.00019266067369424139,0,2.8612993171224846e-07,0.0061961924639721624,0.00030279369221015995,0,11.312755699735135,1.1492565583354156e-06,1.413710962750837e-06,2.3819544780013645e-05,2.883608711647806e-05,
subject_00575_healthy,subject_00575,subject_00575,subject_00575_healthy.npz,0,complete,3.0,5.0,2.0,11.0,-1.0,-1.0,-1.0,-1.0,0.0,0.0,0.0,0.0,2000000,none,pmcx,793903294,2.9798344650337686e-08,0.004000288315173289,0.00019829668724106607,0,1.437350539957681e-07,0.006122757701634199,0.0003016009632055015,0,11.286235199775547,9.175786826976677e-07,1.1133214151679064e-06,1.666949122309993e-05,1.797910031685942e-05,
subject_00575_hemorrhage,subject_00575,subject_00575,subject_00575_hemorrhage.npz,1,complete,3.0,5.0,2.0,11.0,31.0,28.0,21.0,20.0,7.0,6.0,5.0,877.0,2000000,none,pmcx,793903294,3.101128854827495e-08,0.00400062186748205,0.00019791960682009847,0,1.5725113086987288e-07,0.00610477860131734,0.0003016478474658187,0,11.289712200406939,9.175786826976677e-07,1.1133214151679064e-06,1.666949122309993e-05,1.797910031685942e-05,
subject_00576_healthy,subject_00576,subject_00576,subject_00576_healthy.npz,0,complete,3.0,6.0,2.0,12.0,-1.0,-1.0,-1.0,-1.0,0.0,0.0,0.0,0.0,2000000,none,pmcx,4229909331,2.7920132022201978e-08,0.004064268702272065,0.0002017101214311561,0,1.2393567095587927e-07,0.006107865180314785,0.0002969905967007973,0,10.918857300188392,9.536151137728998e-07,1.079038083370266e-06,2.642597068842293e-05,2.3209501003850115e-05,
subject_00576_hemorrhage,subject_00576,subject_00576,subject_00576_hemorrhage.npz,1,complete,3.0,6.0,2.0,12.0,49.0,41.0,21.0,20.0,7.0,6.0,4.0,671.0,2000000,none,pmcx,4229909331,2.8282511735734524e-08,0.004067883937049967,0.00020184908713687688,0,1.2394516686445714e-07,0.0061310746813186354,0.0002973621798935894,0,10.91267089988105,9.536151137728998e-07,1.079038083370266e-06,2.642597068842293e-05,2.3209501003850115e-05,
subject_00577_healthy,subject_00577,subject_00577,subject_00577_healthy.npz,0,complete,3.0,7.0,2.0,13.0,-1.0,-1.0,-1.0,-1.0,0.0,0.0,0.0,0.0,2000000,none,pmcx,105490299,1.0828319752020871e-08,0.003917658227844046,0.00019092900775542293,0,1.408565774185121e-07,0.006293152101620022,0.000315539723173658,0,11.099214099580422,7.144021907968167e-07,1.1941674855875711e-06,1.563393032707073e-05,2.7563713861603924e-05,
subject_00577_hemorrhage,subject_00577,subject_00577,subject_00577_hemorrhage.npz,1,complete,3.0,7.0,2.0,13.0,47.0,24.0,18.0,17.0,6.0,5.0,5.0,613.0,2000000,none,pmcx,105490299,1.4684983394602298e-08,0.003917687021590886,0.00019085399880329395,0,1.6721590984753645e-07,0.006293747420960625,0.0003159087355576705,0,11.156343299197033,7.144021907968167e-07,1.1941674855875711e-06,1.563393032707073e-05,2.7563713861603924e-05,
subject_00578_healthy,subject_00578,subject_00578,subject_00578_healthy.npz,0,complete,3.0,5.0,1.0,10.0,-1.0,-1.0,-1.0,-1.0,0.0,0.0,0.0,0.0,2000000,none,pmcx,1053529225,8.268969015071836e-10,0.003952014758932059,0.00019742861129586384,0,9.389829217015878e-09,0.00620441733174871,0.000300762307019792,0,12.177071699639782,1.3273697153059362e-06,1.5668624499121933e-06,2.6250419551328806e-05,4.251548659909513e-05,
subject_00578_hemorrhage,subject_00578,subject_00578,subject_00578_hemorrhage.npz,1,complete,3.0,5.0,1.0,10.0,41.0,48.0,17.0,16.0,5.0,7.0,5.0,711.0,2000000,none,pmcx,1053529225,8.292970216247644e-10,0.003959454255139486,0.00019713168821445636,0,8.724649376696209e-09,0.00620223833054201,0.0003002332366076069,0,12.21116489986889,1.3273697153059362e-06,1.5668624499121933e-06,2.6250419551328806e-05,4.251548659909513e-05,
subject_00579_healthy,subject_00579,subject_00579,subject_00579_healthy.npz,0,complete,2.0,6.0,2.0,11.0,-1.0,-1.0,-1.0,-1.0,0.0,0.0,0.0,0.0,2000000,none,pmcx,3572504130,1.5748112175393822e-09,0.004129477489258941,0.00020137046685921175,0,3.117149924939983e-07,0.006364943630890602,0.0003043295375172127,0,11.222552300198004,7.350807567316407e-07,1.2776182608683335e-06,1.940128695817559e-05,2.728658346996468e-05,
subject_00579_hemorrhage,subject_00579,subject_00579,subject_00579_hemorrhage.npz,1,complete,2.0,6.0,2.0,11.0,47.0,43.0,15.0,14.0,5.0,5.0,4.0,417.0,2000000,none,pmcx,3572504130,7.551227365910241e-09,0.00411927716539828,0.00020115345468846356,0,2.2958637768045631e-07,0.006370196624168953,0.0003044524466064618,0,11.191893899114802,7.350807567316407e-07,1.2776182608683335e-06,1.940128695817559e-05,2.728658346996468e-05,
subject_00580_healthy,subject_00580,subject_00580,subject_00580_healthy.npz,0,complete,2.0,5.0,2.0,10.0,-1.0,-1.0,-1.0,-1.0,0.0,0.0,0.0,0.0,2000000,none,pmcx,2766828061,7.514021058502943e-08,0.004309043973482115,0.00021120384762355905,0,2.81101561711454e-07,0.0060717936211713355,0.00029330551627676374,0,11.318897299235687,1.1529684536033907e-06,1.885711582995791e-06,2.894832579064012e-05,4.0904518371311614e-05,
subject_00580_hemorrhage,subject_00580,subject_00580,subject_00580_hemorrhage.npz,1,complete,2.0,5.0,2.0,10.0,29.0,24.0,18.0,17.0,5.0,5.0,5.0,515.0,2000000,none,pmcx,2766828061,7.508542498367445e-08,0.004298540043831939,0.00021122680036819147,0,3.169669752939195e-07,0.006080009903448237,0.00029368564750448424,0,11.292587999254465,1.1529684536033907e-06,1.885711582995791e-06,2.894832579064012e-05,4.0904518371311614e-05,
subject_00581_healthy,subject_00581,subject_00581,subject_00581_healthy.npz,0,complete,3.0,5.0,2.0,11.0,-1.0,-1.0,-1.0,-1.0,0.0,0.0,0.0,0.0,2000000,none,pmcx,3392118747,1.5551545051312154e-08,0.004193182815747537,0.00020747311397202145,0,2.8906996119905946e-07,0.006030378706960941,0.0003016384719896918,0,11.14820079994388,9.85547413405653e-07,1.3105277017225204e-06,2.283600190826113e-05,4.3496317679225446e-05,
subject_00581_hemorrhage,subject_00581,subject_00581,subject_00581_hemorrhage.npz,1,complete,3.0,5.0,2.0,11.0,33.0,24.0,18.0,17.0,6.0,5.0,5.0,613.0,2000000,none,pmcx,3392118747,4.73594862374614e-09,0.0041993263644446435,0.00020729261042995952,0,1.862418291553342e-07,0.0060297704190674295,0.00030209201677073433,0,11.194407100323588,9.85547413405653e-07,1.3105277017225204e-06,2.283600190826113e-05,4.3496317679225446e-05,
subject_00582_healthy,subject_00582,subject_00582,subject_00582_healthy.npz,0,complete,3.0,5.0,1.0,10.0,-1.0,-1.0,-1.0,-1.0,0.0,0.0,0.0,0.0,2000000,none,pmcx,1995511168,2.048724770218561e-09,0.004104481007029624,0.00020435449538240138,0,8.621096415022426e-08,0.006203097987131871,0.00030761297012173655,0,12.058805499691516,1.0218674379161945e-06,1.7762017377824385e-06,3.624631523249395e-05,2.493972881094375e-05,
subject_00582_hemorrhage,subject_00582,subject_00582,subject_00582_hemorrhage.npz,1,complete,3.0,5.0,1.0,10.0,41.0,33.0,16.0,15.0,7.0,6.0,4.0,671.0,2000000,none,pmcx,1995511168,2.316864515507876e-09,0.004112681002441783,0.00020416058053153576,0,4.210954415098204e-08,0.006180682129493725,0.00030712013996995146,0,12.081618300173432,1.0218674379161945e-06,1.7762017377824385e-06,3.624631523249395e-05,2.493972881094375e-05,
subject_00583_healthy,subject_00583,subject_00583,subject_00583_healthy.npz,0,complete,2.0,6.0,1.0,10.0,-1.0,-1.0,-1.0,-1.0,0.0,0.0,0.0,0.0,2000000,none,pmcx,3824878286,2.7569662072051574e-09,0.0042359646835004715,0.0002057030238559298,0,7.886732097091849e-08,0.0061607080509678835,0.00029952901387675124,0,11.72638660040684,1.0275098088687828e-06,1.5529892210495489e-06,4.085597892406357e-05,4.6082305419027116e-05,
subject_00583_hemorrhage,subject_00583,subject_00583,subject_00583_hemorrhage.npz,1,complete,2.0,6.0,1.0,10.0,42.0,29.0,17.0,16.0,6.0,7.0,5.0,877.0,2000000,none,pmcx,3824878286,2.184388469557319e-09,0.004235827053042429,0.00020607958214795708,0,7.153065484131533e-08,0.006177953916812361,0.00030002066003141463,0,11.75279530021362,1.0275098088687828e-06,1.5529892210495489e-06,4.085597892406357e-05,4.6082305419027116e-05,
subject_00584_healthy,subject_00584,subject_00584,subject_00584_healthy.npz,0,complete,3.0,6.0,1.0,11.0,-1.0,-1.0,-1.0,-1.0,0.0,0.0,0.0,0.0,2000000,none,pmcx,3361954492,7.688584984136743e-10,0.004160529557741904,0.0002096797315442728,0,1.0820000994825495e-08,0.006196763666585637,0.00030420991550454,0,11.960468400036916,9.116762545377923e-07,1.2959320527760037e-06,1.5403479468973844e-05,1.7674329274171806e-05,
subject_00584_hemorrhage,subject_00584,subject_00584,subject_00584_hemorrhage.npz,1,complete,3.0,6.0,1.0,11.0,31.0,38.0,19.0,18.0,6.0,7.0,4.0,671.0,2000000,none,pmcx,3361954492,7.344581834011321e-10,0.004161802833292359,0.00020972242944716064,0,1.253163095748117e-08,0.0062101231677516855,0.0003044181439959324,0,11.955920699983835,9.116762545377923e-07,1.2959320527760037e-06,1.5403479468973844e-05,1.7674329274171806e-05,
subject_00585_healthy,subject_00585,subject_00585,subject_00585_healthy.npz,0,complete,2.0,5.0,1.0,9.0,-1.0,-1.0,-1.0,-1.0,0.0,0.0,0.0,0.0,2000000,none,pmcx,1360056989,1.8326417727612906e-09,0.004022702785871308,0.00019620627100583736,0,7.497082374039926e-08,0.0062151374675652495,0.00030431798469460956,0,12.328788300976157,1.1095533641619118e-06,1.473729725113041e-06,2.9172517432871775e-05,2.5837550287304348e-05,
subject_00585_hemorrhage,subject_00585,subject_00585,subject_00585_hemorrhage.npz,1,complete,2.0,5.0,1.0,9.0,38.0,47.0,16.0,15.0,6.0,6.0,4.0,585.0,2000000,none,pmcx,1360056989,1.7881769038693408e-09,0.0040518753033041794,0.0001968501308680739,0,8.91065356726604e-08,0.006239046953287975,0.0003048193596216222,0,12.291558200726286,1.1095533641619118e-06,1.473729725113041e-06,2.9172517432871775e-05,2.5837550287304348e-05,
subject_00586_healthy,subject_00586,subject_00586,subject_00586_healthy.npz,0,complete,2.0,7.0,1.0,11.0,-1.0,-1.0,-1.0,-1.0,0.0,0.0,0.0,0.0,2000000,none,pmcx,3762126540,4.178569960683186e-09,0.004053983402929255,0.00019753788205330693,0,1.1892814294749428e-08,0.006212565235051416,0.0003046185189746444,0,11.826223899843171,7.65867750797556e-07,1.0321451780552482e-06,1.81373119948966e-05,1.5239061454372198e-05,
subject_00586_hemorrhage,subject_00586,subject_00586,subject_00586_hemorrhage.npz,1,complete,2.0,7.0,1.0,11.0,48.0,38.0,21.0,20.0,6.0,6.0,4.0,585.0,2000000,none,pmcx,3762126540,7.264217321392885e-09,0.004043696353427255,0.00019727785201409409,0,1.2338667981237645e-08,0.006204689442323172,0.00030486316250033214,0,11.849094899836928,7.65867750797556e-07,1.0321451780552482e-06,1.81373119948966e-05,1.5239061454372198e-05,
subject_00587_healthy,subject_00587,subject_00587,subject_00587_healthy.npz,0,complete,2.0,6.0,2.0,11.0,-1.0,-1.0,-1.0,-1.0,0.0,0.0,0.0,0.0,2000000,none,pmcx,2441999099,3.3851686127274545e-08,0.004092894349675561,0.0001990006367574624,0,1.0281494635801757e-07,0.006202901493269483,0.0003012452807840554,0,11.107409400166944,9.373960072012757e-07,1.5132621155297563e-06,2.5732841849940118e-05,4.014750679636348e-05,
subject_00587_hemorrhage,subject_00587,subject_00587,subject_00587_hemorrhage.npz,1,complete,2.0,6.0,2.0,11.0,43.0,48.0,16.0,15.0,5.0,6.0,4.0,491.0,2000000,none,pmcx,2441999099,2.4883175744465388e-08,0.004109030411770048,0.00019915084696059044,0,1.0597692340187795e-07,0.006201424342434343,0.0003020612216121153,0,11.032483300194144,9.373960072012757e-07,1.5132621155297563e-06,2.5732841849940118e-05,4.014750679636348e-05,
subject_00588_healthy,subject_00588,subject_00588,subject_00588_healthy.npz,0,complete,2.0,6.0,1.0,10.0,-1.0,-1.0,-1.0,-1.0,0.0,0.0,0.0,0.0,2000000,none,pmcx,4061627501,7.334344618957965e-10,0.004007549044926264,0.00019233904951619047,0,7.913728629736544e-09,0.006465658730483659,0.00031439118645817086,0,11.98110879957676,1.0729420862727085e-06,8.955170048929453e-07,4.6911693442678454e-05,2.587979075847381e-05,
subject_00588_hemorrhage,subject_00588,subject_00588,subject_00588_hemorrhage.npz,1,complete,2.0,6.0,1.0,10.0,33.0,56.0,21.0,20.0,6.0,5.0,5.0,613.0,2000000,none,pmcx,4061627501,7.33420872922974e-10,0.004013868886382064,0.00019250038745482562,0,7.917379796315886e-09,0.006466076557602729,0.0003143531734620498,0,12.001286199782044,1.0729420862727085e-06,8.955170048929453e-07,4.6911693442678454e-05,2.587979075847381e-05,
subject_00589_healthy,subject_00589,subject_00589,subject_00589_healthy.npz,0,complete,3.0,5.0,2.0,11.0,-1.0,-1.0,-1.0,-1.0,0.0,0.0,0.0,0.0,2000000,none,pmcx,1476004952,1.78295067890885e-08,0.004247986530969742,0.00021071781696927288,0,1.4219202260754262e-07,0.0062129334055558046,0.00030163285957578666,0,11.425907999509946,9.04525959690126e-07,1.5815693988998793e-06,1.8055732728395647e-05,4.6131600682380175e-05,
subject_00589_hemorrhage,subject_00589,subject_00589,subject_00589_hemorrhage.npz,1,complete,3.0,5.0,2.0,11.0,45.0,25.0,19.0,18.0,6.0,7.0,5.0,877.0,2000000,none,pmcx,1476004952,1.7838825393966884e-08,0.004244898246787812,0.00021084811780294565,0,2.1087190417812624e-07,0.006216253087067356,0.00030110468038281385,0,11.428348899818957,9.04525959690126e-07,1.5815693988998793e-06,1.8055732728395647e-05,4.6131600682380175e-05,
subject_00590_healthy,subject_00590,subject_00590,subject_00590_healthy.npz,0,complete,3.0,6.0,2.0,12.0,-1.0,-1.0,-1.0,-1.0,0.0,0.0,0.0,0.0,2000000,none,pmcx,2880791714,2.3240451250438135e-08,0.0040276564014427255,0.00019951531666035645,0,2.0345414996672273e-07,0.006223568209928574,0.0003096233904482865,0,11.188369100680575,7.047363875914452e-07,1.2291327595723734e-06,1.5086520921487462e-05,2.366736928677022e-05,
subject_00590_hemorrhage,subject_00590,subject_00590,subject_00590_hemorrhage.npz,1,complete,3.0,6.0,2.0,12.0,42.0,56.0,21.0,20.0,5.0,5.0,5.0,515.0,2000000,none,pmcx,2880791714,2.1682469921101825e-08,0.004012569880521238,0.0001993912449873374,0,2.1102522639579245e-07,0.006208695868324232,0.00030991497663751934,0,11.18921439978294,7.047363875914452e-07,1.2291327595723734e-06,1.5086520921487462e-05,2.366736928677022e-05,
subject_00591_healthy,subject_00591,subject_00591,subject_00591_healthy.npz,0,complete,3.0,6.0,1.0,11.0,-1.0,-1.0,-1.0,-1.0,0.0,0.0,0.0,0.0,2000000,none,pmcx,2483715423,4.450249688465362e-10,0.004004670732691804,0.00019296211573962974,0,2.1544149551064338e-08,0.006370676240593998,0.0003151060986278785,0,11.534008900402114,7.925451796105597e-07,1.5494650103971618e-06,1.3587123569218894e-05,1.7569288202603974e-05,
subject_00591_hemorrhage,subject_00591,subject_00591,subject_00591_hemorrhage.npz,1,complete,3.0,6.0,1.0,11.0,39.0,51.0,19.0,18.0,7.0,7.0,5.0,1023.0,2000000,none,pmcx,2483715423,4.450046766317067e-10,0.003997702674230032,0.00019312124189736069,0,1.6111993403603556e-08,0.006376325851267953,0.00031432676746522464,0,11.608210099628195,7.925451796105597e-07,1.5494650103971618e-06,1.3587123569218894e-05,1.7569288202603974e-05,
subject_00592_healthy,subject_00592,subject_00592,subject_00592_healthy.npz,0,complete,2.0,5.0,2.0,10.0,-1.0,-1.0,-1.0,-1.0,0.0,0.0,0.0,0.0,2000000,none,pmcx,679469189,1.0700791500592422e-07,0.004188389576655963,0.00020810222737809015,0,3.285338307674495e-07,0.006072163635772488,0.000296452105279839,0,11.526875399518758,1.136939518972418e-06,1.540580899670737e-06,2.4431487840620436e-05,3.334490745357174e-05,
subject_00592_hemorrhage,subject_00592,subject_00592,subject_00592_hemorrhage.npz,1,complete,2.0,5.0,2.0,10.0,31.0,50.0,17.0,16.0,6.0,6.0,4.0,585.0,2000000,none,pmcx,679469189,6.62635944808088e-08,0.00418885276938599,0.0002080477936973185,0,3.189651513186141e-07,0.006090250499522148,0.00029669762571480566,0,11.540384000632912,1.136939518972418e-06,1.540580899670737e-06,2.4431487840620436e-05,3.334490745357174e-05,
subject_00593_healthy,subject_00593,subject_00593,subject_00593_healthy.npz,0,complete,3.0,5.0,1.0,10.0,-1.0,-1.0,-1.0,-1.0,0.0,0.0,0.0,0.0,2000000,none,pmcx,1238812795,9.208310166771287e-10,0.004098297081369967,0.0002024335325249303,0,3.608445327827638e-08,0.006157928248433035,0.0003039294315864682,0,12.390426399419084,6.61953478970582e-07,1.8527998719448537e-06,1.2203898126753217e-05,4.953753241624271e-05,
subject_00593_hemorrhage,subject_00593,subject_00593,subject_00593_hemorrhage.npz,1,complete,3.0,5.0,1.0,10.0,42.0,42.0,19.0,18.0,6.0,7.0,4.0,671.0,2000000,none,pmcx,1238812795,9.45415459817111e-10,0.004101096652941676,0.0002024591542097189,0,3.149759020524611e-08,0.006207465780849277,0.00030450718007313346,0,12.300265500321984,6.61953478970582e-07,1.8527998719448537e-06,1.2203898126753217e-05,4.953753241624271e-05,
subject_00594_healthy,subject_00594,subject_00594,subject_00594_healthy.npz,0,complete,3.0,5.0,1.0,10.0,-1.0,-1.0,-1.0,-1.0,0.0,0.0,0.0,0.0,2000000,none,pmcx,4232479188,7.705338296826042e-09,0.0041532878134509215,0.00020576830746299444,0,4.06150484534972e-08,0.006272251347063898,0.0003090774150167055,0,11.511150499805808,8.906513438072953e-07,1.39598415532465e-06,1.859087741891126e-05,2.1247695566478826e-05,
subject_00594_hemorrhage,subject_00594,subject_00594,subject_00594_hemorrhage.npz,1,complete,3.0,5.0,1.0,10.0,28.0,28.0,19.0,18.0,5.0,6.0,4.0,491.0,2000000,none,pmcx,4232479188,1.7199550840782063e-09,0.004159105117191125,0.00020595164067469912,0,4.4044126601092776e-08,0.006266509266536758,0.0003092131651296269,0,11.551561400294304,8.906513438072953e-07,1.39598415532465e-06,1.859087741891126e-05,2.1247695566478826e-05,
subject_00595_healthy,subject_00595,subject_00595,subject_00595_healthy.npz,0,complete,2.0,6.0,1.0,10.0,-1.0,-1.0,-1.0,-1.0,0.0,0.0,0.0,0.0,2000000,none,pmcx,405337001,3.23674223865002e-10,0.004022533137451632,0.00019766039800452292,0,2.7035360397424966e-08,0.006452659469114117,0.0003159355898379635,0,11.809709399705753,7.698618265223862e-07,1.5305954641873943e-06,1.806571070905004e-05,2.7798827189088595e-05,
subject_00595_hemorrhage,subject_00595,subject_00595,subject_00595_hemorrhage.npz,1,complete,2.0,6.0,1.0,10.0,49.0,43.0,18.0,17.0,5.0,6.0,5.0,613.0,2000000,none,pmcx,405337001,3.0487891570854137e-10,0.004022222662105655,0.0001977887514873266,0,2.7034654693663192e-08,0.006425382826048405,0.00031572905210510614,0,11.794912899844348,7.698618265223862e-07,1.5305954641873943e-06,1.806571070905004e-05,2.7798827189088595e-05,
subject_00596_healthy,subject_00596,subject_00596,subject_00596_healthy.npz,0,complete,2.0,7.0,1.0,11.0,-1.0,-1.0,-1.0,-1.0,0.0,0.0,0.0,0.0,2000000,none,pmcx,2261433275,1.9903490503339092e-10,0.004141461620034718,0.0002010096757954895,0,3.549265201524855e-08,0.006305187689069502,0.00030155279226298993,0,11.977890999987721,9.135439302270936e-07,1.0316270474573558e-06,2.4499562530201115e-05,2.3247924966571763e-05,
subject_00596_hemorrhage,subject_00596,subject_00596,subject_00596_hemorrhage.npz,1,complete,2.0,7.0,1.0,11.0,34.0,23.0,17.0,16.0,6.0,5.0,5.0,613.0,2000000,none,pmcx,2261433275,2.118830959075563e-10,0.0041471779083696566,0.00020126145239244365,0,1.0718864860276257e-08,0.006328435614036074,0.0003018628174925703,0,11.997414300451055,9.135439302270936e-07,1.0316270474573558e-06,2.4499562530201115e-05,2.3247924966571763e-05,
subject_00597_healthy,subject_00597,subject_00597,subject_00597_healthy.npz,0,complete,2.0,7.0,2.0,12.0,-1.0,-1.0,-1.0,-1.0,0.0,0.0,0.0,0.0,2000000,none,pmcx,3008847107,2.4049436186595713e-08,0.004060148407592453,0.00019812815251040412,0,6.027063216092566e-08,0.006309246754333957,0.00030578872342932695,0,11.06595700001344,6.853708165643768e-07,1.3996794248060918e-06,1.1517992558862525e-05,2.722486541307384e-05,
subject_00597_hemorrhage,subject_00597,subject_00597,subject_00597_hemorrhage.npz,1,complete,2.0,7.0,2.0,12.0,46.0,35.0,18.0,17.0,7.0,5.0,5.0,711.0,2000000,none,pmcx,3008847107,2.0713428864955502e-08,0.004052288457742206,0.00019791066887539844,0,2.4833520243754e-07,0.006302673597816967,0.0003059937287466127,0,11.026131900027394,6.853708165643768e-07,1.3996794248060918e-06,1.1517992558862525e-05,2.722486541307384e-05,
subject_00598_healthy,subject_00598,subject_00598,subject_00598_healthy.npz,0,complete,2.0,6.0,2.0,11.0,-1.0,-1.0,-1.0,-1.0,0.0,0.0,0.0,0.0,2000000,none,pmcx,128535778,4.38508316329674e-08,0.004122570169458443,0.00020339776018651542,0,1.0120333276473841e-07,0.006090156546549416,0.00029748174655989165,0,10.960666900034994,7.432444486250662e-07,1.6410108122165665e-06,2.153967400815842e-05,2.95181001028072e-05,
subject_00598_hemorrhage,subject_00598,subject_00598,subject_00598_hemorrhage.npz,1,complete,2.0,6.0,2.0,11.0,28.0,50.0,18.0,17.0,5.0,6.0,5.0,613.0,2000000,none,pmcx,128535778,3.06929105928997e-08,0.004144109843466601,0.00020365707937198248,0,1.1583103356522834e-07,0.00610850757634174,0.000296853237756867,0,10.980263199657202,7.432444486250662e-07,1.6410108122165665e-06,2.153967400815842e-05,2.95181001028072e-05,
subject_00599_healthy,subject_00599,subject_00599,subject_00599_healthy.npz,0,complete,3.0,5.0,1.0,10.0,-1.0,-1.0,-1.0,-1.0,0.0,0.0,0.0,0.0,2000000,none,pmcx,870268948,2.369136028177343e-13,0.003966469029963228,0.00019317932558371166,0,4.982494145207449e-09,0.006128070738189695,0.0003028418824727938,0,11.676221700618044,6.518867634309867e-07,2.0193261052548955e-06,1.7531736288820595e-05,5.339073543112003e-05,
subject_00599_hemorrhage,subject_00599,subject_00599,subject_00599_hemorrhage.npz,1,complete,3.0,5.0,1.0,10.0,39.0,30.0,14.0,13.0,6.0,5.0,4.0,491.0,2000000,none,pmcx,870268948,1.0059632228088805e-12,0.003967341500425405,0.00019309586413656206,0,3.1387576313107273e-09,0.006131658023034849,0.00030229459940513646,0,11.697983599733561,6.518867634309867e-07,2.0193261052548955e-06,1.7531736288820595e-05,5.339073543112003e-05,
subject_00600_healthy,subject_00600,subject_00600,subject_00600_healthy.npz,0,complete,3.0,6.0,2.0,12.0,-1.0,-1.0,-1.0,-1.0,0.0,0.0,0.0,0.0,2000000,none,pmcx,695740855,2.4688678735386984e-08,0.004073674034739105,0.0002019960744567361,0,1.1200151185986084e-07,0.0060915069400230264,0.0003052493631101526,0,10.940040399786085,8.263655392145375e-07,1.5746373858792815e-06,2.62288775277255e-05,2.751700670175516e-05,
subject_00600_hemorrhage,subject_00600,subject_00600,subject_00600_hemorrhage.npz,1,complete,3.0,6.0,2.0,12.0,30.0,26.0,20.0,19.0,7.0,5.0,4.0,577.0,2000000,none,pmcx,695740855,2.2470335006788608e-08,0.004074688782270194,0.00020236942068018149,0,1.1123351726519462e-07,0.0061072952281470095,0.0003052343038933187,0,10.979682099539787,8.263655392145375e-07,1.5746373858792815e-06,2.62288775277255e-05,2.751700670175516e-05,
subject_00601_healthy,subject_00601,subject_00601,subject_00601_healthy.npz,0,complete,3.0,6.0,2.0,12.0,-1.0,-1.0,-1.0,-1.0,0.0,0.0,0.0,0.0,2000000,none,pmcx,796938292,2.655243518972989e-08,0.004029506034463549,0.00019897112210496594,0,1.6302715797027347e-07,0.006259900226188253,0.00031358123883080046,0,10.876498299883679,7.677564956800234e-07,1.1460158838995785e-06,2.1343327186225218e-05,3.060672335288353e-05,
subject_00601_hemorrhage,subject_00601,subject_00601,subject_00601_hemorrhage.npz,1,complete,3.0,6.0,2.0,12.0,41.0,46.0,21.0,20.0,6.0,5.0,5.0,613.0,2000000,none,pmcx,796938292,1.839801256902595e-08,0.004026281454911464,0.00019908273764754954,0,1.6364761930137846e-07,0.006265665325028757,0.00031337585230882244,0,10.919977400219068,7.677564956800234e-07,1.1460158838995785e-06,2.1343327186225218e-05,3.060672335288353e-05,
subject_00602_healthy,subject_00602,subject_00602,subject_00602_healthy.npz,0,complete,2.0,7.0,1.0,11.0,-1.0,-1.0,-1.0,-1.0,0.0,0.0,0.0,0.0,2000000,none,pmcx,3461635312,4.102413314805411e-10,0.004167800925510359,0.00020557318454277024,0,7.21170662250939e-08,0.006138341562347413,0.0003002965759020203,0,11.57220029993914,7.611947710882553e-07,1.347461796888758e-06,1.1919102406654112e-05,4.0964242593860035e-05,
subject_00602_hemorrhage,subject_00602,subject_00602,subject_00602_hemorrhage.npz,1,complete,2.0,7.0,1.0,11.0,34.0,27.0,21.0,20.0,7.0,7.0,5.0,1023.0,2000000,none,pmcx,3461635312,1.9151886244408631e-10,0.004176077204332486,0.00020549974979614663,0,4.800600943199943e-08,0.006145745653420761,0.0002996787532884164,0,11.569401199463755,7.611947710882553e-07,1.347461796888758e-06,1.1919102406654112e-05,4.0964242593860035e-05,
subject_00603_healthy,subject_00603,subject_00603,subject_00603_healthy.npz,0,complete,2.0,6.0,1.0,10.0,-1.0,-1.0,-1.0,-1.0,0.0,0.0,0.0,0.0,2000000,none,pmcx,80344671,1.592884471035705e-08,0.004104066667561381,0.00020119620345038428,0,3.965003792621063e-08,0.006357025949496235,0.0003116576669603397,0,11.899541800143197,1.0490524718151056e-06,2.1219951781165783e-06,3.1049010339204326e-05,4.848418009526043e-05,
subject_00603_hemorrhage,subject_00603,subject_00603,subject_00603_hemorrhage.npz,1,complete,2.0,6.0,1.0,10.0,28.0,29.0,14.0,13.0,5.0,6.0,4.0,491.0,2000000,none,pmcx,80344671,1.6010412663748684e-08,0.00412236220513487,0.00020091853552635814,0,4.057797996721409e-08,0.006375818493193793,0.0003103934723375135,0,11.829410499660298,1.0490524718151056e-06,2.1219951781165783e-06,3.1049010339204326e-05,4.848418009526043e-05,
subject_00604_healthy,subject_00604,subject_00604,subject_00604_healthy.npz,0,complete,3.0,6.0,1.0,11.0,-1.0,-1.0,-1.0,-1.0,0.0,0.0,0.0,0.0,2000000,none,pmcx,1434753904,1.3909118483439254e-09,0.00405640133030049,0.00019937557006247277,0,3.161933024840745e-08,0.0059842541197959375,0.0002942411948190514,0,11.622957999818027,7.76594491283685e-07,1.35128303824786e-06,2.4287046758996855e-05,2.2025532090616312e-05,
subject_00604_hemorrhage,subject_00604,subject_00604,subject_00604_hemorrhage.npz,1,complete,3.0,6.0,1.0,11.0,30.0,29.0,19.0,18.0,5.0,6.0,4.0,491.0,2000000,none,pmcx,1434753904,1.4110524831819337e-09,0.00405956452962306,0.0001995511684506592,0,3.604419320824864e-08,0.005976899626544554,0.0002939417069402451,0,11.660224200924858,7.76594491283685e-07,1.35128303824786e-06,2.4287046758996855e-05,2.2025532090616312e-05,
subject_00605_healthy,subject_00605,subject_00605,subject_00605_healthy.npz,0,complete,3.0,5.0,2.0,11.0,-1.0,-1.0,-1.0,-1.0,0.0,0.0,0.0,0.0,2000000,none,pmcx,3123715312,7.692181182865142e-09,0.003946236628846262,0.0001904640509469353,0,3.6806966602548907e-07,0.00624877110070238,0.00030979869150528507,0,11.164901100331917,1.2526242124148948e-06,1.7846478642380394e-06,3.479667936028864e-05,1.5590482190042348e-05,
subject_00605_hemorrhage,subject_00605,subject_00605,subject_00605_hemorrhage.npz,1,complete,3.0,5.0,2.0,11.0,33.0,49.0,16.0,15.0,5.0,6.0,5.0,613.0,2000000,none,pmcx,3123715312,1.4790555709975261e-08,0.003911439949485973,0.00018954248309663546,0,3.70451221895924e-07,0.006258525418088327,0.00030950159363115595,0,11.164036700269207,1.2526242124148948e-06,1.7846478642380394e-06,3.479667936028864e-05,1.5590482190042348e-05,
subject_00606_healthy,subject_00606,subject_00606,subject_00606_healthy.npz,0,complete,2.0,7.0,1.0,11.0,-1.0,-1.0,-1.0,-1.0,0.0,0.0,0.0,0.0,2000000,none,pmcx,396615447,1.1096936918511314e-09,0.004166807704502622,0.00020225844296716824,0,4.928977122818193e-09,0.006243360866907324,0.00030526033676035746,0,11.896091700298712,7.056603979290313e-07,1.6012771833889206e-06,1.043899306399712e-05,5.914821881190021e-05,
subject_00606_hemorrhage,subject_00606,subject_00606,subject_00606_hemorrhage.npz,1,complete,2.0,7.0,1.0,11.0,39.0,57.0,20.0,19.0,6.0,5.0,4.0,491.0,2000000,none,pmcx,396615447,3.6804223512129755e-09,0.004177246697566619,0.00020227138790821744,0,6.046957351192319e-09,0.006302509085719224,0.0003051251787390471,0,11.864334400277585,7.056603979290313e-07,1.6012771833889206e-06,1.043899306399712e-05,5.914821881190021e-05,
subject_00607_healthy,subject_00607,subject_00607,subject_00607_healthy.npz,0,complete,2.0,6.0,1.0,10.0,-1.0,-1.0,-1.0,-1.0,0.0,0.0,0.0,0.0,2000000,none,pmcx,1983641895,2.1101382277049722e-11,0.004285964456219789,0.0002080798893074224,0,2.3091222741704717e-08,0.006378126334402535,0.0003055150886964408,0,11.660570899490267,1.022288874856134e-06,1.2535123127713515e-06,1.8915290329528855e-05,3.8627278107538146e-05,
subject_00607_hemorrhage,subject_00607,subject_00607,subject_00607_hemorrhage.npz,1,complete,2.0,6.0,1.0,10.0,43.0,28.0,19.0,18.0,6.0,5.0,5.0,613.0,2000000,none,pmcx,1983641895,2.3902532641727195e-11,0.004272232872368671,0.0002079331989329978,0,6.255290600428429e-08,0.006375214321680883,0.0003057553105013435,0,11.705594200408086,1.022288874856134e-06,1.2535123127713515e-06,1.8915290329528855e-05,3.8627278107538146e-05,
subject_00608_healthy,subject_00608,subject_00608,subject_00608_healthy.npz,0,complete,3.0,6.0,1.0,11.0,-1.0,-1.0,-1.0,-1.0,0.0,0.0,0.0,0.0,2000000,none,pmcx,2611213483,5.700741367546517e-10,0.004107070417738147,0.00020374657940448,0,1.0645458101523332e-07,0.006361597738853793,0.000318414436107897,0,12.049795700935647,1.030908912060537e-06,1.6229507765877228e-06,2.7791115108768104e-05,2.3899164564511292e-05,
subject_00608_hemorrhage,subject_00608,subject_00608,subject_00608_hemorrhage.npz,1,complete,3.0,6.0,1.0,11.0,47.0,38.0,17.0,16.0,7.0,6.0,5.0,877.0,2000000,none,pmcx,2611213483,6.643460614693913e-10,0.004106861500135588,0.00020425001403781847,0,8.558153333945154e-08,0.006337698574289282,0.00031757790403931155,0,12.0723766006995,1.030908912060537e-06,1.6229507765877228e-06,2.7791115108768104e-05,2.3899164564511292e-05,
subject_00609_healthy,subject_00609,subject_00609,subject_00609_healthy.npz,0,complete,2.0,6.0,2.0,11.0,-1.0,-1.0,-1.0,-1.0,0.0,0.0,0.0,0.0,2000000,none,pmcx,3551866434,4.650754095822867e-09,0.0040895851601158014,0.00019867440382622146,0,9.044212094805507e-08,0.006175424169779594,0.00030119397135438294,0,10.916150599485263,1.0394198493315326e-06,1.9261788804761536e-06,1.73212419892297e-05,4.997695629887014e-05,
subject_00609_hemorrhage,subject_00609,subject_00609,subject_00609_hemorrhage.npz,1,complete,2.0,6.0,2.0,11.0,38.0,26.0,15.0,14.0,6.0,5.0,4.0,491.0,2000000,none,pmcx,3551866434,3.043965147393014e-08,0.004100866517801836,0.00019826374115570079,0,8.489247181115393e-08,0.00617384276372507,0.00030041421657128417,0,10.881896899314597,1.0394198493315326e-06,1.9261788804761536e-06,1.73212419892297e-05,4.997695629887014e-05,
subject_00610_healthy,subject_00610,subject_00610,subject_00610_healthy.npz,0,complete,3.0,7.0,2.0,13.0,-1.0,-1.0,-1.0,-1.0,0.0,0.0,0.0,0.0,2000000,none,pmcx,3879972885,1.2606289323630062e-08,0.004239910193394326,0.00020708331532170583,0,7.25383035507272e-08,0.006311144568258927,0.0003114332832930593,0,10.935248099733144,1.0475329668521364e-06,1.1573035222409252e-06,3.132848393274084e-05,1.8852782966935185e-05,
subject_00610_hemorrhage,subject_00610,subject_00610,subject_00610_hemorrhage.npz,1,complete,3.0,7.0,2.0,13.0,43.0,28.0,20.0,19.0,7.0,6.0,5.0,877.0,2000000,none,pmcx,3879972885,1.2606025366652528e-08,0.004208581709461585,0.00020684834240606,0,6.53315058552363e-08,0.006320626809131785,0.0003115173486655812,0,10.867499300511554,1.0475329668521364e-06,1.1573035222409252e-06,3.132848393274084e-05,1.8852782966935185e-05,
subject_00611_healthy,subject_00611,subject_00611,subject_00611_healthy.npz,0,complete,3.0,7.0,1.0,12.0,-1.0,-1.0,-1.0,-1.0,0.0,0.0,0.0,0.0,2000000,none,pmcx,1524350058,9.884840143561097e-10,0.004133775857370712,0.00020300978091487726,0,2.9883595965416996e-08,0.006050691587117377,0.0002971068385111031,0,12.097395600518212,9.640846581922388e-07,1.4822381892737646e-06,2.197178020336022e-05,3.569936612235307e-05,
subject_00611_hemorrhage,subject_00611,subject_00611,subject_00611_hemorrhage.npz,1,complete,3.0,7.0,1.0,12.0,39.0,55.0,21.0,20.0,6.0,6.0,5.0,739.0,2000000,none,pmcx,1524350058,9.90031066492874e-10,0.004111804077167352,0.00020281702223429022,0,2.9619188922096894e-08,0.00607828195041979,0.0002975010697309369,0,12.14919969975017,9.640846581922388e-07,1.4822381892737646e-06,2.197178020336022e-05,3.569936612235307e-05,
subject_00612_healthy,subject_00612,subject_00612,subject_00612_healthy.npz,0,complete,3.0,7.0,2.0,13.0,-1.0,-1.0,-1.0,-1.0,0.0,0.0,0.0,0.0,2000000,none,pmcx,2187530599,6.386958692100237e-09,0.0041015433592620255,0.00020145158826453296,0,1.5075920543271193e-07,0.006366673516909117,0.00031689214514435686,0,10.949777400353923,1.1575126388219665e-06,1.3204066337295968e-06,2.641232610296057e-05,2.567253743787309e-05,
subject_00612_hemorrhage,subject_00612,subject_00612,subject_00612_hemorrhage.npz,1,complete,3.0,7.0,2.0,13.0,34.0,49.0,20.0,19.0,5.0,6.0,5.0,613.0,2000000,none,pmcx,2187530599,5.7749822532522655e-09,0.004076923784843911,0.00020151448741309092,0,1.3981328977227864e-07,0.006380152958759616,0.0003170813727862116,0,10.962960300501436,1.1575126388219665e-06,1.3204066337295968e-06,2.641232610296057e-05,2.567253743787309e-05,
subject_00613_healthy,subject_00613,subject_00613,subject_00613_healthy.npz,0,complete,2.0,7.0,2.0,12.0,-1.0,-1.0,-1.0,-1.0,0.0,0.0,0.0,0.0,2000000,none,pmcx,383625254,2.4539347348605297e-08,0.004234259146534187,0.0002077963362126351,0,1.579365528366248e-07,0.00645869042972395,0.0003154453977196809,0,11.423193199560046,1.3801933664591842e-06,1.7869832453391284e-06,3.6899144797764884e-05,3.536520040461205e-05,
subject_00613_hemorrhage,subject_00613,subject_00613,subject_00613_hemorrhage.npz,1,complete,2.0,7.0,2.0,12.0,34.0,51.0,19.0,18.0,5.0,7.0,5.0,711.0,2000000,none,pmcx,383625254,9.662508898245918e-09,0.004225418613959465,0.00020743847655663506,0,1.637954961725384e-07,0.006494055630128562,0.0003160944143782197,0,11.437974899541587,1.3801933664591842e-06,1.7869832453391284e-06,3.6899144797764884e-05,3.536520040461205e-05,
subject_00614_healthy,subject_00614,subject_00614,subject_00614_healthy.npz,0,complete,3.0,7.0,1.0,12.0,-1.0,-1.0,-1.0,-1.0,0.0,0.0,0.0,0.0,2000000,none,pmcx,4100296824,6.694058592933086e-10,0.004188371452742449,0.00020522221707697545,0,2.6805599057288835e-08,0.006175868035288817,0.0003068924917091073,0,11.658298100344837,6.06990819306781e-07,1.6375586078141404e-06,1.267790544960505e-05,3.7630755352471845e-05,
subject_00614_hemorrhage,subject_00614,subject_00614,subject_00614_hemorrhage.npz,1,complete,3.0,7.0,1.0,12.0,44.0,38.0,21.0,20.0,6.0,5.0,4.0,491.0,2000000,none,pmcx,4100296824,6.694394074174121e-10,0.004201049358192054,0.00020535271968883303,0,2.795927778407375e-08,0.006204118587307597,0.0003065777469964449,0,11.70234760036692,6.06990819306781e-07,1.6375586078141404e-06,1.267790544960505e-05,3.7630755352471845e-05,
subject_00615_healthy,subject_00615,subject_00615,subject_00615_healthy.npz,0,complete,2.0,7.0,1.0,11.0,-1.0,-1.0,-1.0,-1.0,0.0,0.0,0.0,0.0,2000000,none,pmcx,3823605017,2.1881801698285556e-09,0.004048168010002036,0.00020024427150624124,0,2.601018567279135e-08,0.006394191562629801,0.0003043525059240531,0,11.923306100070477,8.892589995481854e-07,7.635980912981907e-07,2.2922966171557996e-05,7.710270403535899e-06,
subject_00615_hemorrhage,subject_00615,subject_00615,subject_00615_hemorrhage.npz,1,complete,2.0,7.0,1.0,11.0,40.0,50.0,20.0,19.0,5.0,5.0,4.0,417.0,2000000,none,pmcx,3823605017,2.384798585966664e-09,0.0040305194306328365,0.00020019579012863273,0,1.748770670904874e-08,0.006400481801808633,0.0003043328863022124,0,11.908539000432938,8.892589995481854e-07,7.635980912981907e-07,2.2922966171557996e-05,7.710270403535899e-06,
subject_00616_healthy,subject_00616,subject_00616,subject_00616_healthy.npz,0,complete,3.0,5.0,2.0,11.0,-1.0,-1.0,-1.0,-1.0,0.0,0.0,0.0,0.0,2000000,none,pmcx,383136346,3.3242189230556755e-08,0.00390558486982025,0.00019387102009368873,0,1.1556176691492911e-07,0.006176396601437338,0.0003079312399373033,0,11.215826900210232,6.071478242224702e-07,1.4193157478306523e-06,1.2771945489864316e-05,3.488682094074814e-05,
subject_00616_hemorrhage,subject_00616,subject_00616,subject_00616_hemorrhage.npz,1,complete,3.0,5.0,2.0,11.0,51.0,38.0,20.0,19.0,6.0,7.0,5.0,877.0,2000000,none,pmcx,383136346,2.4732456847931655e-08,0.003905833903710571,0.00019371610463002814,0,1.0722982901033371e-07,0.006179453961058419,0.000307956603293967,0,11.209428699919954,6.071478242224702e-07,1.4193157478306523e-06,1.2771945489864316e-05,3.488682094074814e-05,
subject_00617_healthy,subject_00617,subject_00617,subject_00617_healthy.npz,0,complete,2.0,5.0,1.0,9.0,-1.0,-1.0,-1.0,-1.0,0.0,0.0,0.0,0.0,2000000,none,pmcx,3505433100,4.536616755693011e-09,0.004117022374973755,0.00019943454556637703,0,3.380883743958257e-08,0.006091604360538503,0.0002909522161214147,0,12.262575099943206,1.4124303355749635e-06,1.7426735327898065e-06,3.42052722175374e-05,2.2444354454409336e-05,
subject_00617_hemorrhage,subject_00617,subject_00617,subject_00617_hemorrhage.npz,1,complete,2.0,5.0,1.0,9.0,32.0,29.0,14.0,13.0,5.0,7.0,5.0,711.0,2000000,none,pmcx,3505433100,3.8671372341896105e-09,0.0040991952877737275,0.00019911504025183678,0,2.8720243621946055e-08,0.006069160006084094,0.000290423282778948,0,12.291794899385422,1.4124303355749635e-06,1.7426735327898065e-06,3.42052722175374e-05,2.2444354454409336e-05,
subject_00618_healthy,subject_00618,subject_00618,subject_00618_healthy.npz,0,complete,3.0,6.0,1.0,11.0,-1.0,-1.0,-1.0,-1.0,0.0,0.0,0.0,0.0,2000000,none,pmcx,3576507724,2.702659728882121e-09,0.0041198767919171,0.00020627248171902762,0,2.558861792368375e-08,0.006312458147578844,0.00031630980475180217,0,11.261802599998191,8.739567391155482e-07,1.0773713223887348e-06,1.5513187631098686e-05,1.2185296838471615e-05,
subject_00618_hemorrhage,subject_00618,subject_00618,subject_00618_hemorrhage.npz,1,complete,3.0,6.0,1.0,11.0,36.0,56.0,17.0,16.0,6.0,6.0,4.0,585.0,2000000,none,pmcx,3576507724,7.690567391708845e-10,0.0041210556378867055,0.00020657218214069622,0,7.1781027001208795e-09,0.006317436470732705,0.0003164197445938248,0,11.315896000014618,8.739567391155482e-07,1.0773713223887348e-06,1.5513187631098686e-05,1.2185296838471615e-05,
subject_00619_healthy,subject_00619,subject_00619,subject_00619_healthy.npz,0,complete,2.0,6.0,1.0,10.0,-1.0,-1.0,-1.0,-1.0,0.0,0.0,0.0,0.0,2000000,none,pmcx,3619832604,1.0618786274123302e-10,0.004072495455927689,0.0001955527034963091,0,2.324888442461793e-08,0.006407034802597402,0.00031028201881757147,0,11.979376500006765,1.147971312111905e-06,1.5317234328979697e-06,2.309567364473103e-05,3.595974005523011e-05,
subject_00619_hemorrhage,subject_00619,subject_00619,subject_00619_hemorrhage.npz,1,complete,2.0,6.0,1.0,10.0,32.0,28.0,15.0,14.0,5.0,5.0,5.0,515.0,2000000,none,pmcx,3619832604,1.0619830265581599e-10,0.004075196322242077,0.00019540533601383292,0,1.7207822838954976e-08,0.006408954112695678,0.0003098599968724235,0,11.966357500525191,1.147971312111905e-06,1.5317234328979697e-06,2.309567364473103e-05,3.595974005523011e-05,
subject_00620_healthy,subject_00620,subject_00620,subject_00620_healthy.npz,0,complete,3.0,6.0,2.0,12.0,-1.0,-1.0,-1.0,-1.0,0.0,0.0,0.0,0.0,2000000,none,pmcx,2602680833,3.437834335335973e-08,0.004053077636747076,0.00020120966562169306,0,2.4551011382797345e-07,0.006222903431236728,0.00030935123148173637,0,10.943946299143136,5.540426213084947e-07,1.770017390468927e-06,1.2255511531244524e-05,3.426777117164666e-05,
subject_00620_hemorrhage,subject_00620,subject_00620,subject_00620_hemorrhage.npz,1,complete,3.0,6.0,2.0,12.0,43.0,35.0,17.0,16.0,7.0,5.0,5.0,711.0,2000000,none,pmcx,2602680833,2.8566390797974107e-08,0.004057068147435457,0.00020135012658553788,0,2.1768973922378276e-07,0.006227931423530123,0.00030940063148281226,0,11.076055700192228,5.540426213084947e-07,1.770017390468927e-06,1.2255511531244524e-05,3.426777117164666e-05,
subject_00621_healthy,subject_00621,subject_00621,subject_00621_healthy.npz,0,complete,2.0,5.0,2.0,10.0,-1.0,-1.0,-1.0,-1.0,0.0,0.0,0.0,0.0,2000000,none,pmcx,3682832157,5.195011407240848e-08,0.003965547260639124,0.00019085285245916376,0,2.560207503181957e-07,0.006258365020547994,0.0003121948115252885,0,10.99581960006617,1.0598310754018891e-06,1.9988535747589135e-06,1.8849340577909227e-05,3.432283351030487e-05,
subject_00621_hemorrhage,subject_00621,subject_00621,subject_00621_hemorrhage.npz,1,complete,2.0,5.0,2.0,10.0,44.0,48.0,15.0,14.0,6.0,6.0,5.0,739.0,2000000,none,pmcx,3682832157,4.341932891760442e-08,0.003946697920061215,0.00019014595839616556,0,1.406174518007935e-07,0.006227997146383962,0.00031215745434444653,0,11.020501999882981,1.0598310754018891e-06,1.9988535747589135e-06,1.8849340577909227e-05,3.432283351030487e-05,
subject_00622_healthy,subject_00622,subject_00622,subject_00622_healthy.npz,0,complete,2.0,6.0,1.0,10.0,-1.0,-1.0,-1.0,-1.0,0.0,0.0,0.0,0.0,2000000,none,pmcx,731906610,2.5131653266777023e-09,0.004064201786798027,0.00019671948661308328,0,3.1328854234800127e-09,0.006405075135485435,0.0003061710714374995,0,12.081530099734664,1.179427769569693e-06,1.1911701847041723e-06,5.6689212792609446e-05,2.164001707852855e-05,
subject_00622_hemorrhage,subject_00622,subject_00622,subject_00622_hemorrhage.npz,1,complete,2.0,6.0,1.0,10.0,32.0,51.0,18.0,17.0,5.0,5.0,5.0,515.0,2000000,none,pmcx,731906610,2.520371253773827e-09,0.0041059616579352184,0.00019742107218382752,0,3.132997409083745e-09,0.006409622893589645,0.0003065565012392071,0,12.121476299827918,1.179427769569693e-06,1.1911701847041723e-06,5.6689212792609446e-05,2.164001707852855e-05,
subject_00623_healthy,subject_00623,subject_00623,subject_00623_healthy.npz,0,complete,3.0,6.0,1.0,11.0,-1.0,-1.0,-1.0,-1.0,0.0,0.0,0.0,0.0,2000000,none,pmcx,2910000825,1.1526518036479618e-10,0.00391042282475666,0.00019212068820257788,0,1.2819082699274715e-08,0.006109201280943679,0.0003048218460717637,0,11.71941150026396,6.1277967056796e-07,8.530720616255334e-07,1.1730120686609304e-05,2.166641118621403e-05,
subject_00623_hemorrhage,subject_00623,subject_00623,subject_00623_hemorrhage.npz,1,complete,3.0,6.0,1.0,11.0,41.0,48.0,21.0,20.0,6.0,5.0,4.0,491.0,2000000,none,pmcx,2910000825,1.1813934163196042e-10,0.003910283019087986,0.0001921640878724246,0,1.2826021618710124e-08,0.00610760751234829,0.00030484919898385646,0,11.686536200111732,6.1277967056796e-07,8.530720616255334e-07,1.1730120686609304e-05,2.166641118621403e-05,
subject_00624_healthy,subject_00624,subject_00624,subject_00624_healthy.npz,0,complete,2.0,5.0,2.0,10.0,-1.0,-1.0,-1.0,-1.0,0.0,0.0,0.0,0.0,2000000,none,pmcx,1990612269,1.1453235218574783e-07,0.003944764100743092,0.000192369469900775,0,1.6375391237777203e-07,0.006286455529490025,0.00030561586883864016,0,11.320631299866363,1.0175087997401648e-06,1.346896496643876e-06,3.378558490439764e-05,2.2670787203484498e-05,
subject_00624_hemorrhage,subject_00624,subject_00624,subject_00624_hemorrhage.npz,1,complete,2.0,5.0,2.0,10.0,45.0,26.0,16.0,15.0,7.0,7.0,4.0,805.0,2000000,none,pmcx,1990612269,7.965309861815141e-08,0.003935825509731906,0.0001919574394179695,0,1.840545400897408e-07,0.0062699406015196205,0.000305202098910297,0,11.315043499926105,1.0175087997401648e-06,1.346896496643876e-06,3.378558490439764e-05,2.2670787203484498e-05,
subject_00625_healthy,subject_00625,subject_00625,subject_00625_healthy.npz,0,complete,2.0,6.0,1.0,10.0,-1.0,-1.0,-1.0,-1.0,0.0,0.0,0.0,0.0,2000000,none,pmcx,687755951,7.279435073386602e-10,0.003968773117529936,0.00019153627294604447,0,4.9189023571014664e-08,0.006448670479382549,0.0003174152031512964,0,12.10574350017123,6.721090217707592e-07,1.519115721417101e-06,1.2152713492469616e-05,3.466209263843986e-05,
subject_00625_hemorrhage,subject_00625,subject_00625,subject_00625_hemorrhage.npz,1,complete,2.0,6.0,1.0,10.0,37.0,28.0,21.0,20.0,5.0,6.0,4.0,491.0,2000000,none,pmcx,687755951,4.0495592951221374e-09,0.003956620404037467,0.00019173255306672427,0,4.9201262457221565e-08,0.006444304427491652,0.000317611518175823,0,12.122724300716072,6.721090217707592e-07,1.519115721417101e-06,1.2152713492469616e-05,3.466209263843986e-05,
subject_00626_healthy,subject_00626,subject_00626,subject_00626_healthy.npz,0,complete,3.0,7.0,2.0,13.0,-1.0,-1.0,-1.0,-1.0,0.0,0.0,0.0,0.0,2000000,none,pmcx,873631094,1.1697207123317728e-09,0.004001767509251525,0.0001956718353434889,0,4.9401463063958146e-08,0.006193358495823401,0.0003058695354369328,0,11.141970799537376,7.677928137338786e-07,1.5611234423663675e-06,2.3450661907939863e-05,1.7013077644400208e-05,
subject_00626_hemorrhage,subject_00626,subject_00626,subject_00626_hemorrhage.npz,1,complete,3.0,7.0,2.0,13.0,36.0,35.0,18.0,17.0,7.0,7.0,5.0,1023.0,2000000,none,pmcx,873631094,1.1812588571142162e-09,0.004011759202424046,0.0001956939837412646,0,1.0022232761783768e-07,0.0061906397139395285,0.0003061391487566334,0,11.184455499518663,7.677928137338786e-07,1.5611234423663675e-06,2.3450661907939863e-05,1.7013077644400208e-05,
subject_00627_healthy,subject_00627,subject_00627,subject_00627_healthy.npz,0,complete,2.0,5.0,1.0,9.0,-1.0,-1.0,-1.0,-1.0,0.0,0.0,0.0,0.0,2000000,none,pmcx,1497583725,2.6785820592890047e-10,0.004115947492749051,0.0002001842682587992,0,1.7794788043468398e-08,0.006216370004693036,0.000297540330619149,0,11.827376099536195,1.022362887632596e-06,1.2979419284803045e-06,2.5483666471507946e-05,3.335912375009194e-05,
subject_00627_hemorrhage,subject_00627,subject_00627,subject_00627_hemorrhage.npz,1,complete,2.0,5.0,1.0,9.0,31.0,44.0,21.0,20.0,7.0,5.0,4.0,577.0,2000000,none,pmcx,1497583725,2.742746227843777e-10,0.004141431159220559,0.00020054858856586102,0,1.2174500565384827e-08,0.006211084689163147,0.0002976536356088611,0,11.859244999941438,1.022362887632596e-06,1.2979419284803045e-06,2.5483666471507946e-05,3.335912375009194e-05,
subject_00628_healthy,subject_00628,subject_00628,subject_00628_healthy.npz,0,complete,2.0,7.0,2.0,12.0,-1.0,-1.0,-1.0,-1.0,0.0,0.0,0.0,0.0,2000000,none,pmcx,2574414305,1.800043976756048e-08,0.004131328503514089,0.00020100981835637587,0,1.6602305832598794e-07,0.006409130440309609,0.0003181907327721098,0,11.144613900454715,8.969835025924331e-07,2.314634375328214e-06,1.2196347293523709e-05,7.028909461430626e-05,
subject_00628_hemorrhage,subject_00628,subject_00628,subject_00628_hemorrhage.npz,1,complete,2.0,7.0,2.0,12.0,32.0,31.0,21.0,20.0,6.0,7.0,5.0,877.0,2000000,none,pmcx,2574414305,1.7367783068783308e-08,0.004133748332263372,0.00020116569759992352,0,1.7579885626980372e-07,0.006423296433210433,0.00031921143614966957,0,11.148532099556178,8.969835025924331e-07,2.314634375328214e-06,1.2196347293523709e-05,7.028909461430626e-05,
subject_00629_healthy,subject_00629,subject_00629,subject_00629_healthy.npz,0,complete,2.0,5.0,1.0,9.0,-1.0,-1.0,-1.0,-1.0,0.0,0.0,0.0,0.0,2000000,none,pmcx,1720780866,1.06658658570402e-09,0.003986521207413454,0.00019454404815804705,0,2.132746992785338e-08,0.006214916713049148,0.00029676372882945763,0,11.58022900018841,5.8227012545782e-07,1.4495356437977073e-06,8.949850604910575e-06,3.0056739691469193e-05,
subject_00629_hemorrhage,subject_00629,subject_00629,subject_00629_hemorrhage.npz,1,complete,2.0,5.0,1.0,9.0,46.0,31.0,15.0,14.0,6.0,6.0,4.0,585.0,2000000,none,pmcx,1720780866,1.002855320943319e-09,0.003988306359497236,0.00019463159771467982,0,2.3986637695843547e-08,0.006205940259688537,0.00029611711687842673,0,11.55684500024654,5.8227012545782e-07,1.4495356437977073e-06,8.949850604910575e-06,3.0056739691469193e-05,
subject_00630_healthy,subject_00630,subject_00630,subject_00630_healthy.npz,0,complete,2.0,6.0,2.0,11.0,-1.0,-1.0,-1.0,-1.0,0.0,0.0,0.0,0.0,2000000,none,pmcx,4239748027,2.984998906159283e-08,0.003898916229789264,0.00018923009542333452,0,1.1501706382422769e-07,0.006174211178589959,0.00030073154760763056,0,11.24060510052368,7.824554220474645e-07,1.8365774636573835e-06,2.117690693733418e-05,8.454827327628641e-05,
subject_00630_hemorrhage,subject_00630,subject_00630,subject_00630_hemorrhage.npz,1,complete,2.0,6.0,2.0,11.0,48.0,28.0,17.0,16.0,6.0,5.0,5.0,613.0,2000000,none,pmcx,4239748027,2.849066540816727e-08,0.003903565258681351,0.00018973002357352853,0,1.1151855139780867e-07,0.006254008298418492,0.0003018105824558983,0,11.262704399647191,7.824554220474645e-07,1.8365774636573835e-06,2.117690693733418e-05,8.454827327628641e-05,
subject_00631_healthy,subject_00631,subject_00631,subject_00631_healthy.npz,0,complete,3.0,7.0,2.0,13.0,-1.0,-1.0,-1.0,-1.0,0.0,0.0,0.0,0.0,2000000,none,pmcx,833704751,1.0410505747476012e-08,0.004181941810544153,0.00020593391883852243,0,1.4540304357643321e-08,0.006109084847916999,0.0003008517340249951,0,10.901177400257438,7.976923134058386e-07,1.6677242099014542e-06,2.038397655313405e-05,3.482101515634578e-05,
subject_00631_hemorrhage,subject_00631,subject_00631,subject_00631_hemorrhage.npz,1,complete,3.0,7.0,2.0,13.0,42.0,49.0,18.0,17.0,5.0,7.0,5.0,711.0,2000000,none,pmcx,833704751,2.0120755875398582e-08,0.004202325787097287,0.00020573738271231057,0,2.098109103342243e-08,0.006074263832760653,0.00030071144747183633,0,10.89806070085615,7.976923134058386e-07,1.6677242099014542e-06,2.038397655313405e-05,3.482101515634578e-05,
subject_00632_healthy,subject_00632,subject_00632,subject_00632_healthy.npz,0,complete,3.0,6.0,1.0,11.0,-1.0,-1.0,-1.0,-1.0,0.0,0.0,0.0,0.0,2000000,none,pmcx,2162334795,2.8932072800823044e-10,0.003952886252152565,0.00019639300485554213,0,3.785730821456801e-08,0.006164977083550454,0.0003030899447043398,0,11.890707599930465,1.000939489610014e-06,1.223413049450191e-06,3.478490170315089e-05,2.497956511799196e-05,
subject_00632_hemorrhage,subject_00632,subject_00632,subject_00632_hemorrhage.npz,1,complete,3.0,6.0,1.0,11.0,36.0,53.0,19.0,18.0,5.0,7.0,5.0,711.0,2000000,none,pmcx,2162334795,2.2507175110720903e-09,0.003987671153855716,0.000196959499720045,0,4.408475783601233e-08,0.006153573303241657,0.0003033099635698946,0,11.818636700278148,1.000939489610014e-06,1.223413049450191e-06,3.478490170315089e-05,2.497956511799196e-05,
subject_00633_healthy,subject_00633,subject_00633,subject_00633_healthy.npz,0,complete,3.0,6.0,1.0,11.0,-1.0,-1.0,-1.0,-1.0,0.0,0.0,0.0,0.0,2000000,none,pmcx,890957924,1.8291289829019372e-09,0.00409875540514228,0.00020300289010874865,0,1.8796088100492743e-08,0.006229609633061808,0.0003046718023131565,0,11.290070299524814,6.324472574588088e-07,1.724113887915933e-06,1.5981925850960116e-05,4.392683058874244e-05,
subject_00633_hemorrhage,subject_00633,subject_00633,subject_00633_hemorrhage.npz,1,complete,3.0,6.0,1.0,11.0,40.0,39.0,18.0,17.0,7.0,6.0,4.0,671.0,2000000,none,pmcx,890957924,9.385388830256632e-10,0.00408277347929132,0.00020295063335541678,0,1.415213331271519e-08,0.006229912878066006,0.00030590206584975115,0,11.391491400077939,6.324472574588088e-07,1.724113887915933e-06,1.5981925850960116e-05,4.392683058874244e-05,
subject_00634_healthy,subject_00634,subject_00634,subject_00634_healthy.npz,0,complete,2.0,7.0,2.0,12.0,-1.0,-1.0,-1.0,-1.0,0.0,0.0,0.0,0.0,2000000,none,pmcx,13453760,1.4586383938059317e-08,0.004175997940206008,0.00020524997127818783,0,2.8691305297215123e-07,0.0061954066821967215,0.00030339436795538336,0,11.151342499768361,8.218448377706778e-07,9.25202359465769e-07,1.742334955837435e-05,1.717806884358932e-05,
subject_00634_hemorrhage,subject_00634,subject_00634,subject_00634_hemorrhage.npz,1,complete,2.0,7.0,2.0,12.0,49.0,26.0,21.0,20.0,5.0,7.0,4.0,577.0,2000000,none,pmcx,13453760,1.295816491385114e-08,0.004189809387931085,0.0002051920098651948,0,2.988782127883867e-07,0.006201123218561656,0.00030334739821070164,0,11.161654999945313,8.218448377706778e-07,9.25202359465769e-07,1.742334955837435e-05,1.717806884358932e-05,
subject_00635_healthy,subject_00635,subject_00635,subject_00635_healthy.npz,0,complete,3.0,5.0,1.0,10.0,-1.0,-1.0,-1.0,-1.0,0.0,0.0,0.0,0.0,2000000,none,pmcx,514083953,6.547293234623637e-11,0.004003161281137715,0.00019415389083863525,0,5.950592239675235e-08,0.006067243578724686,0.0003005324741645677,0,11.85840990091674,9.531954348486627e-07,1.9561511654151806e-06,2.221498534406112e-05,7.101508080575164e-05,
subject_00635_hemorrhage,subject_00635,subject_00635,subject_00635_hemorrhage.npz,1,complete,3.0,5.0,1.0,10.0,42.0,34.0,15.0,14.0,7.0,7.0,5.0,1023.0,2000000,none,pmcx,514083953,1.5803919783944615e-10,0.004014463537640754,0.00019405893742747234,0,7.96069248212189e-09,0.006091241895607528,0.0003015428712810307,0,11.881817099871114,9.531954348486627e-07,1.9561511654151806e-06,2.221498534406112e-05,7.101508080575164e-05,
subject_00636_healthy,subject_00636,subject_00636,subject_00636_healthy.npz,0,complete,2.0,6.0,1.0,10.0,-1.0,-1.0,-1.0,-1.0,0.0,0.0,0.0,0.0,2000000,none,pmcx,3849446518,8.28304979393446e-10,0.004077359372751786,0.00020102233731104729,0,1.4504851640281298e-08,0.006442041579384884,0.00031075908612226467,0,11.601415100274608,8.086101644645843e-07,1.065799899106819e-06,3.227958952335512e-05,1.4482524206466986e-05,
subject_00636_hemorrhage,subject_00636,subject_00636,subject_00636_hemorrhage.npz,1,complete,2.0,6.0,1.0,10.0,46.0,31.0,16.0,15.0,7.0,6.0,5.0,877.0,2000000,none,pmcx,3849446518,5.589048586653798e-09,0.004077589357768757,0.000200789701569229,0,4.544134563480459e-08,0.006452122132739953,0.00031094286864481605,0,11.607217999640852,8.086101644645843e-07,1.065799899106819e-06,3.227958952335512e-05,1.4482524206466986e-05,
subject_00637_healthy,subject_00637,subject_00637,subject_00637_healthy.npz,0,complete,2.0,6.0,2.0,11.0,-1.0,-1.0,-1.0,-1.0,0.0,0.0,0.0,0.0,2000000,none,pmcx,1076848737,2.682671844548536e-08,0.004096227903251448,0.00019846324621677918,0,8.887876760696568e-08,0.006212684448235176,0.00029973359943916264,0,11.03125809924677,6.868849649987141e-07,1.0432240907714439e-06,2.69436103456722e-05,2.5668777069121247e-05,
subject_00637_hemorrhage,subject_00637,subject_00637,subject_00637_hemorrhage.npz,1,complete,2.0,6.0,2.0,11.0,51.0,29.0,18.0,17.0,6.0,7.0,4.0,671.0,2000000,none,pmcx,1076848737,3.049539504985619e-08,0.004106238405946661,0.00019891708381960372,0,8.630151909872541e-08,0.006202027785948634,0.00029939738745742397,0,11.08049810002558,6.868849649987141e-07,1.0432240907714439e-06,2.69436103456722e-05,2.5668777069121247e-05,
subject_00638_healthy,subject_00638,subject_00638,subject_00638_healthy.npz,0,complete,2.0,5.0,2.0,10.0,-1.0,-1.0,-1.0,-1.0,0.0,0.0,0.0,0.0,2000000,none,pmcx,1402500497,5.62540740229058e-08,0.00411358666560909,0.00020173741783067312,0,1.8913432398916728e-07,0.006077760856465135,0.0003001383828297333,0,11.393012800021097,1.1264180448140488e-06,1.1596810416424332e-06,3.6255600579636164e-05,2.1294465549629923e-05,
subject_00638_hemorrhage,subject_00638,subject_00638,subject_00638_hemorrhage.npz,1,complete,2.0,5.0,2.0,10.0,38.0,45.0,14.0,13.0,5.0,6.0,4.0,491.0,2000000,none,pmcx,1402500497,5.626036498871935e-08,0.004149842266188726,0.00020173365339555796,0,2.1770246380459243e-07,0.006075525932084498,0.0002997036172893601,0,11.387192599941045,1.1264180448140488e-06,1.1596810416424332e-06,3.6255600579636164e-05,2.1294465549629923e-05,
subject_00639_healthy,subject_00639,subject_00639,subject_00639_healthy.npz,0,complete,2.0,7.0,1.0,11.0,-1.0,-1.0,-1.0,-1.0,0.0,0.0,0.0,0.0,2000000,none,pmcx,2569201398,7.721953449413745e-10,0.00409668572191239,0.0002010008875561672,0,4.3128653179717105e-08,0.006241356525327092,0.0003018088242725649,0,12.172527499729767,1.3307553822405143e-06,1.2271044092305328e-06,3.8218574588533456e-05,1.4097718793003333e-05,
subject_00639_hemorrhage,subject_00639,subject_00639,subject_00639_hemorrhage.npz,1,complete,2.0,7.0,1.0,11.0,39.0,30.0,17.0,16.0,5.0,7.0,5.0,711.0,2000000,none,pmcx,2569201398,8.195358331429785e-10,0.004093760813336951,0.0002007633929671976,0,4.6682785282484697e-08,0.006236484030062546,0.0003017323492285532,0,12.174396200105548,1.3307553822405143e-06,1.2271044092305328e-06,3.8218574588533456e-05,1.4097718793003333e-05,
subject_00640_healthy,subject_00640,subject_00640,subject_00640_healthy.npz,0,complete,3.0,7.0,1.0,12.0,-1.0,-1.0,-1.0,-1.0,0.0,0.0,0.0,0.0,2000000,none,pmcx,1544007789,8.184514979354732e-11,0.00394022781534574,0.00019334671723622327,0,1.8601233401179683e-08,0.0061958264122041595,0.0003046416158207381,0,11.751212200149894,8.713001739530083e-07,1.620480824302144e-06,1.7878889172243465e-05,2.7237437068751685e-05,
subject_00640_hemorrhage,subject_00640,subject_00640,subject_00640_hemorrhage.npz,1,complete,3.0,7.0,1.0,12.0,34.0,26.0,18.0,17.0,6.0,5.0,4.0,491.0,2000000,none,pmcx,1544007789,8.186596505794376e-11,0.003938826192667159,0.00019300082449433392,0,5.165689900567404e-09,0.006199670988108909,0.0003046933954121225,0,11.771951100090519,8.713001739530083e-07,1.620480824302144e-06,1.7878889172243465e-05,2.7237437068751685e-05,
subject_00641_healthy,subject_00641,subject_00641,subject_00641_healthy.npz,0,complete,3.0,6.0,2.0,12.0,-1.0,-1.0,-1.0,-1.0,0.0,0.0,0.0,0.0,2000000,none,pmcx,2427706624,4.210337236130836e-08,0.004074800750276003,0.00020178902542532934,0,1.616814554991048e-07,0.006164369175558175,0.00030253810069913613,0,11.114628299837932,8.678698227694409e-07,1.4814916731881988e-06,2.228018640007632e-05,3.6694243737624144e-05,
subject_00641_hemorrhage,subject_00641,subject_00641,subject_00641_hemorrhage.npz,1,complete,3.0,6.0,2.0,12.0,31.0,28.0,19.0,18.0,5.0,6.0,4.0,491.0,2000000,none,pmcx,2427706624,2.04147883082906e-08,0.004070082039308637,0.00020188391799516258,0,1.4627958715698733e-07,0.0061493609397321606,0.00030259551265668296,0,11.059689099667594,8.678698227694409e-07,1.4814916731881988e-06,2.228018640007632e-05,3.6694243737624144e-05,
subject_00642_healthy,subject_00642,subject_00642,subject_00642_healthy.npz,0,complete,2.0,5.0,1.0,9.0,-1.0,-1.0,-1.0,-1.0,0.0,0.0,0.0,0.0,2000000,none,pmcx,213976983,2.0428180168143385e-09,0.004097501935753594,0.00019752694411822452,0,4.507072122090872e-08,0.006330562383757783,0.00031062000339785205,0,12.066093399422243,1.1172078255166066e-06,1.2560032052017158e-06,2.2344674915313403e-05,2.5761129556632796e-05,
subject_00642_hemorrhage,subject_00642,subject_00642,subject_00642_hemorrhage.npz,1,complete,2.0,5.0,1.0,9.0,39.0,46.0,16.0,15.0,7.0,5.0,4.0,577.0,2000000,none,pmcx,213976983,2.3838317101809387e-09,0.004080379721861845,0.00019735927543273812,0,4.4185756281227675e-08,0.006323030982096642,0.00031006672611607505,0,12.074016199680045,1.1172078255166066e-06,1.2560032052017158e-06,2.2344674915313403e-05,2.5761129556632796e-05,
subject_00643_healthy,subject_00643,subject_00643,subject_00643_healthy.npz,0,complete,3.0,6.0,2.0,12.0,-1.0,-1.0,-1.0,-1.0,0.0,0.0,0.0,0.0,2000000,none,pmcx,1539554145,1.1121648617966258e-08,0.003856138880596724,0.00018860758004450248,0,1.7232597299744192e-07,0.006077505541272092,0.00029727230257810326,0,11.171787000261247,1.126775068913196e-06,1.484999337145811e-06,3.5842124032203684e-05,1.911935876045142e-05,
subject_00643_hemorrhage,subject_00643,subject_00643,subject_00643_hemorrhage.npz,1,complete,3.0,6.0,2.0,12.0,32.0,32.0,19.0,18.0,7.0,5.0,5.0,711.0,2000000,none,pmcx,1539554145,1.2580481604592368e-08,0.0038664920586927005,0.00018917323193960622,0,1.71430662589453e-07,0.006067736857755747,0.0002971107700759596,0,11.21857349970378,1.126775068913196e-06,1.484999337145811e-06,3.5842124032203684e-05,1.911935876045142e-05,
subject_00644_healthy,subject_00644,subject_00644,subject_00644_healthy.npz,0,complete,2.0,7.0,1.0,11.0,-1.0,-1.0,-1.0,-1.0,0.0,0.0,0.0,0.0,2000000,none,pmcx,3323380068,3.3385757654155705e-09,0.004164400419448273,0.00020552055697611795,0,4.8330266760803725e-08,0.0062136833639425204,0.0003019429534913964,0,11.996526599861681,6.489982500406619e-07,1.7793586299950545e-06,1.301996264829481e-05,5.584868865808612e-05,
subject_00644_hemorrhage,subject_00644,subject_00644,subject_00644_hemorrhage.npz,1,complete,2.0,7.0,1.0,11.0,48.0,27.0,16.0,15.0,7.0,7.0,4.0,805.0,2000000,none,pmcx,3323380068,3.4219805674627307e-09,0.004167836469842217,0.0002055300464866213,0,4.940986505014295e-08,0.006223664627767276,0.0003010371535825423,0,11.891102900030091,6.489982500406619e-07,1.7793586299950545e-06,1.301996264829481e-05,5.584868865808612e-05,
subject_00645_healthy,subject_00645,subject_00645,subject_00645_healthy.npz,0,complete,2.0,6.0,1.0,10.0,-1.0,-1.0,-1.0,-1.0,0.0,0.0,0.0,0.0,2000000,none,pmcx,3288271281,1.6771386885520969e-09,0.004094790960614813,0.00020270706486040827,0,1.415894079873478e-08,0.006393444810069673,0.00031216084503557355,0,11.948819799814373,9.739457373337482e-07,1.3832708305838562e-06,2.771512831764144e-05,1.548667293917454e-05,
subject_00645_hemorrhage,subject_00645,subject_00645,subject_00645_hemorrhage.npz,1,complete,2.0,6.0,1.0,10.0,37.0,35.0,19.0,18.0,6.0,6.0,5.0,739.0,2000000,none,pmcx,3288271281,1.7087039812252843e-09,0.004106066170546462,0.00020242663748917805,0,1.6322299286757053e-08,0.006404803300536298,0.00031245730908727783,0,11.960945500526577,9.739457373337482e-07,1.3832708305838562e-06,2.771512831764144e-05,1.548667293917454e-05,
subject_00646_healthy,subject_00646,subject_00646,subject_00646_healthy.npz,0,complete,2.0,5.0,2.0,10.0,-1.0,-1.0,-1.0,-1.0,0.0,0.0,0.0,0.0,2000000,none,pmcx,3966091548,6.355891547722253e-08,0.00410306083666886,0.00020145045947683697,0,2.3693219835663316e-07,0.005950138822792973,0.0002883293934303388,0,11.03644169983454,1.2179117724986688e-06,1.5705961462336086e-06,4.583149102311938e-05,2.3294188695574883e-05,
subject_00646_hemorrhage,subject_00646,subject_00646,subject_00646_hemorrhage.npz,1,complete,2.0,5.0,2.0,10.0,30.0,44.0,16.0,15.0,5.0,7.0,5.0,711.0,2000000,none,pmcx,3966091548,2.491226552412967e-08,0.004148892327691979,0.00020158296642323312,0,2.3130477427142972e-07,0.005926844634097398,0.0002879462865199584,0,11.047344399848953,1.2179117724986688e-06,1.5705961462336086e-06,4.583149102311938e-05,2.3294188695574883e-05,
subject_00647_healthy,subject_00647,subject_00647,subject_00647_healthy.npz,0,complete,3.0,5.0,1.0,10.0,-1.0,-1.0,-1.0,-1.0,0.0,0.0,0.0,0.0,2000000,none,pmcx,3990585827,1.1008062340784167e-09,0.004013416680510445,0.0001993981406781043,0,1.588353108902979e-08,0.0062093995186872095,0.00030653851757842405,0,12.096263699466363,9.150768453846617e-07,1.5217549659122293e-06,1.5518445914169694e-05,3.35275481032583e-05,
subject_00647_hemorrhage,subject_00647,subject_00647,subject_00647_hemorrhage.npz,1,complete,3.0,5.0,1.0,10.0,39.0,34.0,18.0,17.0,7.0,6.0,5.0,877.0,2000000,none,pmcx,3990585827,1.0406000717465038e-09,0.003999490030746345,0.00019879735157240193,0,1.1318869184940518e-08,0.0061981342757223895,0.0003061587179973699,0,12.147554600145668,9.150768453846617e-07,1.5217549659122293e-06,1.5518445914169694e-05,3.35275481032583e-05,
subject_00648_healthy,subject_00648,subject_00648,subject_00648_healthy.npz,0,complete,3.0,5.0,1.0,10.0,-1.0,-1.0,-1.0,-1.0,0.0,0.0,0.0,0.0,2000000,none,pmcx,1950201019,7.19760964526711e-09,0.004040578745651913,0.00020037851878188456,0,6.200863496703996e-08,0.0061191583974313166,0.00030453198571541237,0,11.777110400376841,1.2739488231623622e-06,1.4634575414901954e-06,3.421394749436981e-05,2.362905411281563e-05,
subject_00648_hemorrhage,subject_00648,subject_00648,subject_00648_hemorrhage.npz,1,complete,3.0,5.0,1.0,10.0,37.0,39.0,15.0,14.0,6.0,5.0,5.0,613.0,2000000,none,pmcx,1950201019,3.801871365902125e-10,0.004038394449580247,0.00020032965879838782,0,4.4395310610204277e-08,0.006106507397995453,0.0003038792954435831,0,11.78596209990792,1.2739488231623622e-06,1.4634575414901954e-06,3.421394749436981e-05,2.362905411281563e-05,
subject_00649_healthy,subject_00649,subject_00649,subject_00649_healthy.npz,0,complete,2.0,7.0,1.0,11.0,-1.0,-1.0,-1.0,-1.0,0.0,0.0,0.0,0.0,2000000,none,pmcx,2587928207,1.6077052057850858e-10,0.00422653865320296,0.00021124860921374494,0,3.4010614204878975e-08,0.006284724310534626,0.00030427608124698437,0,11.626151699339971,6.353932697904865e-07,2.1289506622337314e-06,1.2926727524681034e-05,5.001490997626895e-05,
subject_00649_hemorrhage,subject_00649,subject_00649,subject_00649_hemorrhage.npz,1,complete,2.0,7.0,1.0,11.0,46.0,48.0,15.0,14.0,7.0,7.0,4.0,805.0,2000000,none,pmcx,2587928207,4.6729297554512986e-12,0.004227119886088986,0.0002111360862622533,0,3.38339744519163e-08,0.0062470362244923215,0.0003042430799103709,0,11.644563100067899,6.353932697904865e-07,2.1289506622337314e-06,1.2926727524681034e-05,5.001490997626895e-05,
subject_00650_healthy,subject_00650,subject_00650,subject_00650_healthy.npz,0,complete,2.0,6.0,2.0,11.0,-1.0,-1.0,-1.0,-1.0,0.0,0.0,0.0,0.0,2000000,none,pmcx,2611617332,1.0837833601223267e-08,0.004262353751330381,0.00021105227447597795,0,1.8693817125519826e-07,0.006196392583074962,0.0003062976980429684,0,11.286093699978665,1.1635743468842483e-06,1.4739762467010708e-06,3.596533370761167e-05,2.3635017784849263e-05,
subject_00650_hemorrhage,subject_00650,subject_00650,subject_00650_hemorrhage.npz,1,complete,2.0,6.0,2.0,11.0,29.0,24.0,20.0,19.0,6.0,6.0,5.0,739.0,2000000,none,pmcx,2611617332,4.216714092972313e-08,0.004253464914131921,0.00021096194374311037,0,1.6646110595335224e-07,0.006192470193213924,0.00030654659916738247,0,11.22680789954029,1.1635743468842483e-06,1.4739762467010708e-06,3.596533370761167e-05,2.3635017784849263e-05,
subject_00651_healthy,subject_00651,subject_00651,subject_00651_healthy.npz,0,complete,3.0,6.0,1.0,11.0,-1.0,-1.0,-1.0,-1.0,0.0,0.0,0.0,0.0,2000000,none,pmcx,3292864228,1.2374741897135096e-09,0.004063174935688584,0.00019906526590492948,0,4.680579107670811e-09,0.0060764968683310865,0.00029853334340115834,0,12.15546780009754,9.416609301674773e-07,9.034364415260818e-07,4.103287626580892e-05,1.3236376680988288e-05,
subject_00651_hemorrhage,subject_00651,subject_00651,subject_00651_hemorrhage.npz,1,complete,3.0,6.0,1.0,11.0,51.0,40.0,17.0,16.0,5.0,6.0,4.0,491.0,2000000,none,pmcx,3292864228,1.2186674488034641e-09,0.0040638733542262195,0.00019881014993188836,0,4.705126044411724e-09,0.00607358504377105,0.0002988834849003817,0,12.1596326995641,9.416609301674773e-07,9.034364415260818e-07,4.103287626580892e-05,1.3236376680988288e-05,
subject_00652_healthy,subject_00652,subject_00652,subject_00652_healthy.npz,0,complete,3.0,6.0,1.0,11.0,-1.0,-1.0,-1.0,-1.0,0.0,0.0,0.0,0.0,2000000,none,pmcx,3555645490,1.1323194231743335e-09,0.003960186784944109,0.00019430167187826163,0,4.4890163521985856e-08,0.006474907321588919,0.0003198279713749406,0,12.222508499864489,9.076741017878215e-07,2.230120322403356e-06,1.825770034119664e-05,4.212504982344101e-05,
subject_00652_hemorrhage,subject_00652,subject_00652,subject_00652_hemorrhage.npz,1,complete,3.0,6.0,1.0,11.0,32.0,26.0,16.0,15.0,7.0,7.0,5.0,1023.0,2000000,none,pmcx,3555645490,8.063741500077995e-10,0.00395400038519771,0.00019426836019082334,0,1.9017132621805805e-08,0.006477131258196426,0.00031871649794837945,0,12.268955699633807,9.076741017878215e-07,2.230120322403356e-06,1.825770034119664e-05,4.212504982344101e-05,
subject_00653_healthy,subject_00653,subject_00653,subject_00653_healthy.npz,0,complete,3.0,6.0,2.0,12.0,-1.0,-1.0,-1.0,-1.0,0.0,0.0,0.0,0.0,2000000,none,pmcx,3969678046,1.1702844510413215e-08,0.004082790861857109,0.00020406428279424744,0,6.775160965194462e-08,0.006328554794987093,0.0003139495879868321,0,10.798259500181302,8.089585201396743e-07,1.789181305699971e-06,1.4038600477073518e-05,9.868365365815843e-05,
subject_00653_hemorrhage,subject_00653,subject_00653,subject_00653_hemorrhage.npz,1,complete,3.0,6.0,2.0,12.0,50.0,24.0,20.0,19.0,6.0,6.0,5.0,739.0,2000000,none,pmcx,3969678046,1.1681334361146411e-08,0.004096829462334183,0.00020418839934699292,0,7.189035865805826e-08,0.006283688208848037,0.00031378124578146263,0,10.809500199509785,8.089585201396743e-07,1.789181305699971e-06,1.4038600477073518e-05,9.868365365815843e-05,
subject_00654_healthy,subject_00654,subject_00654,subject_00654_healthy.npz,0,complete,3.0,5.0,2.0,11.0,-1.0,-1.0,-1.0,-1.0,0.0,0.0,0.0,0.0,2000000,none,pmcx,3063816174,4.164849870753552e-08,0.003855650371461855,0.00018845099447012861,0,2.285268102669988e-07,0.006099361748967952,0.0002973734036103494,0,11.36959830019623,9.479415507089151e-07,1.9288692471039024e-06,1.8527646366574366e-05,6.367965435070608e-05,
subject_00654_hemorrhage,subject_00654,subject_00654,subject_00654_hemorrhage.npz,1,complete,3.0,5.0,2.0,11.0,37.0,38.0,16.0,15.0,5.0,7.0,5.0,711.0,2000000,none,pmcx,3063816174,2.5902303530945705e-08,0.0038548162691835405,0.00018841107748980397,0,2.216114681574738e-07,0.00608507852931894,0.0002979332060548122,0,11.411741399904713,9.479415507089151e-07,1.9288692471039024e-06,1.8527646366574366e-05,6.367965435070608e-05,
subject_00655_healthy,subject_00655,subject_00655,subject_00655_healthy.npz,0,complete,3.0,6.0,1.0,11.0,-1.0,-1.0,-1.0,-1.0,0.0,0.0,0.0,0.0,2000000,none,pmcx,239292206,4.83717819324543e-10,0.004039986079458196,0.0001986801047957156,0,2.1367903634335346e-08,0.006018397489855694,0.0002946096922013369,0,12.158610600279644,5.953302155106123e-07,7.778476710155544e-07,1.4533805440202115e-05,1.4943191600147107e-05,
subject_00655_hemorrhage,subject_00655,subject_00655,subject_00655_hemorrhage.npz,1,complete,3.0,6.0,1.0,11.0,48.0,30.0,21.0,20.0,5.0,7.0,4.0,577.0,2000000,none,pmcx,239292206,6.670240643660918e-10,0.004027260926963649,0.0001986738718022695,0,2.1417525201473746e-08,0.006011087762878159,0.0002944160813707312,0,12.230542900273576,5.953302155106123e-07,7.778476710155544e-07,1.4533805440202115e-05,1.4943191600147107e-05,
subject_00656_healthy,subject_00656,subject_00656,subject_00656_healthy.npz,0,complete,2.0,6.0,1.0,10.0,-1.0,-1.0,-1.0,-1.0,0.0,0.0,0.0,0.0,2000000,none,pmcx,1809975248,3.5211665882908307e-09,0.0040555935266526595,0.00019452951920268942,0,1.991048757481618e-08,0.0062051010505997616,0.00030193404243794374,0,12.272617699811235,1.2764373004016854e-06,1.1706720619301684e-06,3.244303514130312e-05,3.684851695123e-05,
subject_00656_hemorrhage,subject_00656,subject_00656,subject_00656_hemorrhage.npz,1,complete,2.0,6.0,1.0,10.0,33.0,43.0,18.0,17.0,6.0,5.0,4.0,491.0,2000000,none,pmcx,1809975248,8.856662264075889e-11,0.004086868587297576,0.0001952514836948566,0,1.922623004808049e-08,0.0062015145329269135,0.00030178129323170616,0,12.193280799780041,1.2764373004016854e-06,1.1706720619301684e-06,3.244303514130312e-05,3.684851695123e-05,
subject_00657_healthy,subject_00657,subject_00657,subject_00657_healthy.npz,0,complete,2.0,6.0,1.0,10.0,-1.0,-1.0,-1.0,-1.0,0.0,0.0,0.0,0.0,2000000,none,pmcx,2014825926,9.24675286403683e-09,0.004041224944247197,0.00019646654552869607,0,2.81447972376556e-08,0.006583387704383421,0.0003178359259132568,0,12.10950359981507,1.0679423656967928e-06,1.2959709048033257e-06,2.7461901684409755e-05,3.617066460117908e-05,
subject_00657_hemorrhage,subject_00657,subject_00657,subject_00657_hemorrhage.npz,1,complete,2.0,6.0,1.0,10.0,32.0,33.0,21.0,20.0,7.0,6.0,4.0,671.0,2000000,none,pmcx,2014825926,6.730607716172417e-10,0.004041739638630897,0.0001959715143229004,0,1.5994683416283352e-08,0.006578829030252456,0.00031723492625629915,0,12.159419300034642,1.0679423656967928e-06,1.2959709048033257e-06,2.7461901684409755e-05,3.617066460117908e-05,
subject_00658_healthy,subject_00658,subject_00658,subject_00658_healthy.npz,0,complete,3.0,6.0,2.0,12.0,-1.0,-1.0,-1.0,-1.0,0.0,0.0,0.0,0.0,2000000,none,pmcx,1974318228,2.615773155722652e-08,0.004088704784162807,0.00020048418915046982,0,1.1544520831035505e-07,0.005977376616751599,0.0002913890169301973,0,11.431135500315577,6.243591412435769e-07,1.2280317181561814e-06,1.1966257322610675e-05,1.7369008796500572e-05,
subject_00658_hemorrhage,subject_00658,subject_00658,subject_00658_hemorrhage.npz,1,complete,3.0,6.0,2.0,12.0,40.0,26.0,20.0,19.0,5.0,6.0,5.0,613.0,2000000,none,pmcx,1974318228,1.5531066087758274e-08,0.004082228094738693,0.00020032757024949322,0,1.9219669626667733e-07,0.005977306996171708,0.00029130219535326027,0,11.38774220040068,6.243591412435769e-07,1.2280317181561814e-06,1.1966257322610675e-05,1.7369008796500572e-05,
subject_00659_healthy,subject_00659,subject_00659,subject_00659_healthy.npz,0,complete,3.0,6.0,1.0,11.0,-1.0,-1.0,-1.0,-1.0,0.0,0.0,0.0,0.0,2000000,none,pmcx,2261491570,1.1480251147519243e-09,0.003942074410049105,0.00019435297114093385,0,1.7866770445678687e-08,0.006250113547502506,0.00031534500705263595,0,11.824600900523365,9.871768171965984e-07,1.0143745321417475e-06,4.192306615853972e-05,3.573686859422321e-05,
subject_00659_hemorrhage,subject_00659,subject_00659,subject_00659_hemorrhage.npz,1,complete,3.0,6.0,1.0,11.0,42.0,26.0,20.0,19.0,6.0,6.0,5.0,739.0,2000000,none,pmcx,2261491570,1.148461304354249e-09,0.0039449135444498675,0.00019393431436100578,0,3.3035730052079767e-08,0.006251066907335073,0.00031557709622485154,0,11.882677499670535,9.871768171965984e-07,1.0143745321417475e-06,4.192306615853972e-05,3.573686859422321e-05,
subject_00660_healthy,subject_00660,subject_00660,subject_00660_healthy.npz,0,complete,3.0,6.0,1.0,11.0,-1.0,-1.0,-1.0,-1.0,0.0,0.0,0.0,0.0,2000000,none,pmcx,3644940592,1.6134684523565e-09,0.003955188061834857,0.00019560668062935013,0,1.3025708927257673e-12,0.0059717610877366685,0.0002902827189132005,0,11.632306600455195,1.2224354030272632e-06,1.4385813548174793e-06,3.420077529181064e-05,2.9448660650323788e-05,
subject_00660_hemorrhage,subject_00660,subject_00660,subject_00660_hemorrhage.npz,1,complete,3.0,6.0,1.0,11.0,46.0,52.0,15.0,14.0,6.0,6.0,4.0,585.0,2000000,none,pmcx,3644940592,1.8151466913299507e-09,0.003989388837126667,0.0001959847793187098,0,6.129764540074454e-12,0.005962868987702381,0.0002899844965196828,0,11.637913399608806,1.2224354030272632e-06,1.4385813548174793e-06,3.420077529181064e-05,2.9448660650323788e-05,
subject_00661_healthy,subject_00661,subject_00661,subject_00661_healthy.npz,0,complete,2.0,7.0,1.0,11.0,-1.0,-1.0,-1.0,-1.0,0.0,0.0,0.0,0.0,2000000,none,pmcx,110175064,4.453749136147781e-09,0.004042362634627823,0.00019620635936190914,0,4.957645518250541e-08,0.0062580789610493185,0.0003075216230257757,0,11.848317800089717,8.737580759661608e-07,1.0623143081685564e-06,2.747808551934166e-05,3.058705311315829e-05,
subject_00661_hemorrhage,subject_00661,subject_00661,subject_00661_hemorrhage.npz,1,complete,2.0,7.0,1.0,11.0,51.0,45.0,19.0,18.0,6.0,5.0,5.0,613.0,2000000,none,pmcx,110175064,3.910736749596991e-09,0.004039213516804439,0.0001965987674042606,0,7.162046421402163e-08,0.006253261875355265,0.0003073297799224471,0,11.895539299817756,8.737580759661608e-07,1.0623143081685564e-06,2.747808551934166e-05,3.058705311315829e-05,
subject_00662_healthy,subject_00662,subject_00662,subject_00662_healthy.npz,0,complete,3.0,6.0,2.0,12.0,-1.0,-1.0,-1.0,-1.0,0.0,0.0,0.0,0.0,2000000,none,pmcx,1876622597,8.215969143352207e-09,0.0038893873723426643,0.00018776351263003935,0,5.634663228427976e-08,0.006177063628116475,0.00029965780011269175,0,11.285908300662413,7.694433086422398e-07,1.340366389585561e-06,1.4213734365298072e-05,3.834092440620045e-05,
subject_00662_hemorrhage,subject_00662,subject_00662,subject_00662_hemorrhage.npz,1,complete,3.0,6.0,2.0,12.0,44.0,34.0,18.0,17.0,5.0,5.0,4.0,417.0,2000000,none,pmcx,1876622597,7.985269817132954e-09,0.0038909246891279435,0.0001880441477402081,0,4.856074010008894e-08,0.006158974822982444,0.000299798049204352,0,11.244191199541092,7.694433086422398e-07,1.340366389585561e-06,1.4213734365298072e-05,3.834092440620045e-05,
subject_00663_healthy,subject_00663,subject_00663,subject_00663_healthy.npz,0,complete,3.0,6.0,1.0,11.0,-1.0,-1.0,-1.0,-1.0,0.0,0.0,0.0,0.0,2000000,none,pmcx,539583670,2.4634851672284697e-09,0.004127882672916975,0.00020463976031080396,0,6.511506460863144e-09,0.006190985613035873,0.0003050521324384713,0,11.787063000258058,6.73802693409589e-07,1.2475071281825243e-06,1.3873544452335613e-05,3.339915942169626e-05,
subject_00663_hemorrhage,subject_00663,subject_00663,subject_00663_hemorrhage.npz,1,complete,3.0,6.0,1.0,11.0,48.0,31.0,21.0,20.0,5.0,6.0,5.0,613.0,2000000,none,pmcx,539583670,2.4507517168501825e-09,0.004121631236389439,0.000204355979394929,0,8.301014115332994e-09,0.006192275069846168,0.0003048062277545672,0,11.720509400125593,6.73802693409589e-07,1.2475071281825243e-06,1.3873544452335613e-05,3.339915942169626e-05,
subject_00664_healthy,subject_00664,subject_00664,subject_00664_healthy.npz,0,complete,3.0,5.0,1.0,10.0,-1.0,-1.0,-1.0,-1.0,0.0,0.0,0.0,0.0,2000000,none,pmcx,722872278,3.643190455599749e-09,0.003946588442321308,0.00019231860006781754,0,4.973504279303781e-09,0.006072347775722294,0.0002938867570773677,0,11.866640799911693,9.354876911075608e-07,1.0565318184265548e-06,2.108894267573245e-05,2.486885430286797e-05,
subject_00664_hemorrhage,subject_00664,subject_00664,subject_00664_hemorrhage.npz,1,complete,3.0,5.0,1.0,10.0,43.0,39.0,20.0,19.0,7.0,7.0,4.0,805.0,2000000,none,pmcx,722872278,3.590166550811035e-09,0.003954741637687196,0.00019258706949921195,0,7.608391487312107e-09,0.0060668948902969705,0.0002938076529319051,0,11.897077099885792,9.354876911075608e-07,1.0565318184265548e-06,2.108894267573245e-05,2.486885430286797e-05,
subject_00665_healthy,subject_00665,subject_00665,subject_00665_healthy.npz,0,complete,2.0,6.0,1.0,10.0,-1.0,-1.0,-1.0,-1.0,0.0,0.0,0.0,0.0,2000000,none,pmcx,454072308,1.1943596365229102e-09,0.004131853078972049,0.00020141038860253598,0,2.440748697597953e-08,0.00621777325582076,0.00029677762905109444,0,11.487769599771127,9.200075050065176e-07,1.5922166724779874e-06,1.7670433522741155e-05,2.1019400636262606e-05,
subject_00665_hemorrhage,subject_00665,subject_00665,subject_00665_hemorrhage.npz,1,complete,2.0,6.0,1.0,10.0,44.0,35.0,16.0,15.0,6.0,6.0,4.0,585.0,2000000,none,pmcx,454072308,1.1192408440375835e-09,0.004114182645449308,0.00020102305219919168,0,2.4565813853349516e-09,0.006234594916423926,0.00029707456481647076,0,11.455183999612927,9.200075050065176e-07,1.5922166724779874e-06,1.7670433522741155e-05,2.1019400636262606e-05,
subject_00666_healthy,subject_00666,subject_00666,subject_00666_healthy.npz,0,complete,2.0,6.0,2.0,11.0,-1.0,-1.0,-1.0,-1.0,0.0,0.0,0.0,0.0,2000000,none,pmcx,1164827425,2.697683348068591e-08,0.004151690593563559,0.00020083604963058672,0,7.446986204985045e-08,0.00637385252541059,0.00031924049226558164,0,10.889657000778243,1.1716050732122084e-06,1.7477046164010365e-06,3.33277776677042e-05,3.869559594813377e-05,
subject_00666_hemorrhage,subject_00666,subject_00666,subject_00666_hemorrhage.npz,1,complete,2.0,6.0,2.0,11.0,47.0,33.0,18.0,17.0,7.0,7.0,5.0,1023.0,2000000,none,pmcx,1164827425,1.6340892837649658e-08,0.004143834672114303,0.00020074060959297726,0,6.440624241035871e-08,0.0063861604804230625,0.00031899500439069026,0,10.885833500185981,1.1716050732122084e-06,1.7477046164010365e-06,3.33277776677042e-05,3.869559594813377e-05,
subject_00667_healthy,subject_00667,subject_00667,subject_00667_healthy.npz,0,complete,3.0,5.0,1.0,10.0,-1.0,-1.0,-1.0,-1.0,0.0,0.0,0.0,0.0,2000000,none,pmcx,1430041632,1.0042678325730511e-09,0.004067406261256905,0.00020170725733441533,0,3.6717756517525e-08,0.006167071541497017,0.0003009878564265798,0,11.622856999980286,1.210368227820748e-06,1.3194050638165735e-06,3.421550723087382e-05,1.7572897724460294e-05,
subject_00667_hemorrhage,subject_00667,subject_00667,subject_00667_hemorrhage.npz,1,complete,3.0,5.0,1.0,10.0,46.0,46.0,17.0,16.0,7.0,5.0,5.0,711.0,2000000,none,pmcx,1430041632,9.942677417978897e-10,0.004057864321765491,0.00020160492878426562,0,3.341750259039149e-08,0.006175872292639867,0.00030135894979103743,0,11.68668729905039,1.210368227820748e-06,1.3194050638165735e-06,3.421550723087382e-05,1.7572897724460294e-05,
subject_00668_healthy,subject_00668,subject_00668,subject_00668_healthy.npz,0,complete,3.0,6.0,2.0,12.0,-1.0,-1.0,-1.0,-1.0,0.0,0.0,0.0,0.0,2000000,none,pmcx,3273343316,1.8906322524774747e-08,0.003989958949781672,0.00019752085789834665,0,1.6500115483206403e-07,0.006184821951018616,0.00031201454919619395,0,10.89281150023453,8.702503597703644e-07,1.5522226410862386e-06,1.483502703122962e-05,2.3519344066935156e-05,
subject_00668_hemorrhage,subject_00668,subject_00668,subject_00668_hemorrhage.npz,1,complete,3.0,6.0,2.0,12.0,31.0,46.0,21.0,20.0,5.0,6.0,5.0,613.0,2000000,none,pmcx,3273343316,2.0218168180333913e-08,0.003975915771510309,0.00019694528137491373,0,1.72953951353896e-07,0.006189690104712515,0.0003123757622171026,0,10.874028299702331,8.702503597703644e-07,1.5522226410862386e-06,1.483502703122962e-05,2.3519344066935156e-05,
subject_00669_healthy,subject_00669,subject_00669,subject_00669_healthy.npz,0,complete,3.0,5.0,1.0,10.0,-1.0,-1.0,-1.0,-1.0,0.0,0.0,0.0,0.0,2000000,none,pmcx,2398651279,1.3066313970736047e-09,0.003967787978977933,0.00019823625083814915,0,2.6057611773511215e-08,0.006057175557916043,0.0002974683524894976,0,11.617168800206855,6.863062974242599e-07,1.1694201965152694e-06,1.0115802440861799e-05,1.5639931147536264e-05,
subject_00669_hemorrhage,subject_00669,subject_00669,subject_00669_hemorrhage.npz,1,complete,3.0,5.0,1.0,10.0,48.0,55.0,17.0,16.0,5.0,6.0,4.0,491.0,2000000,none,pmcx,2398651279,1.4669177042095178e-09,0.003957672176537071,0.00019815397010216398,0,4.71978587395894e-08,0.00605217989843196,0.00029758060537795705,0,11.661433699773625,6.863062974242599e-07,1.1694201965152694e-06,1.0115802440861799e-05,1.5639931147536264e-05,
subject_00670_healthy,subject_00670,subject_00670,subject_00670_healthy.npz,0,complete,3.0,6.0,1.0,11.0,-1.0,-1.0,-1.0,-1.0,0.0,0.0,0.0,0.0,2000000,none,pmcx,2235772584,5.208505722428274e-10,0.004000568582551275,0.00020044973169082176,0,3.147568070646077e-09,0.0062830779516132584,0.0003086669563681919,0,11.852942298864946,9.32459923365331e-07,1.3652235324551217e-06,2.7040645454655746e-05,2.601612608806817e-05,
subject_00670_hemorrhage,subject_00670,subject_00670,subject_00670_hemorrhage.npz,1,complete,3.0,6.0,1.0,11.0,40.0,33.0,17.0,16.0,6.0,6.0,5.0,739.0,2000000,none,pmcx,2235772584,5.609684390416493e-10,0.004010292832435231,0.00020030870799145058,0,2.3725248068612513e-09,0.006309094077701327,0.0003085290717498747,0,11.827412800164893,9.32459923365331e-07,1.3652235324551217e-06,2.7040645454655746e-05,2.601612608806817e-05,
subject_00671_healthy,subject_00671,subject_00671,subject_00671_healthy.npz,0,complete,3.0,6.0,1.0,11.0,-1.0,-1.0,-1.0,-1.0,0.0,0.0,0.0,0.0,2000000,none,pmcx,220543864,1.2411056558506513e-09,0.004265106685214734,0.00021184889857435197,0,1.0321914767663357e-08,0.006119499787113099,0.00029682035296964293,0,11.598969399929047,8.500392315283673e-07,1.1979410376802027e-06,2.98074678165847e-05,2.296227133155755e-05,
subject_00671_hemorrhage,subject_00671,subject_00671,subject_00671_hemorrhage.npz,1,complete,3.0,6.0,1.0,11.0,46.0,30.0,17.0,16.0,5.0,6.0,4.0,491.0,2000000,none,pmcx,220543864,1.1963208812964977e-09,0.004289918783222142,0.00021224354286607496,0,4.340712119174024e-08,0.006138353720383685,0.00029683316217721885,0,11.600933699402958,8.500392315283673e-07,1.1979410376802027e-06,2.98074678165847e-05,2.296227133155755e-05,
subject_00672_healthy,subject_00672,subject_00672,subject_00672_healthy.npz,0,complete,2.0,5.0,2.0,10.0,-1.0,-1.0,-1.0,-1.0,0.0,0.0,0.0,0.0,2000000,none,pmcx,597412942,2.7581439794382364e-08,0.003982709397255099,0.00019472502037482545,0,1.6956123899879455e-07,0.006235619018142032,0.00030275268184252335,0,10.983561299974099,8.497812011660127e-07,1.2695706298712064e-06,2.080651592927061e-05,1.2787689675383858e-05,
subject_00672_hemorrhage,subject_00672,subject_00672,subject_00672_hemorrhage.npz,1,complete,2.0,5.0,2.0,10.0,32.0,52.0,17.0,16.0,5.0,6.0,4.0,491.0,2000000,none,pmcx,597412942,4.339427432451813e-08,0.003989618471627809,0.00019421681940537858,0,1.840252569608348e-07,0.006237623858860959,0.0003026257185050113,0,11.028456799918786,8.497812011660127e-07,1.2695706298712064e-06,2.080651592927061e-05,1.2787689675383858e-05,
subject_00673_healthy,subject_00673,subject_00673,subject_00673_healthy.npz,0,complete,2.0,6.0,2.0,11.0,-1.0,-1.0,-1.0,-1.0,0.0,0.0,0.0,0.0,2000000,none,pmcx,2648965663,6.28181649222465e-08,0.003939788206694875,0.00019544778134579583,0,1.4791325222466524e-07,0.006422475979479524,0.000311261073617124,0,11.398231399944052,1.1738571807374188e-06,1.5774542552530237e-06,3.352409304516841e-05,2.0163458341898415e-05,
subject_00673_hemorrhage,subject_00673,subject_00673,subject_00673_hemorrhage.npz,1,complete,2.0,6.0,2.0,11.0,31.0,41.0,19.0,18.0,6.0,6.0,4.0,585.0,2000000,none,pmcx,2648965663,4.963848395994358e-08,0.0039588193545025555,0.0001958075548386174,0,1.473126600274813e-07,0.006419412269861025,0.00031132781087266927,0,11.38215999933891,1.1738571807374188e-06,1.5774542552530237e-06,3.352409304516841e-05,2.0163458341898415e-05,
subject_00674_healthy,subject_00674,subject_00674,subject_00674_healthy.npz,0,complete,3.0,6.0,2.0,12.0,-1.0,-1.0,-1.0,-1.0,0.0,0.0,0.0,0.0,2000000,none,pmcx,1027928106,3.924446490080189e-08,0.003902055020856202,0.00019140256635747673,0,1.3287271929145481e-07,0.006078202272603125,0.00030074611173596115,0,11.29258680017665,7.956864500770528e-07,1.2492308232186585e-06,3.252215843747158e-05,1.813783777067802e-05,
subject_00674_hemorrhage,subject_00674,subject_00674,subject_00674_hemorrhage.npz,1,complete,3.0,6.0,2.0,12.0,49.0,27.0,20.0,19.0,6.0,5.0,5.0,613.0,2000000,none,pmcx,1027928106,2.4318810330891207e-08,0.0038695328624187304,0.00019138930252523298,0,1.967119046797509e-07,0.006072020017288922,0.00030079908771769176,0,11.323697099927813,7.956864500770528e-07,1.2492308232186585e-06,3.252215843747158e-05,1.813783777067802e-05,
subject_00675_healthy,subject_00675,subject_00675,subject_00675_healthy.npz,0,complete,3.0,5.0,1.0,10.0,-1.0,-1.0,-1.0,-1.0,0.0,0.0,0.0,0.0,2000000,none,pmcx,2946273982,4.294676823208512e-09,0.004109912839258378,0.00019997889332146277,0,3.0665482597977936e-08,0.006208126206752116,0.0003089571027226202,0,11.911097399890423,1.1916074170345342e-06,1.813997716729896e-06,2.104402483494596e-05,3.2453472025001547e-05,
subject_00675_hemorrhage,subject_00675,subject_00675,subject_00675_hemorrhage.npz,1,complete,3.0,5.0,1.0,10.0,35.0,28.0,19.0,18.0,7.0,7.0,4.0,805.0,2000000,none,pmcx,2946273982,2.186761891512957e-09,0.004125535012581639,0.00020003719442627003,0,1.9286114380690496e-08,0.0061882453000818025,0.0003081584432663447,0,11.896310199517757,1.1916074170345342e-06,1.813997716729896e-06,2.104402483494596e-05,3.2453472025001547e-05,
subject_00676_healthy,subject_00676,subject_00676,subject_00676_healthy.npz,0,complete,2.0,5.0,2.0,10.0,-1.0,-1.0,-1.0,-1.0,0.0,0.0,0.0,0.0,2000000,none,pmcx,2710037609,1.0737551512153125e-07,0.00419002935883617,0.00020566863428181752,0,1.4883840615335845e-07,0.006234615346679578,0.0003072237173934315,0,11.079163299873471,1.1108552595378556e-06,2.144643071768445e-06,3.246960863735344e-05,6.994001802974274e-05,
subject_00676_hemorrhage,subject_00676,subject_00676,subject_00676_hemorrhage.npz,1,complete,2.0,5.0,2.0,10.0,40.0,55.0,20.0,19.0,7.0,5.0,5.0,711.0,2000000,none,pmcx,2710037609,1.1311664435593882e-07,0.004202257072368565,0.00020564027211755884,0,1.7114056679729813e-07,0.006236186490199241,0.00030633900371517463,0,11.114614501129836,1.1108552595378556e-06,2.144643071768445e-06,3.246960863735344e-05,6.994001802974274e-05,
subject_00677_healthy,subject_00677,subject_00677,subject_00677_healthy.npz,0,complete,3.0,5.0,2.0,11.0,-1.0,-1.0,-1.0,-1.0,0.0,0.0,0.0,0.0,2000000,none,pmcx,3054770938,3.52120252860096e-08,0.004138219166343078,0.00020242591884224223,0,1.638025953377725e-07,0.0062730143869622985,0.00030852984505731616,0,10.931029899744317,9.85616034748059e-07,1.6190378072502778e-06,1.966621013935882e-05,2.1876467765129248e-05,
subject_00677_hemorrhage,subject_00677,subject_00677,subject_00677_hemorrhage.npz,1,complete,3.0,5.0,2.0,11.0,33.0,27.0,18.0,17.0,7.0,7.0,5.0,1023.0,2000000,none,pmcx,3054770938,3.352819195624835e-08,0.004157885376482436,0.00020231432791420646,0,1.3286205679380588e-07,0.006277718307586123,0.00030903073369606784,0,10.981179899768904,9.85616034748059e-07,1.6190378072502778e-06,1.966621013935882e-05,2.1876467765129248e-05,
subject_00678_healthy,subject_00678,subject_00678,subject_00678_healthy.npz,0,complete,3.0,6.0,1.0,11.0,-1.0,-1.0,-1.0,-1.0,0.0,0.0,0.0,0.0,2000000,none,pmcx,3106779192,1.404549297145722e-09,0.004023202543685589,0.00019544922683525505,0,2.067144599552183e-08,0.006241358031830415,0.00031258749139619264,0,11.741462500300258,8.195503963840513e-07,1.5579204251045612e-06,2.7899320797452037e-05,3.8797450421279404e-05,
subject_00678_hemorrhage,subject_00678,subject_00678,subject_00678_hemorrhage.npz,1,complete,3.0,6.0,1.0,11.0,48.0,54.0,20.0,19.0,7.0,6.0,4.0,671.0,2000000,none,pmcx,3106779192,2.4041026766942136e-09,0.004024176550815868,0.00019574250106977475,0,2.0671352887658424e-08,0.006280155482251694,0.00031226094340995223,0,11.702793999575078,8.195503963840513e-07,1.5579204251045612e-06,2.7899320797452037e-05,3.8797450421279404e-05,
subject_00679_healthy,subject_00679,subject_00679,subject_00679_healthy.npz,0,complete,3.0,7.0,2.0,13.0,-1.0,-1.0,-1.0,-1.0,0.0,0.0,0.0,0.0,2000000,none,pmcx,3148563643,2.5283405775724756e-09,0.003813310775237747,0.00018642660308677307,0,1.4550393132346057e-07,0.006221799395453562,0.00030212991845974033,0,11.302300800569355,9.052626113322682e-07,1.1173902025590347e-06,2.0326334545846952e-05,2.6297948549433223e-05,
subject_00679_hemorrhage,subject_00679,subject_00679,subject_00679_hemorrhage.npz,1,complete,3.0,7.0,2.0,13.0,47.0,38.0,20.0,19.0,6.0,5.0,5.0,613.0,2000000,none,pmcx,3148563643,2.4946947939034176e-09,0.003824354304853801,0.0001861749193636728,0,1.014013454785583e-07,0.00621428929055605,0.0003018624992771967,0,11.367258899379522,9.052626113322682e-07,1.1173902025590347e-06,2.0326334545846952e-05,2.6297948549433223e-05,
subject_00680_healthy,subject_00680,subject_00680,subject_00680_healthy.npz,0,complete,2.0,6.0,1.0,10.0,-1.0,-1.0,-1.0,-1.0,0.0,0.0,0.0,0.0,2000000,none,pmcx,2417051811,2.052041925571499e-09,0.004068006680646603,0.00019965621323447515,0,1.620768282343057e-08,0.00626661528591679,0.00030261205951661853,0,11.964112300192937,8.850358601247657e-07,1.1736945801850497e-06,2.008197840542604e-05,1.6537148798210794e-05,
subject_00680_hemorrhage,subject_00680,subject_00680,subject_00680_hemorrhage.npz,1,complete,2.0,6.0,1.0,10.0,34.0,42.0,19.0,18.0,5.0,5.0,4.0,417.0,2000000,none,pmcx,2417051811,2.044300205748441e-09,0.004071530678152669,0.0002000627616509592,0,2.2088500453877353e-08,0.006277514875692403,0.0003025820628758774,0,11.957035099854693,8.850358601247657e-07,1.1736945801850497e-06,2.008197840542604e-05,1.6537148798210794e-05,
subject_00681_healthy,subject_00681,subject_00681,subject_00681_healthy.npz,0,complete,3.0,7.0,2.0,13.0,-1.0,-1.0,-1.0,-1.0,0.0,0.0,0.0,0.0,2000000,none,pmcx,2800989115,2.740734513058336e-08,0.003980501502411892,0.00019792328650704885,0,2.4658019610850652e-08,0.006167868710945282,0.0003009417111601479,0,10.855845600133762,7.055282252058852e-07,1.7925966539181562e-06,2.4462093072532588e-05,6.0417443835531805e-05,
subject_00681_hemorrhage,subject_00681,subject_00681,subject_00681_hemorrhage.npz,1,complete,3.0,7.0,2.0,13.0,50.0,46.0,21.0,20.0,6.0,7.0,5.0,877.0,2000000,none,pmcx,2800989115,3.078584536206271e-08,0.004004963595484424,0.00019791923869918413,0,2.4455849631152193e-08,0.006185569932904184,0.00030198829195637216,0,10.830352700548247,7.055282252058852e-07,1.7925966539181562e-06,2.4462093072532588e-05,6.0417443835531805e-05,
subject_00682_healthy,subject_00682,subject_00682,subject_00682_healthy.npz,0,complete,2.0,7.0,1.0,11.0,-1.0,-1.0,-1.0,-1.0,0.0,0.0,0.0,0.0,2000000,none,pmcx,2335470465,7.676729580824316e-10,0.004340016465790421,0.00021379770401286894,0,2.4613892165834155e-08,0.006310722175577234,0.0003090903988348656,0,11.378923499491066,1.3521254747599906e-06,1.7189731145373681e-06,3.989570887322821e-05,3.8334901408866064e-05,
subject_00682_hemorrhage,subject_00682,subject_00682,subject_00682_hemorrhage.npz,1,complete,2.0,7.0,1.0,11.0,39.0,52.0,16.0,15.0,6.0,5.0,5.0,613.0,2000000,none,pmcx,2335470465,7.802551935583108e-10,0.0043477332641516115,0.00021321130549758756,0,2.0730028581660612e-08,0.006291335113839405,0.0003087387883089889,0,11.455592499813065,1.3521254747599906e-06,1.7189731145373681e-06,3.989570887322821e-05,3.8334901408866064e-05,
subject_00683_healthy,subject_00683,subject_00683,subject_00683_healthy.npz,0,complete,2.0,7.0,2.0,12.0,-1.0,-1.0,-1.0,-1.0,0.0,0.0,0.0,0.0,2000000,none,pmcx,593006333,2.2953800389782302e-08,0.004116136263990993,0.00020050105631663865,0,3.350683648893822e-07,0.0064237239517400836,0.0003135011610472693,0,10.658356099855155,6.557740565593923e-07,1.2728916391471199e-06,7.893520931487753e-06,3.0447594870806546e-05,
subject_00683_hemorrhage,subject_00683,subject_00683,subject_00683_hemorrhage.npz,1,complete,2.0,7.0,2.0,12.0,41.0,36.0,20.0,19.0,5.0,5.0,5.0,515.0,2000000,none,pmcx,593006333,2.2775153859748347e-08,0.004120984304611463,0.00020073801629864885,0,3.0155767436276493e-07,0.00645417154661089,0.00031333262658890884,0,10.643290999811143,6.557740565593923e-07,1.2728916391471199e-06,7.893520931487753e-06,3.0447594870806546e-05,
subject_00684_healthy,subject_00684,subject_00684,subject_00684_healthy.npz,0,complete,3.0,6.0,2.0,12.0,-1.0,-1.0,-1.0,-1.0,0.0,0.0,0.0,0.0,2000000,none,pmcx,1382115636,9.888016999015024e-09,0.003970871266882145,0.00019502508806945758,0,2.1504617603967328e-07,0.006251890417650886,0.0003083754214770004,0,11.01969650038518,6.195409395937449e-07,1.3821859277602383e-06,2.070121912803183e-05,3.2132064380302125e-05,
subject_00684_hemorrhage,subject_00684,subject_00684,subject_00684_hemorrhage.npz,1,complete,3.0,6.0,2.0,12.0,48.0,39.0,18.0,17.0,5.0,6.0,5.0,613.0,2000000,none,pmcx,1382115636,2.1869514773362148e-08,0.003972052850203555,0.00019539847205096418,0,2.25354618767518e-07,0.0062703494394330634,0.00030869337442390125,0,11.057487100362778,6.195409395937449e-07,1.3821859277602383e-06,2.070121912803183e-05,3.2132064380302125e-05,
subject_00685_healthy,subject_00685,subject_00685,subject_00685_healthy.npz,0,complete,3.0,6.0,1.0,11.0,-1.0,-1.0,-1.0,-1.0,0.0,0.0,0.0,0.0,2000000,none,pmcx,99898155,2.946659878555242e-10,0.003985174110594568,0.00019590015796802212,0,2.7967585592739094e-08,0.006244866126101096,0.00030874253515405744,0,11.684159999713302,7.317652439700951e-07,1.5630809456155076e-06,2.0514863271019895e-05,4.041980164684773e-05,
subject_00685_hemorrhage,subject_00685,subject_00685,subject_00685_hemorrhage.npz,1,complete,3.0,6.0,1.0,11.0,49.0,55.0,18.0,17.0,5.0,7.0,5.0,711.0,2000000,none,pmcx,99898155,1.283610707396115e-10,0.0039779541165206956,0.00019590526189481602,0,2.7399216571875272e-08,0.006285285927747943,0.0003096057431770118,0,11.670590399764478,7.317652439700951e-07,1.5630809456155076e-06,2.0514863271019895e-05,4.041980164684773e-05,
subject_00686_healthy,subject_00686,subject_00686,subject_00686_healthy.npz,0,complete,3.0,6.0,2.0,12.0,-1.0,-1.0,-1.0,-1.0,0.0,0.0,0.0,0.0,2000000,none,pmcx,4198936572,9.750247605484147e-09,0.004028572751488378,0.00020005726489192658,0,6.844436845694463e-08,0.006020720248533702,0.000297382897225971,0,10.88908060011454,1.0782515897082055e-06,1.119838528759981e-06,1.8775493935287157e-05,9.74768439236781e-06,
subject_00686_hemorrhage,subject_00686,subject_00686,subject_00686_hemorrhage.npz,1,complete,3.0,6.0,2.0,12.0,31.0,42.0,21.0,20.0,5.0,7.0,5.0,711.0,2000000,none,pmcx,4198936572,3.125407879271373e-08,0.004042988797479485,0.00019970439614221274,0,6.955791721490585e-08,0.006018610898673825,0.00029727825883566877,0,10.950127399293706,1.0782515897082055e-06,1.119838528759981e-06,1.8775493935287157e-05,9.74768439236781e-06,
subject_00687_healthy,subject_00687,subject_00687,subject_00687_healthy.npz,0,complete,3.0,7.0,1.0,12.0,-1.0,-1.0,-1.0,-1.0,0.0,0.0,0.0,0.0,2000000,none,pmcx,905658836,9.371026160309875e-10,0.003970327503967846,0.00019467659515747405,0,1.9613806639960008e-08,0.006181794148623853,0.0003073933385758489,0,12.074282800313085,7.44973242370841e-07,1.3691222575607687e-06,1.246322734153784e-05,2.805917033044114e-05,
subject_00687_hemorrhage,subject_00687,subject_00687,subject_00687_hemorrhage.npz,1,complete,3.0,7.0,1.0,12.0,42.0,34.0,17.0,16.0,5.0,7.0,5.0,711.0,2000000,none,pmcx,905658836,5.215975741094375e-10,0.003959086008666962,0.00019461624308511263,0,4.488474560099099e-10,0.00619713741802958,0.0003071147415913499,0,12.028795599937439,7.44973242370841e-07,1.3691222575607687e-06,1.246322734153784e-05,2.805917033044114e-05,
subject_00688_healthy,subject_00688,subject_00688,subject_00688_healthy.npz,0,complete,3.0,5.0,1.0,10.0,-1.0,-1.0,-1.0,-1.0,0.0,0.0,0.0,0.0,2000000,none,pmcx,1879538934,1.4935785809235068e-09,0.004165039616808221,0.0002082452838298668,0,9.5706931375082e-09,0.006300405711550457,0.00030902289702534896,0,11.63463949970901,7.464667157343657e-07,1.3471630795519286e-06,1.7719694793405343e-05,3.259143204810411e-05,
subject_00688_hemorrhage,subject_00688,subject_00688,subject_00688_hemorrhage.npz,1,complete,3.0,5.0,1.0,10.0,43.0,43.0,15.0,14.0,6.0,5.0,4.0,491.0,2000000,none,pmcx,1879538934,2.377687336329702e-09,0.004169208743836633,0.00020834489288579382,0,2.687896255060017e-08,0.006283884152741083,0.0003090226749319782,0,11.64093520003371,7.464667157343657e-07,1.3471630795519286e-06,1.7719694793405343e-05,3.259143204810411e-05,
subject_00689_healthy,subject_00689,subject_00689,subject_00689_healthy.npz,0,complete,3.0,7.0,2.0,13.0,-1.0,-1.0,-1.0,-1.0,0.0,0.0,0.0,0.0,2000000,none,pmcx,3051164266,3.314577742444042e-09,0.004135013910322734,0.00020293612171326438,0,5.653889646442723e-08,0.006235537901449662,0.00030619215017310876,0,10.70378620014526,1.2212480030305758e-06,1.802081923480873e-06,2.4784360527807178e-05,2.503289988166433e-05,
subject_00689_hemorrhage,subject_00689,subject_00689,subject_00689_hemorrhage.npz,1,complete,3.0,7.0,2.0,13.0,33.0,27.0,19.0,18.0,7.0,5.0,5.0,711.0,2000000,none,pmcx,3051164266,3.3125677143790303e-09,0.004145449675889022,0.00020324589244631304,0,4.527871920173213e-08,0.006212651367903218,0.00030566570171339783,0,10.70466319937259,1.2212480030305758e-06,1.802081923480873e-06,2.4784360527807178e-05,2.503289988166433e-05,
subject_00690_healthy,subject_00690,subject_00690,subject_00690_healthy.npz,0,complete,2.0,6.0,1.0,10.0,-1.0,-1.0,-1.0,-1.0,0.0,0.0,0.0,0.0,2000000,none,pmcx,616467062,5.197416397973704e-09,0.004145098132411933,0.00020269448535413474,0,1.974576655343339e-08,0.006313999737973121,0.0003057717192771186,0,11.92450680048205,8.380123936498161e-07,1.4439183990169796e-06,1.2982564239791099e-05,2.4506702533209218e-05,
subject_00690_hemorrhage,subject_00690,subject_00690,subject_00690_hemorrhage.npz,1,complete,2.0,6.0,1.0,10.0,32.0,51.0,19.0,18.0,6.0,7.0,5.0,877.0,2000000,none,pmcx,616467062,5.0270523434587106e-09,0.004156064168665739,0.00020279058910041954,0,2.4126366275667986e-08,0.00629214010251701,0.0003052415220803945,0,11.893359099747613,8.380123936498161e-07,1.4439183990169796e-06,1.2982564239791099e-05,2.4506702533209218e-05,
subject_00691_healthy,subject_00691,subject_00691,subject_00691_healthy.npz,0,complete,2.0,5.0,2.0,10.0,-1.0,-1.0,-1.0,-1.0,0.0,0.0,0.0,0.0,2000000,none,pmcx,1925260566,3.7645234048911804e-08,0.004010874310566855,0.00019717458550017487,0,3.094912428047053e-07,0.006425691181344964,0.0003125872592503166,0,11.18279440025799,7.022119071293398e-07,2.011401221076238e-06,1.3717675716088014e-05,4.186626644233065e-05,
subject_00691_hemorrhage,subject_00691,subject_00691,subject_00691_hemorrhage.npz,1,complete,2.0,5.0,2.0,10.0,48.0,34.0,19.0,18.0,5.0,7.0,4.0,577.0,2000000,none,pmcx,1925260566,3.7644936405420055e-08,0.003997156634850767,0.000196882342873888,0,3.108130616140617e-07,0.006461688157030255,0.0003128277846730765,0,11.19561540032737,7.022119071293398e-07,2.011401221076238e-06,1.3717675716088014e-05,4.186626644233065e-05,
subject_00692_healthy,subject_00692,subject_00692,subject_00692_healthy.npz,0,complete,3.0,5.0,2.0,11.0,-1.0,-1.0,-1.0,-1.0,0.0,0.0,0.0,0.0,2000000,none,pmcx,777622526,2.737639774122147e-08,0.004053952680402808,0.00019695783663604472,0,1.2360509637832333e-07,0.005996565775011746,0.00029547862112969375,0,11.247934800107032,8.090688891667532e-07,1.9414979108211982e-06,1.659569696595576e-05,5.878252398716383e-05,
subject_00692_hemorrhage,subject_00692,subject_00692,subject_00692_hemorrhage.npz,1,complete,3.0,5.0,2.0,11.0,37.0,41.0,19.0,18.0,5.0,7.0,4.0,577.0,2000000,none,pmcx,777622526,3.69174625284849e-08,0.0040539510190704744,0.00019676759274241085,0,1.1909025208169804e-07,0.006043025032367753,0.0002956528482340514,0,11.23240500013344,8.090688891667532e-07,1.9414979108211982e-06,1.659569696595576e-05,5.878252398716383e-05,
subject_00693_healthy,subject_00693,subject_00693,subject_00693_healthy.npz,0,complete,2.0,5.0,2.0,10.0,-1.0,-1.0,-1.0,-1.0,0.0,0.0,0.0,0.0,2000000,none,pmcx,449070469,7.588311543667434e-08,0.004051371652767591,0.0002012663459946045,0,3.3863525236934845e-07,0.006250529836798358,0.0003026063569962676,0,10.925646099960431,7.682093887070767e-07,1.190052537320316e-06,1.293183768319591e-05,3.8137609962681646e-05,
subject_00693_hemorrhage,subject_00693,subject_00693,subject_00693_hemorrhage.npz,1,complete,2.0,5.0,2.0,10.0,49.0,27.0,19.0,18.0,6.0,6.0,4.0,585.0,2000000,none,pmcx,449070469,7.526084669793942e-08,0.00404414340864144,0.00020089263719099776,0,3.974108181651506e-07,0.006258512785625338,0.00030286330996148937,0,10.944004300283268,7.682093887070767e-07,1.190052537320316e-06,1.293183768319591e-05,3.8137609962681646e-05,
subject_00694_healthy,subject_00694,subject_00694,subject_00694_healthy.npz,0,complete,3.0,5.0,2.0,11.0,-1.0,-1.0,-1.0,-1.0,0.0,0.0,0.0,0.0,2000000,none,pmcx,2038247120,2.117341493329601e-08,0.0040611227682330366,0.0001983610500843711,0,1.680104298781262e-07,0.0062346866334761055,0.00030725442734233645,0,11.336031399667263,1.1905147289884687e-06,1.8497405671946644e-06,2.3285052512092824e-05,2.7848747750316115e-05,
subject_00694_hemorrhage,subject_00694,subject_00694,subject_00694_hemorrhage.npz,1,complete,3.0,5.0,2.0,11.0,48.0,41.0,16.0,15.0,7.0,7.0,5.0,1023.0,2000000,none,pmcx,2038247120,4.2874588272831886e-08,0.004040511043431989,0.00019810495023388902,0,1.912980068163947e-07,0.0062129106831567684,0.000307305437182347,0,11.334140100516379,1.1905147289884687e-06,1.8497405671946644e-06,2.3285052512092824e-05,2.7848747750316115e-05,
subject_00695_healthy,subject_00695,subject_00695,subject_00695_healthy.npz,0,complete,2.0,7.0,1.0,11.0,-1.0,-1.0,-1.0,-1.0,0.0,0.0,0.0,0.0,2000000,none,pmcx,2051545005,8.793540130899174e-10,0.004307778771823746,0.0002116879635102717,0,6.291922182303743e-09,0.006357028569862736,0.0003131817574935275,0,11.89864300005138,9.85450455906402e-07,1.3744888124933613e-06,3.32215690592658e-05,2.943536525235155e-05,
subject_00695_hemorrhage,subject_00695,subject_00695,subject_00695_hemorrhage.npz,1,complete,2.0,7.0,1.0,11.0,50.0,48.0,18.0,17.0,5.0,6.0,5.0,613.0,2000000,none,pmcx,2051545005,2.2930241016376274e-09,0.0043187626676733535,0.00021210119696818224,0,2.4231798000402863e-08,0.006354230585373552,0.0003130639474305661,0,11.871724399970844,9.85450455906402e-07,1.3744888124933613e-06,3.32215690592658e-05,2.943536525235155e-05,
subject_00696_healthy,subject_00696,subject_00696,subject_00696_healthy.npz,0,complete,3.0,7.0,2.0,13.0,-1.0,-1.0,-1.0,-1.0,0.0,0.0,0.0,0.0,2000000,none,pmcx,1616394824,2.3770722900700385e-08,0.004160438893746483,0.00020721621107524184,0,1.0813090619811487e-07,0.006221321313242384,0.00030697703637742933,0,10.915268799988553,9.99839405085592e-07,1.9241548893475748e-06,3.8869588608388995e-05,2.9857098536519543e-05,
subject_00696_hemorrhage,subject_00696,subject_00696,subject_00696_hemorrhage.npz,1,complete,3.0,7.0,2.0,13.0,35.0,42.0,18.0,17.0,7.0,5.0,5.0,711.0,2000000,none,pmcx,1616394824,2.386747486230741e-08,0.004160938913170887,0.00020673129589272404,0,7.116477221858459e-08,0.006251178411778904,0.00030678081682642604,0,10.869614399736747,9.99839405085592e-07,1.9241548893475748e-06,3.8869588608388995e-05,2.9857098536519543e-05,
subject_00697_healthy,subject_00697,subject_00697,subject_00697_healthy.npz,0,complete,3.0,6.0,1.0,11.0,-1.0,-1.0,-1.0,-1.0,0.0,0.0,0.0,0.0,2000000,none,pmcx,2794338384,1.031092351963632e-09,0.003986065268000451,0.00019454439817553898,0,2.8338490016753577e-08,0.006151956793781573,0.0003005461925595247,0,11.64060250017792,1.0322676306950733e-06,1.1667069990873912e-06,3.1344426727093755e-05,1.987273258531163e-05,
subject_00697_hemorrhage,subject_00697,subject_00697,subject_00697_hemorrhage.npz,1,complete,3.0,6.0,1.0,11.0,51.0,45.0,16.0,15.0,5.0,7.0,5.0,711.0,2000000,none,pmcx,2794338384,1.0310943254417107e-09,0.0039547208412733575,0.0001938855912425731,0,2.5845805954633246e-08,0.006150983484014184,0.0003001454250974054,0,11.638428199803457,1.0322676306950733e-06,1.1667069990873912e-06,3.1344426727093755e-05,1.987273258531163e-05,
subject_00698_healthy,subject_00698,subject_00698,subject_00698_healthy.npz,0,complete,3.0,6.0,2.0,12.0,-1.0,-1.0,-1.0,-1.0,0.0,0.0,0.0,0.0,2000000,none,pmcx,4276896008,3.0115177631583336e-08,0.0038534065863933546,0.00018995874401988807,0,1.1600777068329885e-07,0.0061971811568958144,0.0003093548584212244,0,11.084234999958426,9.916592974250608e-07,1.9181480132454866e-06,2.8479153297788183e-05,3.394019252132472e-05,
subject_00698_hemorrhage,subject_00698,subject_00698,subject_00698_hemorrhage.npz,1,complete,3.0,6.0,2.0,12.0,43.0,54.0,17.0,16.0,5.0,7.0,4.0,577.0,2000000,none,pmcx,4276896008,2.277769142719668e-08,0.0038584646085849284,0.0001895440933667549,0,1.6020814384604728e-07,0.006222963850634913,0.0003092975244851084,0,11.133527299854904,9.916592974250608e-07,1.9181480132454866e-06,2.8479153297788183e-05,3.394019252132472e-05,
subject_00699_healthy,subject_00699,subject_00699,subject_00699_healthy.npz,0,complete,3.0,6.0,2.0,12.0,-1.0,-1.0,-1.0,-1.0,0.0,0.0,0.0,0.0,2000000,none,pmcx,1657616017,4.628543784677876e-08,0.004019371811777749,0.00019499263568442711,0,2.2265140152013133e-07,0.006228358216943917,0.00030717930935580457,0,10.782932599075139,1.2373481845694199e-06,1.0029168980698962e-06,3.64377723917203e-05,7.963856157191954e-06,
subject_00699_hemorrhage,subject_00699,subject_00699,subject_00699_hemorrhage.npz,1,complete,3.0,6.0,2.0,12.0,35.0,42.0,20.0,19.0,6.0,6.0,4.0,585.0,2000000,none,pmcx,1657616017,2.730652223864866e-08,0.003982934039386029,0.00019464175502666094,0,1.7910996405427607e-07,0.006222049445416449,0.0003067421612323541,0,10.859785900218412,1.2373481845694199e-06,1.0029168980698962e-06,3.64377723917203e-05,7.963856157191954e-06,
subject_00700_healthy,subject_00700,subject_00700,subject_00700_healthy.npz,0,complete,3.0,7.0,1.0,12.0,-1.0,-1.0,-1.0,-1.0,0.0,0.0,0.0,0.0,2000000,none,pmcx,724134078,1.009144748764224e-09,0.004007245628368869,0.0001973229094958337,0,2.3864703899541784e-08,0.006133224116525614,0.00029869985451289337,0,11.46393630024977,9.553616876771258e-07,1.909118026004515e-06,1.659281883194686e-05,3.582967604188331e-05,
subject_00700_hemorrhage,subject_00700,subject_00700,subject_00700_hemorrhage.npz,1,complete,3.0,7.0,1.0,12.0,32.0,41.0,17.0,16.0,5.0,7.0,4.0,577.0,2000000,none,pmcx,724134078,8.464843248895734e-10,0.004006683509046997,0.00019700727657977597,0,3.425494571557918e-08,0.006097394440483731,0.00029787765138074285,0,11.514582099858671,9.553616876771258e-07,1.909118026004515e-06,1.659281883194686e-05,3.582967604188331e-05,
subject_00701_healthy,subject_00701,subject_00701,subject_00701_healthy.npz,0,complete,2.0,5.0,1.0,9.0,-1.0,-1.0,-1.0,-1.0,0.0,0.0,0.0,0.0,2000000,none,pmcx,3661650785,5.018921475909675e-09,0.004090912383964696,0.00020118331483576674,0,4.165182986711543e-08,0.006202891803092069,0.0003034430431088541,0,12.29999260068871,1.0280202517169361e-06,1.3530751284817237e-06,2.852837296725289e-05,1.9438981807572836e-05,
subject_00701_hemorrhage,subject_00701,subject_00701,subject_00701_hemorrhage.npz,1,complete,2.0,5.0,1.0,9.0,39.0,46.0,15.0,14.0,7.0,6.0,5.0,877.0,2000000,none,pmcx,3661650785,3.787471472895889e-09,0.004100863631123684,0.00020131209899795877,0,2.5652317510896388e-08,0.0061916039326198715,0.0003033912518215698,0,12.318562499945983,1.0280202517169361e-06,1.3530751284817237e-06,2.852837296725289e-05,1.9438981807572836e-05,
subject_00702_healthy,subject_00702,subject_00702,subject_00702_healthy.npz,0,complete,2.0,5.0,1.0,9.0,-1.0,-1.0,-1.0,-1.0,0.0,0.0,0.0,0.0,2000000,none,pmcx,2530947749,8.072010800616382e-10,0.003955706714044713,0.00019357946765464568,0,2.5092804046168082e-08,0.00618372664908602,0.0003014475162152635,0,11.928507999517024,9.743675006318334e-07,1.443533843147187e-06,2.7063669368029668e-05,2.8492601449813318e-05,
subject_00702_hemorrhage,subject_00702,subject_00702,subject_00702_hemorrhage.npz,1,complete,2.0,5.0,1.0,9.0,45.0,49.0,21.0,20.0,7.0,7.0,4.0,805.0,2000000,none,pmcx,2530947749,8.066323316298768e-10,0.003982770383412743,0.00019401803286355187,0,3.823990090498649e-08,0.006172503288153145,0.0003008023314844412,0,11.999470000620931,9.743675006318334e-07,1.443533843147187e-06,2.7063669368029668e-05,2.8492601449813318e-05,
subject_00703_healthy,subject_00703,subject_00703,subject_00703_healthy.npz,0,complete,3.0,6.0,2.0,12.0,-1.0,-1.0,-1.0,-1.0,0.0,0.0,0.0,0.0,2000000,none,pmcx,811748953,1.3908939788184598e-08,0.003951179569167532,0.00019150194115823312,0,2.4357883036270846e-07,0.0064282706261620465,0.0003217769389260017,0,11.004510500002652,1.1244177369523816e-06,1.231444126366492e-06,2.9499891870320323e-05,1.9372069798910714e-05,
subject_00703_hemorrhage,subject_00703,subject_00703,subject_00703_hemorrhage.npz,1,complete,3.0,6.0,2.0,12.0,36.0,49.0,18.0,17.0,5.0,7.0,5.0,711.0,2000000,none,pmcx,811748953,1.980734545992055e-08,0.003921679677297211,0.00019137594163314538,0,1.2916179334534806e-07,0.006438221244323689,0.0003218413756426056,0,11.031955999787897,1.1244177369523816e-06,1.231444126366492e-06,2.9499891870320323e-05,1.9372069798910714e-05,
subject_00704_healthy,subject_00704,subject_00704,subject_00704_healthy.npz,0,complete,3.0,5.0,2.0,11.0,-1.0,-1.0,-1.0,-1.0,0.0,0.0,0.0,0.0,2000000,none,pmcx,2167707657,2.443197644686626e-08,0.004041440874519518,0.0001994421366201476,0,1.0608429412820052e-07,0.006145196554684339,0.00030244031686253145,0,11.172735899686813,8.32735368501394e-07,1.3708690466495703e-06,1.6542540688075508e-05,3.0405212076472544e-05,
subject_00704_hemorrhage,subject_00704,subject_00704,subject_00704_hemorrhage.npz,1,complete,3.0,5.0,2.0,11.0,34.0,30.0,20.0,19.0,5.0,7.0,5.0,711.0,2000000,none,pmcx,2167707657,2.5122182976027555e-08,0.00402828012492833,0.0001993444133999795,0,1.0620260757887812e-07,0.006175601766760811,0.0003027965213211059,0,11.069449099944904,8.32735368501394e-07,1.3708690466495703e-06,1.6542540688075508e-05,3.0405212076472544e-05,
subject_00705_healthy,subject_00705,subject_00705,subject_00705_healthy.npz,0,complete,2.0,6.0,2.0,11.0,-1.0,-1.0,-1.0,-1.0,0.0,0.0,0.0,0.0,2000000,none,pmcx,2204522951,2.392383857262693e-08,0.004020974381465859,0.00019319731477995383,0,1.1085176236909859e-07,0.006258799998067618,0.00030540432029092996,0,10.780942999990657,1.1166205832649882e-06,1.7774137681978583e-06,2.226906740923542e-05,3.469925596379011e-05,
subject_00705_hemorrhage,subject_00705,subject_00705,subject_00705_hemorrhage.npz,1,complete,2.0,6.0,2.0,11.0,47.0,41.0,18.0,17.0,6.0,7.0,5.0,877.0,2000000,none,pmcx,2204522951,2.464694691753088e-08,0.004043243448875094,0.00019361540182611596,0,1.3880175472326334e-07,0.006282910154054824,0.0003060875296152939,0,10.748473899904639,1.1166205832649882e-06,1.7774137681978583e-06,2.226906740923542e-05,3.469925596379011e-05,
subject_00706_healthy,subject_00706,subject_00706,subject_00706_healthy.npz,0,complete,2.0,7.0,1.0,11.0,-1.0,-1.0,-1.0,-1.0,0.0,0.0,0.0,0.0,2000000,none,pmcx,2635962472,1.804752302800215e-11,0.00413009351592272,0.00020158424626632947,0,1.9649664405862966e-08,0.006370536878868346,0.0003099922486732361,0,12.059597900602967,9.297408859320316e-07,1.8014824262613643e-06,1.8435585071726332e-05,2.8729959843454842e-05,
subject_00706_hemorrhage,subject_00706,subject_00706,subject_00706_hemorrhage.npz,1,complete,2.0,7.0,1.0,11.0,33.0,28.0,15.0,14.0,6.0,7.0,4.0,671.0,2000000,none,pmcx,2635962472,1.8106045594550545e-11,0.00414167479692292,0.00020170360471864825,0,1.4078215510920364e-08,0.006363999473636856,0.00030993471242836553,0,12.073428799863905,9.297408859320316e-07,1.8014824262613643e-06,1.8435585071726332e-05,2.8729959843454842e-05,
subject_00707_healthy,subject_00707,subject_00707,subject_00707_healthy.npz,0,complete,2.0,5.0,1.0,9.0,-1.0,-1.0,-1.0,-1.0,0.0,0.0,0.0,0.0,2000000,none,pmcx,2571548821,8.228819492417643e-09,0.0041103095368140745,0.0002021211404264074,0,5.5517158883887315e-08,0.006282877045105204,0.00030527507532354876,0,12.046364200301468,1.0164977607042453e-06,1.2636602311858434e-06,3.660311711145125e-05,1.848993102146826e-05,
subject_00707_hemorrhage,subject_00707,subject_00707,subject_00707_hemorrhage.npz,1,complete,2.0,5.0,1.0,9.0,33.0,37.0,20.0,19.0,7.0,7.0,4.0,805.0,2000000,none,pmcx,2571548821,1.0654915640881153e-08,0.0041013897425254174,0.00020174921428666795,0,5.829787105937451e-08,0.006297029479403393,0.0003052515737630797,0,11.985481300624087,1.0164977607042453e-06,1.2636602311858434e-06,3.660311711145125e-05,1.848993102146826e-05,
subject_00708_healthy,subject_00708,subject_00708,subject_00708_healthy.npz,0,complete,2.0,6.0,1.0,10.0,-1.0,-1.0,-1.0,-1.0,0.0,0.0,0.0,0.0,2000000,none,pmcx,101309500,8.813782815285273e-10,0.003999865984000353,0.00019621688336571682,0,2.2837263307902355e-08,0.006416566342358045,0.00031493684849720016,0,11.455137100303546,7.156279810247507e-07,1.0744371636757485e-06,1.4085672099781264e-05,1.9536269514084346e-05,
subject_00708_hemorrhage,subject_00708,subject_00708,subject_00708_hemorrhage.npz,1,complete,2.0,6.0,1.0,10.0,32.0,53.0,18.0,17.0,6.0,5.0,4.0,491.0,2000000,none,pmcx,101309500,1.2573373379556023e-10,0.004002223716870264,0.00019624662912020885,0,1.0297866853245114e-08,0.006406186173934335,0.0003150675630759905,0,11.444645500509068,7.156279810247507e-07,1.0744371636757485e-06,1.4085672099781264e-05,1.9536269514084346e-05,
subject_00709_healthy,subject_00709,subject_00709,subject_00709_healthy.npz,0,complete,3.0,7.0,1.0,12.0,-1.0,-1.0,-1.0,-1.0,0.0,0.0,0.0,0.0,2000000,none,pmcx,278658238,1.358535442647406e-09,0.004000992381089441,0.00019661681651644258,0,2.3803490117130355e-09,0.006145113257935221,0.00030188272050833795,0,11.329689500620589,8.444786664873915e-07,1.7971391043698312e-06,2.4737021456944014e-05,6.180213021810248e-05,
subject_00709_hemorrhage,subject_00709,subject_00709,subject_00709_hemorrhage.npz,1,complete,3.0,7.0,1.0,12.0,47.0,50.0,19.0,18.0,6.0,5.0,5.0,613.0,2000000,none,pmcx,278658238,5.85454907244185e-10,0.003994473519054601,0.00019707032299768595,0,2.6322050258474002e-09,0.006201463812555958,0.00030211697210446545,0,11.281662699533626,8.444786664873915e-07,1.7971391043698312e-06,2.4737021456944014e-05,6.180213021810248e-05,
subject_00710_healthy,subject_00710,subject_00710,subject_00710_healthy.npz,0,complete,2.0,5.0,1.0,9.0,-1.0,-1.0,-1.0,-1.0,0.0,0.0,0.0,0.0,2000000,none,pmcx,3103936069,8.626393338231947e-09,0.00412213199688694,0.0002023761939956366,0,2.352640047011894e-08,0.00618678101136896,0.00030011091342862345,0,12.291321200318635,9.418800738011866e-07,1.1799810896345995e-06,2.2527424264805087e-05,1.7978064222216395e-05,
subject_00710_hemorrhage,subject_00710,subject_00710,subject_00710_hemorrhage.npz,1,complete,2.0,5.0,1.0,9.0,39.0,43.0,17.0,16.0,7.0,7.0,4.0,805.0,2000000,none,pmcx,3103936069,8.67555681963208e-09,0.0041183876380990496,0.00020184157512065,0,5.86118258022565e-08,0.006193018840665415,0.00030027287942223135,0,12.233324699802324,9.418800738011866e-07,1.1799810896345995e-06,2.2527424264805087e-05,1.7978064222216395e-05,
subject_00711_healthy,subject_00711,subject_00711,subject_00711_healthy.npz,0,complete,2.0,5.0,1.0,9.0,-1.0,-1.0,-1.0,-1.0,0.0,0.0,0.0,0.0,2000000,none,pmcx,2157056638,8.58351066587545e-09,0.004217002415077892,0.00020461975657465358,0,9.886746329582513e-09,0.006144766180839034,0.0002931794587224854,0,12.186436699004844,8.287402664405173e-07,1.5162227515902446e-06,1.8812698696635266e-05,3.0493782818667887e-05,
subject_00711_hemorrhage,subject_00711,subject_00711,subject_00711_hemorrhage.npz,1,complete,2.0,5.0,1.0,9.0,31.0,56.0,18.0,17.0,7.0,5.0,5.0,711.0,2000000,none,pmcx,2157056638,1.0685419946092065e-08,0.004198189716381257,0.0002046070361797858,0,9.617387063027212e-09,0.006142224692235725,0.00029353672315473277,0,12.179036000510678,8.287402664405173e-07,1.5162227515902446e-06,1.8812698696635266e-05,3.0493782818667887e-05,
subject_00712_healthy,subject_00712,subject_00712,subject_00712_healthy.npz,0,complete,2.0,7.0,2.0,12.0,-1.0,-1.0,-1.0,-1.0,0.0,0.0,0.0,0.0,2000000,none,pmcx,3301421785,3.202427471691352e-08,0.004176216596822395,0.00020630258097706626,0,1.7383418927170508e-07,0.00640277933109875,0.0003104024774241809,0,11.179774099960923,6.859804929608735e-07,9.71701898720118e-07,1.7675619270862003e-05,1.9829146933112232e-05,
subject_00712_hemorrhage,subject_00712,subject_00712,subject_00712_hemorrhage.npz,1,complete,2.0,7.0,2.0,12.0,32.0,24.0,20.0,19.0,5.0,5.0,4.0,417.0,2000000,none,pmcx,3301421785,2.6395353757918817e-08,0.004158540977551533,0.00020602383506111935,0,1.7379431963884159e-07,0.00640537162798147,0.00031069411937627273,0,11.232931199716404,6.859804929608735e-07,9.71701898720118e-07,1.7675619270862003e-05,1.9829146933112232e-05,
subject_00713_healthy,subject_00713,subject_00713,subject_00713_healthy.npz,0,complete,2.0,5.0,1.0,9.0,-1.0,-1.0,-1.0,-1.0,0.0,0.0,0.0,0.0,2000000,none,pmcx,2764118202,1.238358294833072e-08,0.004034996170837183,0.00019937037758810747,0,3.678933432695555e-08,0.006336836668732959,0.00031152690346975724,0,11.89601709949784,9.394818331111251e-07,1.3009834867202748e-06,2.372893569829173e-05,3.3304470461163575e-05,
subject_00713_hemorrhage,subject_00713,subject_00713,subject_00713_hemorrhage.npz,1,complete,2.0,5.0,1.0,9.0,28.0,30.0,20.0,19.0,5.0,6.0,4.0,491.0,2000000,none,pmcx,2764118202,4.6604604774041665e-09,0.004041022789444743,0.00019894933481769922,0,2.108516219855756e-08,0.006350908332619645,0.0003112358173756721,0,11.925601599970832,9.394818331111251e-07,1.3009834867202748e-06,2.372893569829173e-05,3.3304470461163575e-05,
subject_00714_healthy,subject_00714,subject_00714,subject_00714_healthy.npz,0,complete,2.0,7.0,1.0,11.0,-1.0,-1.0,-1.0,-1.0,0.0,0.0,0.0,0.0,2000000,none,pmcx,1299186912,6.764618709998615e-09,0.004077926669781523,0.00020077644165342017,0,1.6959474152140004e-08,0.0063911780393838494,0.0003094718581840093,0,12.034169800812379,8.395698782885389e-07,1.2964408339474523e-06,2.0143311762882248e-05,2.7521068520301164e-05,
subject_00714_hemorrhage,subject_00714,subject_00714,subject_00714_hemorrhage.npz,1,complete,2.0,7.0,1.0,11.0,50.0,48.0,19.0,18.0,7.0,5.0,5.0,711.0,2000000,none,pmcx,1299186912,2.499848439824377e-10,0.0040632987508782146,0.00020075976163791312,0,1.0036853117908795e-08,0.006415800508271612,0.00030949295863197575,0,12.068977400194854,8.395698782885389e-07,1.2964408339474523e-06,2.0143311762882248e-05,2.7521068520301164e-05,
subject_00715_healthy,subject_00715,subject_00715,subject_00715_healthy.npz,0,complete,2.0,7.0,2.0,12.0,-1.0,-1.0,-1.0,-1.0,0.0,0.0,0.0,0.0,2000000,none,pmcx,947357830,5.3296411757010105e-09,0.004173200141866869,0.00020179272276751582,0,1.6104462546532717e-07,0.006330841524655084,0.00031440985906752293,0,10.922073299530894,7.604969313084355e-07,1.0629360640194783e-06,3.5904302381805156e-05,2.338266621410793e-05,
subject_00715_hemorrhage,subject_00715,subject_00715,subject_00715_hemorrhage.npz,1,complete,2.0,7.0,2.0,12.0,48.0,39.0,20.0,19.0,5.0,5.0,4.0,417.0,2000000,none,pmcx,947357830,9.298304829731375e-09,0.004175112585716895,0.00020164981998865622,0,1.2612785685363404e-07,0.006341331789551684,0.0003148028118023023,0,10.999447199515998,7.604969313084355e-07,1.0629360640194783e-06,3.5904302381805156e-05,2.338266621410793e-05,
subject_00716_healthy,subject_00716,subject_00716,subject_00716_healthy.npz,0,complete,3.0,6.0,2.0,12.0,-1.0,-1.0,-1.0,-1.0,0.0,0.0,0.0,0.0,2000000,none,pmcx,755493791,2.6571562106471337e-08,0.004165677374233909,0.0002082607733536491,0,1.22407100277075e-07,0.006162524217600426,0.00030640949293436114,0,10.711316599976271,1.2706425530672775e-06,1.36567131168022e-06,4.480167443397299e-05,2.1319217851965095e-05,
subject_00716_hemorrhage,subject_00716,subject_00716,subject_00716_hemorrhage.npz,1,complete,3.0,6.0,2.0,12.0,42.0,44.0,16.0,15.0,7.0,5.0,4.0,577.0,2000000,none,pmcx,755493791,2.470791760461535e-08,0.0041958144567042525,0.0002084768198385005,0,1.405316338675447e-07,0.006175297836475762,0.0003068284149884431,0,10.746450499864295,1.2706425530672775e-06,1.36567131168022e-06,4.480167443397299e-05,2.1319217851965095e-05,
subject_00717_healthy,subject_00717,subject_00717,subject_00717_healthy.npz,0,complete,2.0,5.0,1.0,9.0,-1.0,-1.0,-1.0,-1.0,0.0,0.0,0.0,0.0,2000000,none,pmcx,1893511712,1.171420986488009e-09,0.00418300304203643,0.00020389982055452814,0,2.7244132796680016e-08,0.0063574872401007555,0.00030587212658574764,0,12.19886549981311,8.217329619812756e-07,9.7340065119032e-07,3.159294130746816e-05,1.4578279501943625e-05,
subject_00717_hemorrhage,subject_00717,subject_00717,subject_00717_hemorrhage.npz,1,complete,2.0,5.0,1.0,9.0,29.0,49.0,21.0,20.0,5.0,6.0,4.0,491.0,2000000,none,pmcx,1893511712,5.914022731917936e-10,0.004151410100728962,0.0002037258311969274,0,2.377145405062108e-08,0.006372065519602699,0.0003059474377643612,0,12.223060799762607,8.217329619812756e-07,9.7340065119032e-07,3.159294130746816e-05,1.4578279501943625e-05,
subject_00718_healthy,subject_00718,subject_00718,subject_00718_healthy.npz,0,complete,2.0,6.0,2.0,11.0,-1.0,-1.0,-1.0,-1.0,0.0,0.0,0.0,0.0,2000000,none,pmcx,320618737,1.4120410818060533e-08,0.0039558611515614515,0.00018979940997691357,0,2.3068408598379387e-07,0.0062713664836759435,0.00031087023783649473,0,11.011878300225362,8.127839667962033e-07,1.6983496017726687e-06,1.9120945109609355e-05,5.2179443460554156e-05,
subject_00718_hemorrhage,subject_00718,subject_00718,subject_00718_hemorrhage.npz,1,complete,2.0,6.0,2.0,11.0,43.0,29.0,19.0,18.0,6.0,6.0,5.0,739.0,2000000,none,pmcx,320618737,1.3908295579184443e-08,0.003953248462707211,0.00018997836405083482,0,2.1865883468945544e-07,0.0063079088608124405,0.0003106601264223163,0,11.086600499693304,8.127839667962033e-07,1.6983496017726687e-06,1.9120945109609355e-05,5.2179443460554156e-05,
subject_00719_healthy,subject_00719,subject_00719,subject_00719_healthy.npz,0,complete,2.0,7.0,2.0,12.0,-1.0,-1.0,-1.0,-1.0,0.0,0.0,0.0,0.0,2000000,none,pmcx,3880244874,1.5192192256519084e-08,0.004011963240504002,0.0001957275228596633,0,1.759300228138993e-07,0.00619324451996955,0.000301285740603441,0,11.03342520003207,7.283298359869361e-07,1.348364871469601e-06,3.683200501938301e-05,2.328879116376449e-05,
subject_00719_hemorrhage,subject_00719,subject_00719,subject_00719_hemorrhage.npz,1,complete,2.0,7.0,2.0,12.0,44.0,30.0,20.0,19.0,5.0,5.0,5.0,515.0,2000000,none,pmcx,3880244874,2.683720338820334e-08,0.0040018238563615735,0.0001954635078771209,0,1.82981313161838e-07,0.006210948567991919,0.00030113359647174415,0,11.065510800341144,7.283298359869361e-07,1.348364871469601e-06,3.683200501938301e-05,2.328879116376449e-05,
subject_00720_healthy,subject_00720,subject_00720,subject_00720_healthy.npz,0,complete,3.0,7.0,2.0,13.0,-1.0,-1.0,-1.0,-1.0,0.0,0.0,0.0,0.0,2000000,none,pmcx,634686012,9.848874826527408e-10,0.004157770989461098,0.0002092668498609898,0,1.4780196578050353e-07,0.006348480399427729,0.000317796528236409,0,11.345519900554791,6.594146710073535e-07,1.342709808513897e-06,1.2263039956304962e-05,2.7276269363523363e-05,
subject_00720_hemorrhage,subject_00720,subject_00720,subject_00720_hemorrhage.npz,1,complete,3.0,7.0,2.0,13.0,47.0,40.0,18.0,17.0,5.0,5.0,4.0,417.0,2000000,none,pmcx,634686012,1.0333520209817942e-09,0.004156022431495818,0.00020918743203208605,0,1.367521288685706e-07,0.006339882778039117,0.00031747154496638045,0,11.36797559983097,6.594146710073535e-07,1.342709808513897e-06,1.2263039956304962e-05,2.7276269363523363e-05,
subject_00721_healthy,subject_00721,subject_00721,subject_00721_healthy.npz,0,complete,3.0,6.0,2.0,12.0,-1.0,-1.0,-1.0,-1.0,0.0,0.0,0.0,0.0,2000000,none,pmcx,2171181764,3.287881308127277e-08,0.0043373777591285785,0.0002153836512040304,0,2.3509079202366566e-07,0.006393390531880251,0.0003179025729172557,0,11.234858499839902,8.807225772289919e-07,1.1881938252648791e-06,2.5992224825036915e-05,2.754807743579786e-05,
subject_00721_hemorrhage,subject_00721,subject_00721,subject_00721_hemorrhage.npz,1,complete,3.0,6.0,2.0,12.0,36.0,41.0,20.0,19.0,6.0,5.0,4.0,491.0,2000000,none,pmcx,2171181764,2.883290606941418e-08,0.004325735391643927,0.000215016964536365,0,2.5171370183065546e-07,0.006400682938850331,0.0003180097441466376,0,11.229999700095505,8.807225772289919e-07,1.1881938252648791e-06,2.5992224825036915e-05,2.754807743579786e-05,
subject_00722_healthy,subject_00722,subject_00722,subject_00722_healthy.npz,0,complete,2.0,5.0,1.0,9.0,-1.0,-1.0,-1.0,-1.0,0.0,0.0,0.0,0.0,2000000,none,pmcx,4169253840,2.4390806569293354e-09,0.0038917767947859393,0.0001897467637060534,0,2.0246831722992127e-08,0.006255397572415952,0.0003062557967453627,0,11.535361099755391,9.457963225983163e-07,1.3822385603266813e-06,2.1784443841313048e-05,2.9539783832454973e-05,
subject_00722_hemorrhage,subject_00722,subject_00722,subject_00722_hemorrhage.npz,1,complete,2.0,5.0,1.0,9.0,42.0,44.0,16.0,15.0,7.0,6.0,4.0,671.0,2000000,none,pmcx,4169253840,1.0261563226078121e-10,0.0038935747826741285,0.0001897894812755204,0,3.9783174963852074e-08,0.006244122967209302,0.0003063692712806938,0,11.484284000238404,9.457963225983163e-07,1.3822385603266813e-06,2.1784443841313048e-05,2.9539783832454973e-05,
subject_00723_healthy,subject_00723,subject_00723,subject_00723_healthy.npz,0,complete,2.0,5.0,2.0,10.0,-1.0,-1.0,-1.0,-1.0,0.0,0.0,0.0,0.0,2000000,none,pmcx,180591503,3.2512131214838246e-08,0.004119335295951174,0.00020066676646315047,0,8.221337606589956e-08,0.006169906806175672,0.00029880154626898384,0,11.19919230020605,1.1609728728638248e-06,1.347941343817164e-06,2.5373919176140125e-05,3.480281884705658e-05,
subject_00723_hemorrhage,subject_00723,subject_00723,subject_00723_hemorrhage.npz,1,complete,2.0,5.0,2.0,10.0,49.0,48.0,19.0,18.0,6.0,7.0,5.0,877.0,2000000,none,pmcx,180591503,3.172980704086102e-08,0.004117572175755457,0.00020070606400988535,0,8.233662239740872e-08,0.006151556841298956,0.0002985938091894649,0,11.221411599777639,1.1609728728638248e-06,1.347941343817164e-06,2.5373919176140125e-05,3.480281884705658e-05,
subject_00724_healthy,subject_00724,subject_00724,subject_00724_healthy.npz,0,complete,3.0,6.0,1.0,11.0,-1.0,-1.0,-1.0,-1.0,0.0,0.0,0.0,0.0,2000000,none,pmcx,1292659888,1.715777487164646e-11,0.004005686399117572,0.00019728368093012855,0,7.716252495789502e-09,0.0063187546264096,0.0003154843727763266,0,11.774992799852043,6.818285391719353e-07,1.4561824175713699e-06,1.1331140638961255e-05,3.225566820747299e-05,
subject_00724_hemorrhage,subject_00724,subject_00724,subject_00724_hemorrhage.npz,1,complete,3.0,6.0,1.0,11.0,40.0,53.0,21.0,20.0,5.0,7.0,4.0,577.0,2000000,none,pmcx,1292659888,1.05209631465499e-11,0.004002935254081064,0.0001975467767274811,0,7.711726078177373e-09,0.006351010294617073,0.0003155043645519638,0,11.867456499952823,6.818285391719353e-07,1.4561824175713699e-06,1.1331140638961255e-05,3.225566820747299e-05,
subject_00725_healthy,subject_00725,subject_00725,subject_00725_healthy.npz,0,complete,2.0,6.0,1.0,10.0,-1.0,-1.0,-1.0,-1.0,0.0,0.0,0.0,0.0,2000000,none,pmcx,3596741875,2.835542249064874e-10,0.004107489604087315,0.00020252658925815761,0,4.5041672409724126e-08,0.006507556205518223,0.00031277470926944573,0,11.42868519993499,1.037524802758082e-06,1.825354335470202e-06,2.8934825983855522e-05,2.581293874473218e-05,
subject_00725_hemorrhage,subject_00725,subject_00725,subject_00725_hemorrhage.npz,1,complete,2.0,6.0,1.0,10.0,35.0,41.0,14.0,13.0,5.0,6.0,4.0,491.0,2000000,none,pmcx,3596741875,7.572904769490524e-09,0.00413642443007117,0.00020285051192928713,0,4.2914343391587186e-08,0.0065333691442629556,0.000312190802323863,0,11.422527499962598,1.037524802758082e-06,1.825354335470202e-06,2.8934825983855522e-05,2.581293874473218e-05,
subject_00726_healthy,subject_00726,subject_00726,subject_00726_healthy.npz,0,complete,3.0,5.0,1.0,10.0,-1.0,-1.0,-1.0,-1.0,0.0,0.0,0.0,0.0,2000000,none,pmcx,3489977041,5.3883686577173636e-09,0.003816774021136265,0.0001864295492876858,0,2.513701441878757e-08,0.0059973881692325925,0.0002935345270373157,0,11.681343299569562,5.048275796658143e-07,1.2381699272586916e-06,7.270535399385176e-06,1.877054762017185e-05,
subject_00726_hemorrhage,subject_00726,subject_00726,subject_00726_hemorrhage.npz,1,complete,3.0,5.0,1.0,10.0,43.0,36.0,20.0,19.0,7.0,5.0,4.0,577.0,2000000,none,pmcx,3489977041,3.2655604254663208e-09,0.0038234830331264724,0.00018628377070980493,0,1.8781799636006105e-08,0.0059952494289039135,0.00029345788606734515,0,11.650446999818087,5.048275796658143e-07,1.2381699272586916e-06,7.270535399385176e-06,1.877054762017185e-05,
subject_00727_healthy,subject_00727,subject_00727,subject_00727_healthy.npz,0,complete,2.0,5.0,1.0,9.0,-1.0,-1.0,-1.0,-1.0,0.0,0.0,0.0,0.0,2000000,none,pmcx,73423245,1.3421206497635322e-10,0.004010865468579324,0.00019839456130047947,0,4.396843194644952e-09,0.006135490733725576,0.00029869734750334056,0,12.22137299971655,6.336008625986769e-07,1.536514775204655e-06,1.3751899687525215e-05,4.760897652844945e-05,
subject_00727_hemorrhage,subject_00727,subject_00727,subject_00727_hemorrhage.npz,1,complete,2.0,5.0,1.0,9.0,33.0,31.0,19.0,18.0,7.0,6.0,4.0,671.0,2000000,none,pmcx,73423245,1.9229710614638082e-10,0.004015875005255744,0.00019845423503074935,0,4.19848101062207e-09,0.006138157672355584,0.0002988279167388529,0,12.206994900247082,6.336008625986769e-07,1.536514775204655e-06,1.3751899687525215e-05,4.760897652844945e-05,
subject_00728_healthy,subject_00728,subject_00728,subject_00728_healthy.npz,0,complete,3.0,5.0,1.0,10.0,-1.0,-1.0,-1.0,-1.0,0.0,0.0,0.0,0.0,2000000,none,pmcx,3915176490,7.598779645585396e-09,0.004168710127640986,0.00020658199324056123,0,2.271114717711755e-08,0.00607080412630237,0.0002991958937774724,0,11.513576299883425,6.668805453727578e-07,1.0182578330132667e-06,1.4950431200986929e-05,1.529767255397047e-05,
subject_00728_hemorrhage,subject_00728,subject_00728,subject_00728_hemorrhage.npz,1,complete,3.0,5.0,1.0,10.0,49.0,29.0,18.0,17.0,6.0,5.0,4.0,491.0,2000000,none,pmcx,3915176490,7.598632463885777e-09,0.004179776164205756,0.00020653806891264475,0,2.2935500958581145e-08,0.006081695084677317,0.00029924377820981737,0,11.468731799628586,6.668805453727578e-07,1.0182578330132667e-06,1.4950431200986929e-05,1.529767255397047e-05,
subject_00729_healthy,subject_00729,subject_00729,subject_00729_healthy.npz,0,complete,3.0,7.0,2.0,13.0,-1.0,-1.0,-1.0,-1.0,0.0,0.0,0.0,0.0,2000000,none,pmcx,3704842790,1.2868805280796453e-08,0.004020515081471821,0.00020020661596785178,0,1.5532417618448547e-07,0.006018402832549299,0.00029629855634274603,0,11.223869800101966,1.0810293475194063e-06,8.868016742112367e-07,3.1776040555246514e-05,1.2176680051570639e-05,
subject_00729_hemorrhage,subject_00729,subject_00729,subject_00729_hemorrhage.npz,1,complete,3.0,7.0,2.0,13.0,48.0,57.0,18.0,17.0,7.0,5.0,4.0,577.0,2000000,none,pmcx,3704842790,2.2596908494224763e-08,0.004003192928765399,0.00019994009719104727,0,1.2944744435455947e-07,0.006021657300815122,0.0002965189721707154,0,11.2216545001138,1.0810293475194063e-06,8.868016742112367e-07,3.1776040555246514e-05,1.2176680051570639e-05,
subject_00730_healthy,subject_00730,subject_00730,subject_00730_healthy.npz,0,complete,2.0,6.0,2.0,11.0,-1.0,-1.0,-1.0,-1.0,0.0,0.0,0.0,0.0,2000000,none,pmcx,2709439629,2.986304327099649e-08,0.0039853833150464025,0.00019492944770293225,0,1.5188183204888874e-07,0.006315206772973793,0.00030745837557923626,0,11.536014599492773,6.662686614965203e-07,1.1382244285741294e-06,1.3444742932777407e-05,1.3281578563155254e-05,
subject_00730_hemorrhage,subject_00730,subject_00730,subject_00730_hemorrhage.npz,1,complete,2.0,6.0,2.0,11.0,30.0,26.0,17.0,16.0,7.0,5.0,4.0,577.0,2000000,none,pmcx,2709439629,2.2523227722727526e-08,0.0039946764509254966,0.0001948776832762493,0,2.689027171851098e-07,0.006328488351536948,0.00030745109798741585,0,11.568789599929005,6.662686614965203e-07,1.1382244285741294e-06,1.3444742932777407e-05,1.3281578563155254e-05,
subject_00731_healthy,subject_00731,subject_00731,subject_00731_healthy.npz,0,complete,2.0,6.0,1.0,10.0,-1.0,-1.0,-1.0,-1.0,0.0,0.0,0.0,0.0,2000000,none,pmcx,575404377,3.1543004009823443e-09,0.0041252929359777875,0.00020236178074913957,0,8.301444691175825e-09,0.006198470221428823,0.00029536103521073104,0,11.517244200222194,1.067707787079638e-06,1.7517755939858193e-06,2.28994578596476e-05,6.357245427360964e-05,
subject_00731_hemorrhage,subject_00731,subject_00731,subject_00731_hemorrhage.npz,1,complete,2.0,6.0,1.0,10.0,35.0,35.0,18.0,17.0,5.0,6.0,4.0,491.0,2000000,none,pmcx,575404377,1.4048053063022326e-09,0.004148192393837435,0.00020297512139981204,0,5.295655847809668e-08,0.006156589112550083,0.00029473491626947257,0,11.522322899661958,1.067707787079638e-06,1.7517755939858193e-06,2.28994578596476e-05,6.357245427360964e-05,
subject_00732_healthy,subject_00732,subject_00732,subject_00732_healthy.npz,0,complete,2.0,6.0,1.0,10.0,-1.0,-1.0,-1.0,-1.0,0.0,0.0,0.0,0.0,2000000,none,pmcx,4189682216,8.613858209655706e-10,0.004175008492438677,0.00020593307147878358,0,3.1301035245000486e-08,0.006332713997865632,0.0003106410211555566,0,11.73093180009164,6.822612330723756e-07,1.1942970123211181e-06,1.3535662401008243e-05,2.22235525573673e-05,
subject_00732_hemorrhage,subject_00732,subject_00732,subject_00732_hemorrhage.npz,1,complete,2.0,6.0,1.0,10.0,33.0,29.0,17.0,16.0,5.0,7.0,4.0,577.0,2000000,none,pmcx,4189682216,8.625854669739229e-10,0.004177302399952118,0.0002058816715079233,0,2.84476903028321e-08,0.006317448056669457,0.00031056528269278634,0,11.740900499746203,6.822612330723756e-07,1.1942970123211181e-06,1.3535662401008243e-05,2.22235525573673e-05,
subject_00733_healthy,subject_00733,subject_00733,subject_00733_healthy.npz,0,complete,3.0,5.0,2.0,11.0,-1.0,-1.0,-1.0,-1.0,0.0,0.0,0.0,0.0,2000000,none,pmcx,826181270,1.762723137624299e-08,0.004022529777223178,0.0002012347892036249,0,7.480334913416199e-08,0.006293371593023129,0.000312292166569433,0,11.172343299956992,1.032252839445612e-06,1.1103312969124258e-06,2.5886360273632246e-05,2.096399483231086e-05,
subject_00733_hemorrhage,subject_00733,subject_00733,subject_00733_hemorrhage.npz,1,complete,3.0,5.0,2.0,11.0,34.0,42.0,20.0,19.0,5.0,5.0,5.0,515.0,2000000,none,pmcx,826181270,1.287052309747702e-08,0.004042336251707711,0.00020108171551049892,0,7.439245169194478e-08,0.0062856472898358785,0.00031268475566642893,0,11.195662500103936,1.032252839445612e-06,1.1103312969124258e-06,2.5886360273632246e-05,2.096399483231086e-05,
subject_00734_healthy,subject_00734,subject_00734,subject_00734_healthy.npz,0,complete,3.0,5.0,1.0,10.0,-1.0,-1.0,-1.0,-1.0,0.0,0.0,0.0,0.0,2000000,none,pmcx,798805009,1.5686549486182195e-10,0.003824417747770343,0.00018384792020476482,0,4.9114865688494975e-08,0.006200719364259458,0.0003047565821734488,0,11.762641000328586,7.392021732507989e-07,1.394292092512335e-06,1.908801459362102e-05,3.489760473261282e-05,
subject_00734_hemorrhage,subject_00734,subject_00734,subject_00734_hemorrhage.npz,1,complete,3.0,5.0,1.0,10.0,50.0,37.0,14.0,13.0,5.0,7.0,4.0,577.0,2000000,none,pmcx,798805009,2.6268246354238734e-10,0.0038145223938691243,0.00018392080914132026,0,4.693172830215023e-08,0.006235616968992071,0.0003053943973635254,0,11.74950660043396,7.392021732507989e-07,1.394292092512335e-06,1.908801459362102e-05,3.489760473261282e-05,
subject_00735_healthy,subject_00735,subject_00735,subject_00735_healthy.npz,0,complete,3.0,7.0,1.0,12.0,-1.0,-1.0,-1.0,-1.0,0.0,0.0,0.0,0.0,2000000,none,pmcx,1085661659,2.8558155813509377e-09,0.004042966304476787,0.00019757129370148174,0,2.711808741108104e-08,0.006269253862271699,0.00030866342003214316,0,11.885034199571237,5.244410774813267e-07,1.321059515218973e-06,7.675154617596894e-06,2.2900797486080822e-05,
subject_00735_hemorrhage,subject_00735,subject_00735,subject_00735_hemorrhage.npz,1,complete,3.0,7.0,1.0,12.0,30.0,54.0,20.0,19.0,6.0,7.0,5.0,877.0,2000000,none,pmcx,1085661659,6.45382193303174e-12,0.004039991991761458,0.0001975763347240416,0,2.6790184588506136e-08,0.0062674931870171586,0.0003084635400116512,0,11.83835450001061,5.244410774813267e-07,1.321059515218973e-06,7.675154617596894e-06,2.2900797486080822e-05,
subject_00736_healthy,subject_00736,subject_00736,subject_00736_healthy.npz,0,complete,2.0,6.0,1.0,10.0,-1.0,-1.0,-1.0,-1.0,0.0,0.0,0.0,0.0,2000000,none,pmcx,1210510781,6.355375825758981e-10,0.004265752518335728,0.00021126761754142014,0,3.400898505157034e-08,0.00647073392282883,0.00031774569456562314,0,12.19320109905675,6.952263336267853e-07,1.521085058679771e-06,2.00375086228579e-05,4.8549278087428246e-05,
subject_00736_hemorrhage,subject_00736,subject_00736,subject_00736_hemorrhage.npz,1,complete,2.0,6.0,1.0,10.0,40.0,39.0,20.0,19.0,6.0,6.0,5.0,739.0,2000000,none,pmcx,1210510781,6.355332572089509e-10,0.004266250318982763,0.00021100998967710368,0,3.479338891639296e-08,0.006474021820522121,0.00031715902185441576,0,12.266749099828303,6.952263336267853e-07,1.521085058679771e-06,2.00375086228579e-05,4.8549278087428246e-05,
subject_00737_healthy,subject_00737,subject_00737,subject_00737_healthy.npz,0,complete,3.0,6.0,2.0,12.0,-1.0,-1.0,-1.0,-1.0,0.0,0.0,0.0,0.0,2000000,none,pmcx,4016169751,7.954094726309553e-09,0.003960370456747841,0.00019497616632104114,0,1.254557266709952e-07,0.006165417723360488,0.00030750042364616106,0,11.487895699916407,9.289112256133462e-07,1.3646819779706311e-06,1.8889021844977448e-05,2.555859061943895e-05,
subject_00737_hemorrhage,subject_00737,subject_00737,subject_00737_hemorrhage.npz,1,complete,3.0,6.0,2.0,12.0,40.0,54.0,20.0,19.0,7.0,7.0,4.0,805.0,2000000,none,pmcx,4016169751,1.0345743352521775e-08,0.0039657438918342825,0.00019489085470882008,0,1.8582366972360172e-07,0.006179540982177116,0.00030750251613808407,0,11.447702199686319,9.289112256133462e-07,1.3646819779706311e-06,1.8889021844977448e-05,2.555859061943895e-05,
subject_00738_healthy,subject_00738,subject_00738,subject_00738_healthy.npz,0,complete,2.0,5.0,2.0,10.0,-1.0,-1.0,-1.0,-1.0,0.0,0.0,0.0,0.0,2000000,none,pmcx,1423915285,6.355642623515788e-08,0.004081608512402294,0.0001995728752141241,0,4.5066327987459856e-08,0.006190113500071214,0.00029908166688855976,0,11.354317700257525,6.475442083157146e-07,1.32391691908817e-06,1.210308106864861e-05,2.433790870058454e-05,
subject_00738_hemorrhage,subject_00738,subject_00738,subject_00738_hemorrhage.npz,1,complete,2.0,5.0,2.0,10.0,45.0,27.0,19.0,18.0,6.0,7.0,4.0,671.0,2000000,none,pmcx,1423915285,5.647858656632859e-08,0.004077468906010233,0.0001995238005763371,0,4.0508709871308513e-08,0.006202601589341204,0.0002997581331854616,0,11.4462494996842,6.475442083157146e-07,1.32391691908817e-06,1.210308106864861e-05,2.433790870058454e-05,
subject_00739_healthy,subject_00739,subject_00739,subject_00739_healthy.npz,0,complete,2.0,5.0,1.0,9.0,-1.0,-1.0,-1.0,-1.0,0.0,0.0,0.0,0.0,2000000,none,pmcx,2722789057,1.439619309662774e-09,0.004188326115898899,0.00020391024728566462,0,1.0498208557676708e-07,0.006367577025645108,0.0003095921280265308,0,12.343179000308737,1.4292035953748216e-06,1.7633218994976965e-06,4.262143690877528e-05,2.8277133401152267e-05,
subject_00739_hemorrhage,subject_00739,subject_00739,subject_00739_hemorrhage.npz,1,complete,2.0,5.0,1.0,9.0,37.0,32.0,16.0,15.0,5.0,7.0,5.0,711.0,2000000,none,pmcx,2722789057,3.2362134639019356e-10,0.004172356940557168,0.00020453381992942727,0,2.540939903096594e-08,0.00637297204797187,0.0003100780812172816,0,12.302565100137144,1.4292035953748216e-06,1.7633218994976965e-06,4.262143690877528e-05,2.8277133401152267e-05,
subject_00740_healthy,subject_00740,subject_00740,subject_00740_healthy.npz,0,complete,2.0,6.0,2.0,11.0,-1.0,-1.0,-1.0,-1.0,0.0,0.0,0.0,0.0,2000000,none,pmcx,2906149191,1.9160156728286374e-08,0.0040636118041003505,0.0001999216491819464,0,1.8245688638580282e-07,0.006149246632073325,0.00029699724423710137,0,11.2670044999104,1.0357533744103942e-06,1.5767068342955898e-06,1.2851778167922816e-05,2.3555286760816238e-05,
subject_00740_hemorrhage,subject_00740,subject_00740,subject_00740_hemorrhage.npz,1,complete,2.0,6.0,2.0,11.0,40.0,47.0,15.0,14.0,7.0,7.0,4.0,805.0,2000000,none,pmcx,2906149191,3.420304876573976e-08,0.004076463582268273,0.00019997166142097855,0,2.285012606344057e-07,0.006172801918834141,0.00029732046105763815,0,11.210071699693799,1.0357533744103942e-06,1.5767068342955898e-06,1.2851778167922816e-05,2.3555286760816238e-05,
subject_00741_healthy,subject_00741,subject_00741,subject_00741_healthy.npz,0,complete,2.0,5.0,1.0,9.0,-1.0,-1.0,-1.0,-1.0,0.0,0.0,0.0,0.0,2000000,none,pmcx,2265394947,2.7024057579000818e-09,0.003990137488891462,0.00019426085260789095,0,3.758658261406385e-08,0.006141065062694668,0.00029668921129507935,0,12.319448100635782,1.2050762681457062e-06,1.6938742016275878e-06,1.908020603817403e-05,2.6261066022095422e-05,
subject_00741_hemorrhage,subject_00741,subject_00741,subject_00741_hemorrhage.npz,1,complete,2.0,5.0,1.0,9.0,40.0,39.0,16.0,15.0,6.0,6.0,5.0,739.0,2000000,none,pmcx,2265394947,8.453438714607865e-09,0.003982872231860197,0.00019409351617557575,0,5.2094910651375346e-08,0.006142526917522689,0.00029667684716624726,0,12.356991600012407,1.2050762681457062e-06,1.6938742016275878e-06,1.908020603817403e-05,2.6261066022095422e-05,
subject_00742_healthy,subject_00742,subject_00742,subject_00742_healthy.npz,0,complete,2.0,5.0,1.0,9.0,-1.0,-1.0,-1.0,-1.0,0.0,0.0,0.0,0.0,2000000,none,pmcx,3938580988,1.2646836929735418e-10,0.004103321696468025,0.00020114008367320523,0,2.3982030428174323e-08,0.006154604245464089,0.00029932481458143335,0,11.924165099626407,9.802395915493516e-07,2.239990003940446e-06,1.954782246653408e-05,4.705265487858854e-05,
subject_00742_hemorrhage,subject_00742,subject_00742,subject_00742_hemorrhage.npz,1,complete,2.0,5.0,1.0,9.0,30.0,51.0,14.0,13.0,7.0,6.0,5.0,877.0,2000000,none,pmcx,3938580988,6.792060308482666e-11,0.004114540845059386,0.00020105761312519204,0,1.7643481717255587e-08,0.006127235312867848,0.00029805703087988,0,11.855417900253087,9.802395915493516e-07,2.239990003940446e-06,1.954782246653408e-05,4.705265487858854e-05,
subject_00743_healthy,subject_00743,subject_00743,subject_00743_healthy.npz,0,complete,3.0,5.0,2.0,11.0,-1.0,-1.0,-1.0,-1.0,0.0,0.0,0.0,0.0,2000000,none,pmcx,1800351955,3.3394111166821114e-08,0.004214003448285527,0.00020710178063263455,0,2.065587650747054e-07,0.00615476183261244,0.00030222119289841434,0,11.163821600144729,1.0538301940026582e-06,1.6020110975488176e-06,1.6000455390403727e-05,1.824892249895245e-05,
subject_00743_hemorrhage,subject_00743,subject_00743,subject_00743_hemorrhage.npz,1,complete,3.0,5.0,2.0,11.0,39.0,48.0,16.0,15.0,7.0,5.0,5.0,711.0,2000000,none,pmcx,1800351955,3.111991261388702e-08,0.0042207509016566735,0.00020713822035310698,0,2.1084444321032797e-07,0.006138994742703627,0.00030225249301061256,0,11.143052900442854,1.0538301940026582e-06,1.6020110975488176e-06,1.6000455390403727e-05,1.824892249895245e-05,
subject_00744_healthy,subject_00744,subject_00744,subject_00744_healthy.npz,0,complete,3.0,6.0,2.0,12.0,-1.0,-1.0,-1.0,-1.0,0.0,0.0,0.0,0.0,2000000,none,pmcx,309684629,1.281095091150914e-08,0.0041781940527779345,0.00020844972264188384,0,2.0118918463012337e-07,0.006053861655775514,0.00029923015215366986,0,11.398630599491298,1.1771314216966919e-06,2.1421015404822763e-06,2.2583846309575436e-05,5.34758622737783e-05,
subject_00744_hemorrhage,subject_00744,subject_00744,subject_00744_hemorrhage.npz,1,complete,3.0,6.0,2.0,12.0,38.0,25.0,17.0,16.0,6.0,7.0,5.0,877.0,2000000,none,pmcx,309684629,2.2145562356575957e-08,0.004199181080716738,0.00020898540159675001,0,1.6927394150707467e-07,0.006107337518049293,0.0002994749277846005,0,11.386821499560028,1.1771314216966919e-06,2.1421015404822763e-06,2.2583846309575436e-05,5.34758622737783e-05,
subject_00745_healthy,subject_00745,subject_00745,subject_00745_healthy.npz,0,complete,3.0,6.0,2.0,12.0,-1.0,-1.0,-1.0,-1.0,0.0,0.0,0.0,0.0,2000000,none,pmcx,2554078136,2.955555536181689e-08,0.004023495302594345,0.0001958819920701151,0,1.6102817781141303e-07,0.006312543692883532,0.0003119893655603983,0,11.274854900548235,9.165732348740715e-07,1.0282171931166906e-06,2.8772815591127446e-05,2.1217206062041586e-05,
subject_00745_hemorrhage,subject_00745,subject_00745,subject_00745_hemorrhage.npz,1,complete,3.0,6.0,2.0,12.0,51.0,24.0,17.0,16.0,6.0,5.0,4.0,491.0,2000000,none,pmcx,2554078136,2.919779878435313e-08,0.004019225322640305,0.00019624159091319342,0,1.6085686848741142e-07,0.006307107687379447,0.0003114187291028801,0,11.2741302002687,9.165732348740715e-07,1.0282171931166906e-06,2.8772815591127446e-05,2.1217206062041586e-05,
subject_00746_healthy,subject_00746,subject_00746,subject_00746_healthy.npz,0,complete,2.0,6.0,1.0,10.0,-1.0,-1.0,-1.0,-1.0,0.0,0.0,0.0,0.0,2000000,none,pmcx,1805967180,7.962138889111881e-09,0.00423423184580003,0.00021168318443582555,0,1.7424001888266916e-08,0.006016224067717978,0.0002930467644459147,0,11.310825500171632,1.064365024337931e-06,1.2786465706021577e-06,3.0067242683637016e-05,2.0611390457458273e-05,
subject_00746_hemorrhage,subject_00746,subject_00746,subject_00746_hemorrhage.npz,1,complete,2.0,6.0,1.0,10.0,49.0,55.0,16.0,15.0,5.0,6.0,5.0,613.0,2000000,none,pmcx,1805967180,1.9821583832772456e-08,0.004264299088483667,0.00021151563680606755,0,1.624975219621362e-08,0.0060150216624835495,0.00029277228035476757,0,11.40011510043405,1.064365024337931e-06,1.2786465706021577e-06,3.0067242683637016e-05,2.0611390457458273e-05,
subject_00747_healthy,subject_00747,subject_00747,subject_00747_healthy.npz,0,complete,2.0,6.0,1.0,10.0,-1.0,-1.0,-1.0,-1.0,0.0,0.0,0.0,0.0,2000000,none,pmcx,3844919261,2.779765527238359e-09,0.004064747035569937,0.00020177277015330326,0,2.8398225538786858e-08,0.006466954747280574,0.00031605742578463315,0,12.08113820059225,9.521512484957209e-07,1.5278074254811856e-06,2.180780928624955e-05,2.3767556011409716e-05,
subject_00747_hemorrhage,subject_00747,subject_00747,subject_00747_hemorrhage.npz,1,complete,2.0,6.0,1.0,10.0,35.0,48.0,20.0,19.0,7.0,7.0,4.0,805.0,2000000,none,pmcx,3844919261,1.6322626294320345e-09,0.004086554844856187,0.00020199608104972685,0,2.8615880397953457e-08,0.0064605000391459435,0.00031687093903985956,0,12.060488800285384,9.521512484957209e-07,1.5278074254811856e-06,2.180780928624955e-05,2.3767556011409716e-05,
subject_00748_healthy,subject_00748,subject_00748,subject_00748_healthy.npz,0,complete,2.0,7.0,2.0,12.0,-1.0,-1.0,-1.0,-1.0,0.0,0.0,0.0,0.0,2000000,none,pmcx,819157416,1.8180150434070904e-08,0.004078362040610636,0.00020053147103944803,0,1.0581105675488316e-07,0.006605024300693711,0.00032065521391193465,0,11.175260600168258,1.1353245783488706e-06,1.1791360776161385e-06,2.9633801459835393e-05,1.7255945021935255e-05,
subject_00748_hemorrhage,subject_00748,subject_00748,subject_00748_hemorrhage.npz,1,complete,2.0,7.0,2.0,12.0,35.0,32.0,20.0,19.0,6.0,7.0,4.0,671.0,2000000,none,pmcx,819157416,1.6759830515431157e-08,0.004084194807980452,0.00020132961273563053,0,8.249529388205024e-08,0.006608427457999916,0.0003206366670163531,0,11.20881969993934,1.1353245783488706e-06,1.1791360776161385e-06,2.9633801459835393e-05,1.7255945021935255e-05,
subject_00749_healthy,subject_00749,subject_00749,subject_00749_healthy.npz,0,complete,3.0,6.0,1.0,11.0,-1.0,-1.0,-1.0,-1.0,0.0,0.0,0.0,0.0,2000000,none,pmcx,3865605454,2.9348925010343405e-09,0.004057476957937543,0.00020187377129038148,0,9.487770818121307e-09,0.00599106144724586,0.00029610640964284577,0,11.536126799881458,8.778159329439222e-07,1.2834817849066048e-06,1.874991348280175e-05,2.35087815996576e-05,
subject_00749_hemorrhage,subject_00749,subject_00749,subject_00749_hemorrhage.npz,1,complete,3.0,6.0,1.0,11.0,50.0,32.0,19.0,18.0,6.0,6.0,5.0,739.0,2000000,none,pmcx,3865605454,2.849387125300722e-09,0.004045834213279571,0.000201836516353113,0,1.5494058864632805e-08,0.005999482251390048,0.0002969621581972292,0,11.484668500022963,8.778159329439222e-07,1.2834817849066048e-06,1.874991348280175e-05,2.35087815996576e-05,
subject_00750_healthy,subject_00750,subject_00750,subject_00750_healthy.npz,0,complete,2.0,6.0,1.0,10.0,-1.0,-1.0,-1.0,-1.0,0.0,0.0,0.0,0.0,2000000,none,pmcx,1777808670,1.616346963261853e-09,0.004260090697528171,0.00020954652565079965,0,2.8367178345713247e-08,0.006451027450456344,0.00031875665915219914,0,11.645545500097796,1.00501043662325e-06,1.5409737779712918e-06,2.480385479381418e-05,2.7238208101295486e-05,
subject_00750_hemorrhage,subject_00750,subject_00750,subject_00750_hemorrhage.npz,1,complete,2.0,6.0,1.0,10.0,31.0,42.0,16.0,15.0,7.0,5.0,5.0,711.0,2000000,none,pmcx,1777808670,2.0692182853357383e-09,0.004275719444740367,0.00020943633229415619,0,3.2602449609846984e-08,0.006461043437862661,0.0003181290910364576,0,11.675787600222975,1.00501043662325e-06,1.5409737779712918e-06,2.480385479381418e-05,2.7238208101295486e-05,
subject_00751_healthy,subject_00751,subject_00751,subject_00751_healthy.npz,0,complete,2.0,6.0,1.0,10.0,-1.0,-1.0,-1.0,-1.0,0.0,0.0,0.0,0.0,2000000,none,pmcx,2330920649,7.242936089831519e-10,0.004158824172237657,0.00020511078713489754,0,2.698282103732192e-08,0.006338305457271371,0.00031391094534405324,0,11.90980609995313,6.703573749050394e-07,1.7720722219483612e-06,1.0451161295827252e-05,4.1680851810648595e-05,
subject_00751_hemorrhage,subject_00751,subject_00751,subject_00751_hemorrhage.npz,1,complete,2.0,6.0,1.0,10.0,29.0,33.0,15.0,14.0,5.0,7.0,5.0,711.0,2000000,none,pmcx,2330920649,1.582525278666022e-09,0.004157878498223141,0.00020514450713933987,0,4.969131345323116e-08,0.006339431072855097,0.00031308625605326796,0,11.939959100447595,6.703573749050394e-07,1.7720722219483612e-06,1.0451161295827252e-05,4.1680851810648595e-05,
subject_00752_healthy,subject_00752,subject_00752,subject_00752_healthy.npz,0,complete,2.0,5.0,2.0,10.0,-1.0,-1.0,-1.0,-1.0,0.0,0.0,0.0,0.0,2000000,none,pmcx,2780387118,4.795234626188423e-08,0.00412134941362898,0.00020333997015115838,0,2.999741655768548e-07,0.006249556330121168,0.0003086207616785053,0,10.930793999694288,8.661713751048283e-07,1.4695846353632202e-06,1.556323391621508e-05,4.6848707978417586e-05,
subject_00752_hemorrhage,subject_00752,subject_00752,subject_00752_hemorrhage.npz,1,complete,2.0,5.0,2.0,10.0,40.0,28.0,18.0,17.0,6.0,6.0,5.0,739.0,2000000,none,pmcx,2780387118,4.520250166056909e-08,0.004124096911240241,0.00020344527575524832,0,2.169699647908511e-07,0.006247672460209294,0.0003090282250485301,0,11.06691430020146,8.661713751048283e-07,1.4695846353632202e-06,1.556323391621508e-05,4.6848707978417586e-05,
subject_00753_healthy,subject_00753,subject_00753,subject_00753_healthy.npz,0,complete,3.0,5.0,2.0,11.0,-1.0,-1.0,-1.0,-1.0,0.0,0.0,0.0,0.0,2000000,none,pmcx,2609876399,1.2469559270836643e-08,0.0038697559583279672,0.00018868071209003162,0,2.165315357063647e-07,0.006170032425699518,0.00030395875951041296,0,10.895197200588882,6.962422530037204e-07,1.4300114252342484e-06,1.2651418760412439e-05,3.810848546486126e-05,
subject_00753_hemorrhage,subject_00753,subject_00753,subject_00753_hemorrhage.npz,1,complete,3.0,5.0,2.0,11.0,48.0,30.0,17.0,16.0,5.0,5.0,4.0,417.0,2000000,none,pmcx,2609876399,1.2405615562725432e-08,0.003863208208881069,0.00018838776952189595,0,2.062043643537151e-07,0.006208140911164379,0.0003044939244654645,0,10.8685573998373,6.962422530037204e-07,1.4300114252342484e-06,1.2651418760412439e-05,3.810848546486126e-05,
subject_00754_healthy,subject_00754,subject_00754,subject_00754_healthy.npz,0,complete,3.0,6.0,1.0,11.0,-1.0,-1.0,-1.0,-1.0,0.0,0.0,0.0,0.0,2000000,none,pmcx,3354940542,1.273743335240981e-09,0.004189040612967311,0.00020892750876628762,0,4.897190671231005e-08,0.006290564505002759,0.000314269820005556,0,11.902292299782857,1.306657514283722e-06,1.635420302055265e-06,2.180181314336005e-05,2.433180814916374e-05,
subject_00754_hemorrhage,subject_00754,subject_00754,subject_00754_hemorrhage.npz,1,complete,3.0,6.0,1.0,11.0,39.0,32.0,16.0,15.0,6.0,7.0,5.0,877.0,2000000,none,pmcx,3354940542,1.4744815567369995e-09,0.004199530195407853,0.000209378606875246,0,1.1281651224297968e-08,0.006277000838318068,0.0003139442907526171,0,11.96415749983862,1.306657514283722e-06,1.635420302055265e-06,2.180181314336005e-05,2.433180814916374e-05,
subject_00755_healthy,subject_00755,subject_00755,subject_00755_healthy.npz,0,complete,2.0,5.0,1.0,9.0,-1.0,-1.0,-1.0,-1.0,0.0,0.0,0.0,0.0,2000000,none,pmcx,496662265,3.382419734162004e-09,0.004091508115613706,0.00020055254342640625,0,3.006379562001657e-08,0.006309643702483316,0.0003077060363079112,0,11.832309600664303,8.880007948744407e-07,1.7309384237893953e-06,2.0858658015423734e-05,3.1604180193339814e-05,
subject_00755_hemorrhage,subject_00755,subject_00755,subject_00755_hemorrhage.npz,1,complete,2.0,5.0,1.0,9.0,41.0,25.0,19.0,18.0,7.0,5.0,5.0,711.0,2000000,none,pmcx,496662265,5.96091832589723e-09,0.00409255980837476,0.0002005837192270824,0,3.179787060638608e-08,0.00632801991676118,0.0003081435897598942,0,11.913731799693778,8.880007948744407e-07,1.7309384237893953e-06,2.0858658015423734e-05,3.1604180193339814e-05,
subject_00756_healthy,subject_00756,subject_00756,subject_00756_healthy.npz,0,complete,2.0,6.0,1.0,10.0,-1.0,-1.0,-1.0,-1.0,0.0,0.0,0.0,0.0,2000000,none,pmcx,1349906272,4.067536636834959e-09,0.0043061191506585895,0.0002068769184450183,0,5.554953975587848e-09,0.006387123384268469,0.0003157920811013704,0,11.667953199706972,9.361835120273638e-07,1.4108348307910932e-06,1.4352528839772782e-05,2.6906858179031462e-05,
subject_00756_hemorrhage,subject_00756,subject_00756,subject_00756_hemorrhage.npz,1,complete,2.0,6.0,1.0,10.0,38.0,34.0,18.0,17.0,7.0,6.0,4.0,671.0,2000000,none,pmcx,1349906272,2.6082404803148607e-09,0.004291889769545646,0.00020691770430365217,0,9.291566053749859e-09,0.006402676953221569,0.0003155743154691378,0,11.646915400633588,9.361835120273638e-07,1.4108348307910932e-06,1.4352528839772782e-05,2.6906858179031462e-05,
subject_00757_healthy,subject_00757,subject_00757,subject_00757_healthy.npz,0,complete,3.0,6.0,2.0,12.0,-1.0,-1.0,-1.0,-1.0,0.0,0.0,0.0,0.0,2000000,none,pmcx,2745005450,6.2539445169414164e-09,0.003869728993043642,0.00019050920231783144,0,1.933409319719551e-07,0.00608657232396958,0.00030078837199469207,0,11.101793800015002,9.561820209291615e-07,1.5928012096685765e-06,2.5462537025438842e-05,3.0008503254156e-05,
subject_00757_hemorrhage,subject_00757,subject_00757,subject_00757_hemorrhage.npz,1,complete,3.0,6.0,2.0,12.0,43.0,27.0,20.0,19.0,6.0,6.0,5.0,739.0,2000000,none,pmcx,2745005450,6.252688942845065e-09,0.003881111248001408,0.00019088559024213204,0,1.7400314062453966e-07,0.006075353046475062,0.0003011252883943523,0,11.144657599972561,9.561820209291615e-07,1.5928012096685765e-06,2.5462537025438842e-05,3.0008503254156e-05,
subject_00758_healthy,subject_00758,subject_00758,subject_00758_healthy.npz,0,complete,2.0,5.0,1.0,9.0,-1.0,-1.0,-1.0,-1.0,0.0,0.0,0.0,0.0,2000000,none,pmcx,997810744,1.555408803798707e-08,0.003916599513204566,0.00019009806690244326,0,2.5035449693817515e-08,0.006303101413363358,0.00029912828153422515,0,11.656561000039801,7.574076276058081e-07,1.2477092486163003e-06,1.29653194950001e-05,2.7946230653701047e-05,
subject_00758_hemorrhage,subject_00758,subject_00758,subject_00758_hemorrhage.npz,1,complete,2.0,5.0,1.0,9.0,41.0,36.0,14.0,13.0,5.0,6.0,4.0,491.0,2000000,none,pmcx,997810744,1.7474271666156584e-10,0.003925668723169546,0.00019025856533434968,0,3.247118639683759e-08,0.006300987501258953,0.0002990382724487509,0,11.623725699959323,7.574076276058081e-07,1.2477092486163003e-06,1.29653194950001e-05,2.7946230653701047e-05,
subject_00759_healthy,subject_00759,subject_00759,subject_00759_healthy.npz,0,complete,3.0,6.0,1.0,11.0,-1.0,-1.0,-1.0,-1.0,0.0,0.0,0.0,0.0,2000000,none,pmcx,3146467768,6.448649136248568e-10,0.00403893489130007,0.00020011121605034425,0,2.1780379008260016e-08,0.006148362602880967,0.00030549059648036646,0,11.866053599631414,8.132537597106771e-07,1.4010897908874127e-06,2.385173064623977e-05,4.390573347794798e-05,
subject_00759_hemorrhage,subject_00759,subject_00759,subject_00759_hemorrhage.npz,1,complete,3.0,6.0,1.0,11.0,48.0,48.0,16.0,15.0,7.0,5.0,5.0,711.0,2000000,none,pmcx,3146467768,4.053021549446567e-10,0.00406278662194631,0.00020011795643545282,0,4.216972132896092e-08,0.006167803806258711,0.0003053207701630414,0,11.848795399768278,8.132537597106771e-07,1.4010897908874127e-06,2.385173064623977e-05,4.390573347794798e-05,
subject_00760_healthy,subject_00760,subject_00760,subject_00760_healthy.npz,0,complete,3.0,6.0,2.0,12.0,-1.0,-1.0,-1.0,-1.0,0.0,0.0,0.0,0.0,2000000,none,pmcx,359316008,2.1054379908956958e-08,0.0038984342032917316,0.0001930808920808294,0,6.252325171175244e-08,0.00638065576468897,0.00031595480298966274,0,11.23654570011422,8.386701868746449e-07,9.702101277617488e-07,1.1922365575391504e-05,1.5020047628536669e-05,
subject_00760_hemorrhage,subject_00760,subject_00760,subject_00760_hemorrhage.npz,1,complete,3.0,6.0,2.0,12.0,47.0,47.0,21.0,20.0,5.0,5.0,4.0,417.0,2000000,none,pmcx,359316008,1.6003419085305197e-08,0.0038931810775145966,0.00019314927158327474,0,6.256418130848696e-08,0.006384566631904821,0.00031592251877550774,0,11.325229700189084,8.386701868746449e-07,9.702101277617488e-07,1.1922365575391504e-05,1.5020047628536669e-05,
subject_00761_healthy,subject_00761,subject_00761,subject_00761_healthy.npz,0,complete,2.0,6.0,1.0,10.0,-1.0,-1.0,-1.0,-1.0,0.0,0.0,0.0,0.0,2000000,none,pmcx,4125243288,1.9136604730498278e-09,0.004000343074068074,0.00019370247712883739,0,3.8405779514246056e-08,0.006198006741479945,0.00030417936761837716,0,11.906817400129512,4.4792912761188207e-07,1.5226306073073084e-06,7.862156404996566e-06,2.1230071050221816e-05,
subject_00761_hemorrhage,subject_00761,subject_00761,subject_00761_hemorrhage.npz,1,complete,2.0,6.0,1.0,10.0,45.0,39.0,20.0,19.0,5.0,5.0,5.0,515.0,2000000,none,pmcx,4125243288,1.908603105397515e-09,0.004002143980976912,0.00019371499746616023,0,3.375494208078192e-08,0.00618101652180016,0.00030347422376973633,0,11.994381500175223,4.4792912761188207e-07,1.5226306073073084e-06,7.862156404996566e-06,2.1230071050221816e-05,
subject_00762_healthy,subject_00762,subject_00762,subject_00762_healthy.npz,0,complete,3.0,6.0,1.0,11.0,-1.0,-1.0,-1.0,-1.0,0.0,0.0,0.0,0.0,2000000,none,pmcx,1265380594,1.030862794976244e-09,0.004083371917530141,0.0001992952706388945,0,4.653826016451326e-08,0.006067825305411618,0.0002950776851729234,0,12.079623899655417,8.206961576490107e-07,1.2048599747987715e-06,2.2408753752837726e-05,2.5063457984632505e-05,
subject_00762_hemorrhage,subject_00762,subject_00762,subject_00762_hemorrhage.npz,1,complete,3.0,6.0,1.0,11.0,43.0,49.0,21.0,20.0,5.0,7.0,4.0,577.0,2000000,none,pmcx,1265380594,1.150767763674866e-09,0.004105780671282979,0.0001996871187120171,0,4.601230849529662e-08,0.006064685504634925,0.0002956165360656609,0,12.041836800286546,8.206961576490107e-07,1.2048599747987715e-06,2.2408753752837726e-05,2.5063457984632505e-05,
subject_00763_healthy,subject_00763,subject_00763,subject_00763_healthy.npz,0,complete,3.0,7.0,1.0,12.0,-1.0,-1.0,-1.0,-1.0,0.0,0.0,0.0,0.0,2000000,none,pmcx,543165987,1.0972101985856897e-09,0.004075633355754431,0.0002013133017297885,0,4.7652713158762854e-08,0.006038562972092657,0.00029366930782122953,0,11.937814899953082,7.385063577497574e-07,1.3654638884708633e-06,2.7478693244900772e-05,3.327087884173307e-05,
subject_00763_hemorrhage,subject_00763,subject_00763,subject_00763_hemorrhage.npz,1,complete,3.0,7.0,1.0,12.0,40.0,51.0,21.0,20.0,7.0,5.0,4.0,577.0,2000000,none,pmcx,543165987,3.962843261656736e-09,0.00404815466250953,0.00020116663935388157,0,2.7792284455606776e-08,0.00607183385093439,0.0002942669918390936,0,11.915636000223458,7.385063577497574e-07,1.3654638884708633e-06,2.7478693244900772e-05,3.327087884173307e-05,
subject_00764_healthy,subject_00764,subject_00764,subject_00764_healthy.npz,0,complete,3.0,5.0,2.0,11.0,-1.0,-1.0,-1.0,-1.0,0.0,0.0,0.0,0.0,2000000,none,pmcx,1007419938,9.483364080600872e-09,0.003959330578173949,0.0001924704761505492,0,3.6167387273187677e-08,0.006207770819380046,0.0003093411575524616,0,11.236189200077206,7.494777008860136e-07,1.7127093420445115e-06,1.611961691704803e-05,2.3441110359175487e-05,
subject_00764_hemorrhage,subject_00764,subject_00764,subject_00764_hemorrhage.npz,1,complete,3.0,5.0,2.0,11.0,30.0,37.0,21.0,20.0,7.0,7.0,5.0,1023.0,2000000,none,pmcx,1007419938,7.745207828728647e-09,0.003961843158654316,0.00019244134763595405,0,8.667176373459949e-08,0.006199217224070362,0.00030918099405738365,0,11.287447699578479,7.494777008860136e-07,1.7127093420445115e-06,1.611961691704803e-05,2.3441110359175487e-05,
subject_00765_healthy,subject_00765,subject_00765,subject_00765_healthy.npz,0,complete,3.0,7.0,1.0,12.0,-1.0,-1.0,-1.0,-1.0,0.0,0.0,0.0,0.0,2000000,none,pmcx,3561881974,1.6430739948569898e-10,0.004151128270026455,0.0002067225536934334,0,2.965082279994718e-08,0.006416600780396196,0.00031579647234585267,0,11.76108849933371,8.162813912843019e-07,1.6229445265466438e-06,2.5520381787148133e-05,5.566592346453736e-05,
subject_00765_hemorrhage,subject_00765,subject_00765,subject_00765_hemorrhage.npz,1,complete,3.0,7.0,1.0,12.0,48.0,23.0,18.0,17.0,5.0,5.0,4.0,417.0,2000000,none,pmcx,3561881974,1.7983061540575922e-10,0.004151805375562722,0.00020645548154083577,0,2.6300326618061603e-08,0.0064142655992161035,0.00031665154911966574,0,11.69964939984493,8.162813912843019e-07,1.6229445265466438e-06,2.5520381787148133e-05,5.566592346453736e-05,
subject_00766_healthy,subject_00766,subject_00766,subject_00766_healthy.npz,0,complete,2.0,7.0,2.0,12.0,-1.0,-1.0,-1.0,-1.0,0.0,0.0,0.0,0.0,2000000,none,pmcx,751185329,8.007428831580955e-09,0.004094972144943043,0.00019814732606378976,0,1.7559667038200487e-07,0.006113263568242038,0.0002951578675958591,0,11.076575099956244,1.2372547941198786e-06,1.7319424805160172e-06,2.878469721855157e-05,3.216857650078543e-05,
subject_00766_hemorrhage,subject_00766,subject_00766,subject_00766_hemorrhage.npz,1,complete,2.0,7.0,2.0,12.0,45.0,30.0,19.0,18.0,7.0,7.0,5.0,1023.0,2000000,none,pmcx,751185329,1.1772828598845562e-08,0.004079196557345179,0.00019808007761651703,0,1.8533493175616182e-07,0.006125091456355166,0.00029537283826832695,0,11.224522599717602,1.2372547941198786e-06,1.7319424805160172e-06,2.878469721855157e-05,3.216857650078543e-05,
subject_00767_healthy,subject_00767,subject_00767,subject_00767_healthy.npz,0,complete,3.0,5.0,2.0,11.0,-1.0,-1.0,-1.0,-1.0,0.0,0.0,0.0,0.0,2000000,none,pmcx,1344259100,1.5128364684158992e-08,0.00418682831207189,0.0002049813724112253,0,3.006173754108223e-07,0.00626263062510683,0.000311135927279299,0,11.408422600012273,8.824801086850513e-07,1.8901641123954026e-06,2.1360637238764142e-05,6.175619111105368e-05,
subject_00767_hemorrhage,subject_00767,subject_00767,subject_00767_hemorrhage.npz,1,complete,3.0,5.0,2.0,11.0,38.0,57.0,15.0,14.0,5.0,5.0,4.0,417.0,2000000,none,pmcx,1344259100,1.5252072366726243e-08,0.004182818182041895,0.00020467136832827963,0,2.6920695076227884e-07,0.006254944743865357,0.0003106948623359485,0,11.402118000201881,8.824801086850513e-07,1.8901641123954026e-06,2.1360637238764142e-05,6.175619111105368e-05,
subject_00768_healthy,subject_00768,subject_00768,subject_00768_healthy.npz,0,complete,3.0,5.0,2.0,11.0,-1.0,-1.0,-1.0,-1.0,0.0,0.0,0.0,0.0,2000000,none,pmcx,1932479812,4.5556268470648226e-08,0.003842429448283739,0.00018610916199352653,0,9.458443401105806e-08,0.006251005360836394,0.000305470100303483,0,11.234072599560022,9.976320639918037e-07,2.2314888287584653e-06,2.1103002332517173e-05,3.87956457680045e-05,
subject_00768_hemorrhage,subject_00768,subject_00768,subject_00768_hemorrhage.npz,1,complete,3.0,5.0,2.0,11.0,36.0,33.0,16.0,15.0,7.0,5.0,5.0,711.0,2000000,none,pmcx,1932479812,2.4480330896049868e-08,0.003821326445951222,0.00018582550811397503,0,8.189269195398477e-08,0.0062234436735897755,0.00030387447567383456,0,11.249693599529564,9.976320639918037e-07,2.2314888287584653e-06,2.1103002332517173e-05,3.87956457680045e-05,
subject_00769_healthy,subject_00769,subject_00769,subject_00769_healthy.npz,0,complete,3.0,7.0,2.0,13.0,-1.0,-1.0,-1.0,-1.0,0.0,0.0,0.0,0.0,2000000,none,pmcx,2521560650,1.8780414851454062e-08,0.004026015379223452,0.00019867234235702646,0,8.450931970570166e-08,0.006132946557015331,0.000303556539784792,0,10.513424299657345,7.584773796408851e-07,1.1633381130003786e-06,1.6628620032075464e-05,2.748511847952117e-05,
subject_00769_hemorrhage,subject_00769,subject_00769,subject_00769_hemorrhage.npz,1,complete,3.0,7.0,2.0,13.0,47.0,26.0,21.0,20.0,7.0,5.0,5.0,711.0,2000000,none,pmcx,2521560650,1.8412228942180882e-08,0.004010689355723086,0.0001984394056855935,0,8.519318436552203e-08,0.006160431675494852,0.0003039595739023777,0,10.583693800261244,7.584773796408851e-07,1.1633381130003786e-06,1.6628620032075464e-05,2.748511847952117e-05,
subject_00770_healthy,subject_00770,subject_00770,subject_00770_healthy.npz,0,complete,3.0,5.0,1.0,10.0,-1.0,-1.0,-1.0,-1.0,0.0,0.0,0.0,0.0,2000000,none,pmcx,2662799207,2.7483142701786662e-09,0.004073850308521152,0.00020309902815719304,0,3.9120959815967835e-08,0.006314129655473214,0.0003117704908558015,0,12.231610600138083,8.673383432209299e-07,1.218652460541774e-06,1.4713422833768398e-05,3.907321921890316e-05,
subject_00770_hemorrhage,subject_00770,subject_00770,subject_00770_hemorrhage.npz,1,complete,3.0,5.0,1.0,10.0,51.0,32.0,19.0,18.0,5.0,5.0,5.0,515.0,2000000,none,pmcx,2662799207,2.7353925879579944e-09,0.004067572522723355,0.0002032018629623786,0,3.8646111017931244e-08,0.006319558361920358,0.00031173507873390036,0,12.221431899815798,8.673383432209299e-07,1.218652460541774e-06,1.4713422833768398e-05,3.907321921890316e-05,
subject_00771_healthy,subject_00771,subject_00771,subject_00771_healthy.npz,0,complete,2.0,5.0,2.0,10.0,-1.0,-1.0,-1.0,-1.0,0.0,0.0,0.0,0.0,2000000,none,pmcx,376383987,8.392062993014982e-08,0.003975328707446491,0.00019505773234842957,0,3.002386931436473e-07,0.006335307683898056,0.00030966254163393236,0,11.250540600158274,8.374482744753937e-07,1.1045965127301365e-06,1.331639930042712e-05,1.5138484856487794e-05,
subject_00771_hemorrhage,subject_00771,subject_00771,subject_00771_hemorrhage.npz,1,complete,2.0,5.0,2.0,10.0,30.0,53.0,16.0,15.0,5.0,6.0,4.0,491.0,2000000,none,pmcx,376383987,8.257316642193498e-08,0.003962012308146064,0.0001951050533192711,0,2.816609789785936e-07,0.006342666899434996,0.0003099936607981364,0,11.298679799772799,8.374482744753937e-07,1.1045965127301365e-06,1.331639930042712e-05,1.5138484856487794e-05,
subject_00772_healthy,subject_00772,subject_00772,subject_00772_healthy.npz,0,complete,2.0,6.0,1.0,10.0,-1.0,-1.0,-1.0,-1.0,0.0,0.0,0.0,0.0,2000000,none,pmcx,3687212850,2.4293403624016264e-09,0.004077038058544773,0.00020059267679039627,0,2.1528542790846767e-08,0.006482739502041365,0.00031704930400668795,0,11.494705099845305,7.583719194584863e-07,1.285453717548865e-06,2.016232521241841e-05,2.050450319605445e-05,
subject_00772_hemorrhage,subject_00772,subject_00772,subject_00772_hemorrhage.npz,1,complete,2.0,6.0,1.0,10.0,49.0,25.0,17.0,16.0,6.0,6.0,5.0,739.0,2000000,none,pmcx,3687212850,4.595605271044994e-10,0.004094711521299792,0.00020084069449394768,0,2.1547945418901637e-08,0.006474743615318284,0.00031707075128811866,0,11.535810499684885,7.583719194584863e-07,1.285453717548865e-06,2.016232521241841e-05,2.050450319605445e-05,
subject_00773_healthy,subject_00773,subject_00773,subject_00773_healthy.npz,0,complete,3.0,6.0,1.0,11.0,-1.0,-1.0,-1.0,-1.0,0.0,0.0,0.0,0.0,2000000,none,pmcx,4039631495,2.4139964568708624e-10,0.0040893335308426005,0.00020440613098821883,0,5.9508526541123823e-08,0.006196335773152806,0.0003112651723620977,0,12.055625299923122,1.0853069831043922e-06,1.7630952386097178e-06,2.1362336467958126e-05,6.456168036062578e-05,
subject_00773_hemorrhage,subject_00773,subject_00773,subject_00773_hemorrhage.npz,1,complete,3.0,6.0,1.0,11.0,42.0,50.0,17.0,16.0,6.0,6.0,5.0,739.0,2000000,none,pmcx,4039631495,2.646805735758229e-10,0.00410661873016955,0.00020462164957477173,0,5.704015567242467e-08,0.006260897453513432,0.00031174599822654156,0,12.022559200180694,1.0853069831043922e-06,1.7630952386097178e-06,2.1362336467958126e-05,6.456168036062578e-05,
subject_00774_healthy,subject_00774,subject_00774,subject_00774_healthy.npz,0,complete,3.0,6.0,2.0,12.0,-1.0,-1.0,-1.0,-1.0,0.0,0.0,0.0,0.0,2000000,none,pmcx,3992924975,1.5580315561085317e-08,0.003874740154857235,0.00019239042567751658,0,1.4346325325394943e-07,0.006158676218200236,0.000304494380843865,0,10.803022399311885,8.913891555738513e-07,1.4997896628946658e-06,1.557998646335712e-05,1.879155033290066e-05,
subject_00774_hemorrhage,subject_00774,subject_00774,subject_00774_hemorrhage.npz,1,complete,3.0,6.0,2.0,12.0,38.0,49.0,17.0,16.0,6.0,7.0,4.0,671.0,2000000,none,pmcx,3992924975,1.7113628535474626e-08,0.0038750960783322176,0.00019249438640001163,0,1.406763968084431e-07,0.006174972178615283,0.0003047327062751337,0,10.835536399623379,8.913891555738513e-07,1.4997896628946658e-06,1.557998646335712e-05,1.879155033290066e-05,
subject_00775_healthy,subject_00775,subject_00775,subject_00775_healthy.npz,0,complete,3.0,6.0,1.0,11.0,-1.0,-1.0,-1.0,-1.0,0.0,0.0,0.0,0.0,2000000,none,pmcx,424678084,3.579457188551689e-09,0.004102898227544471,0.00020169730692717555,0,1.3794006606130907e-08,0.006273450494804377,0.0003106896578512696,0,12.02222659997642,7.954733287137989e-07,1.713224252523117e-06,2.2899420809270078e-05,3.8989776684996607e-05,
subject_00775_hemorrhage,subject_00775,subject_00775,subject_00775_hemorrhage.npz,1,complete,3.0,6.0,1.0,11.0,37.0,57.0,15.0,14.0,6.0,5.0,4.0,491.0,2000000,none,pmcx,424678084,2.5096763284774905e-09,0.004079998806735201,0.00020149762238681561,0,1.3770571491785281e-08,0.006289488150108334,0.00031007973185959116,0,12.046253399923444,7.954733287137989e-07,1.713224252523117e-06,2.2899420809270078e-05,3.8989776684996607e-05,
subject_00776_healthy,subject_00776,subject_00776,subject_00776_healthy.npz,0,complete,3.0,6.0,1.0,11.0,-1.0,-1.0,-1.0,-1.0,0.0,0.0,0.0,0.0,2000000,none,pmcx,4146238059,1.0465283598360892e-09,0.00395597712799681,0.0001958362723986144,0,8.128093516697599e-09,0.0064286807881194594,0.0003220157059282968,0,11.910882000578567,5.692707877590581e-07,1.759330195196886e-06,9.443683314732092e-06,6.376093777868061e-05,
subject_00776_hemorrhage,subject_00776,subject_00776,subject_00776_hemorrhage.npz,1,complete,3.0,6.0,1.0,11.0,46.0,24.0,18.0,17.0,5.0,5.0,5.0,515.0,2000000,none,pmcx,4146238059,1.2652713678042036e-09,0.003958001367141099,0.000195827405135544,0,3.1215782897914578e-09,0.006450713404940029,0.0003217830318487005,0,11.958257099846378,5.692707877590581e-07,1.759330195196886e-06,9.443683314732092e-06,6.376093777868061e-05,
subject_00777_healthy,subject_00777,subject_00777,subject_00777_healthy.npz,0,complete,2.0,6.0,2.0,11.0,-1.0,-1.0,-1.0,-1.0,0.0,0.0,0.0,0.0,2000000,none,pmcx,1269528411,3.18819912748602e-08,0.003997326473143432,0.00019538426255844083,0,1.6449131104014304e-07,0.006192936029339643,0.0002958166804414673,0,11.200798700097948,1.0570245843380085e-06,1.3582664849610518e-06,2.6484243678365584e-05,2.7127261952002678e-05,
subject_00777_hemorrhage,subject_00777,subject_00777,subject_00777_hemorrhage.npz,1,complete,2.0,6.0,2.0,11.0,30.0,30.0,17.0,16.0,5.0,5.0,5.0,515.0,2000000,none,pmcx,1269528411,1.2171695392236847e-08,0.003997071825507593,0.0001951487477139073,0,1.1932976048373962e-07,0.006204447819471914,0.00029621197700796954,0,11.250816999934614,1.0570245843380085e-06,1.3582664849610518e-06,2.6484243678365584e-05,2.7127261952002678e-05,
subject_00778_healthy,subject_00778,subject_00778,subject_00778_healthy.npz,0,complete,2.0,5.0,2.0,10.0,-1.0,-1.0,-1.0,-1.0,0.0,0.0,0.0,0.0,2000000,none,pmcx,3896707959,5.935318183712275e-08,0.004105120880618572,0.0002018618933992703,0,1.6842017654244114e-07,0.005984305906548253,0.00029217264461762696,0,11.357368699973449,1.0705652780290312e-06,1.6027707674523858e-06,2.19430535252493e-05,1.9041758865164307e-05,
subject_00778_hemorrhage,subject_00778,subject_00778,subject_00778_hemorrhage.npz,1,complete,2.0,5.0,2.0,10.0,32.0,38.0,16.0,15.0,5.0,7.0,5.0,711.0,2000000,none,pmcx,3896707959,4.7128152419188975e-08,0.004114673038581741,0.0002013022721892457,0,2.2625099644710792e-07,0.005985949727242899,0.0002915877819176344,0,11.399248300585896,1.0705652780290312e-06,1.6027707674523858e-06,2.19430535252493e-05,1.9041758865164307e-05,
subject_00779_healthy,subject_00779,subject_00779,subject_00779_healthy.npz,0,complete,3.0,5.0,1.0,10.0,-1.0,-1.0,-1.0,-1.0,0.0,0.0,0.0,0.0,2000000,none,pmcx,1645708377,2.286315774559507e-09,0.004018364068136691,0.0001992045371253516,0,3.648891726822001e-08,0.006109115143676803,0.00029831506971243055,0,11.829288599546999,1.1172680991578851e-06,1.8024423858067085e-06,3.0018680125039332e-05,3.099263523518789e-05,
subject_00779_hemorrhage,subject_00779,subject_00779,subject_00779_hemorrhage.npz,1,complete,3.0,5.0,1.0,10.0,31.0,48.0,18.0,17.0,7.0,7.0,5.0,1023.0,2000000,none,pmcx,1645708377,2.449744466863459e-09,0.003997130064577686,0.0001986375905525962,0,2.5671466161426757e-08,0.006139355866807341,0.0002985700517039513,0,11.948176299920306,1.1172680991578851e-06,1.8024423858067085e-06,3.0018680125039332e-05,3.099263523518789e-05,
subject_00780_healthy,subject_00780,subject_00780,subject_00780_healthy.npz,0,complete,3.0,6.0,2.0,12.0,-1.0,-1.0,-1.0,-1.0,0.0,0.0,0.0,0.0,2000000,none,pmcx,3732233058,1.1735623100458628e-08,0.004099021460674484,0.0002046045377028783,0,5.1803548837879995e-08,0.006055220366210878,0.0002969590316521987,0,11.136847000103444,1.0418390682634793e-06,1.6300982384934005e-06,4.2565983244854944e-05,2.957283009206741e-05,
subject_00780_hemorrhage,subject_00780,subject_00780,subject_00780_hemorrhage.npz,1,complete,3.0,6.0,2.0,12.0,50.0,50.0,17.0,16.0,6.0,7.0,5.0,877.0,2000000,none,pmcx,3732233058,8.663333059282352e-09,0.00410801466091875,0.00020436896252072555,0,4.031564086387003e-08,0.0060747407560610735,0.0002974894120861773,0,11.10645839991048,1.0418390682634793e-06,1.6300982384934005e-06,4.2565983244854944e-05,2.957283009206741e-05,
subject_00781_healthy,subject_00781,subject_00781,subject_00781_healthy.npz,0,complete,2.0,5.0,1.0,9.0,-1.0,-1.0,-1.0,-1.0,0.0,0.0,0.0,0.0,2000000,none,pmcx,3989555496,5.252288988579938e-10,0.004166624186119597,0.00020218620976013144,0,3.522491121406158e-08,0.006036044610960658,0.00029165478922069387,0,12.124723500572145,1.0173287232422047e-06,1.7143484791486914e-06,1.91538575194947e-05,5.3628711985617174e-05,
subject_00781_hemorrhage,subject_00781,subject_00781,subject_00781_hemorrhage.npz,1,complete,2.0,5.0,1.0,9.0,43.0,37.0,17.0,16.0,7.0,6.0,4.0,671.0,2000000,none,pmcx,3989555496,2.7156536681713487e-10,0.004178084099754407,0.00020164135999817349,0,3.1924490024012166e-08,0.006014696828318726,0.0002909478360979598,0,12.096116099739447,1.0173287232422047e-06,1.7143484791486914e-06,1.91538575194947e-05,5.3628711985617174e-05,
subject_00782_healthy,subject_00782,subject_00782,subject_00782_healthy.npz,0,complete,2.0,6.0,2.0,11.0,-1.0,-1.0,-1.0,-1.0,0.0,0.0,0.0,0.0,2000000,none,pmcx,2098209742,6.181992198140192e-08,0.0041514523870524005,0.00020626297217371685,0,1.0085535639425648e-07,0.006185322005030657,0.0002967317836951466,0,11.007049600128084,1.4151646451594628e-06,1.8826848886593533e-06,3.0385843692498637e-05,5.205026364381478e-05,
subject_00782_hemorrhage,subject_00782,subject_00782,subject_00782_hemorrhage.npz,1,complete,2.0,6.0,2.0,11.0,41.0,36.0,18.0,17.0,6.0,5.0,5.0,613.0,2000000,none,pmcx,2098209742,4.945092478408737e-08,0.004181838230744899,0.00020657384939278605,0,8.541757707069262e-08,0.006176667799966308,0.0002959498248030916,0,10.963162500178441,1.4151646451594628e-06,1.8826848886593533e-06,3.0385843692498637e-05,5.205026364381478e-05,
subject_00783_healthy,subject_00783,subject_00783,subject_00783_healthy.npz,0,complete,3.0,6.0,1.0,11.0,-1.0,-1.0,-1.0,-1.0,0.0,0.0,0.0,0.0,2000000,none,pmcx,1869724416,2.950664758219362e-10,0.0039769601833454515,0.000193419503053563,0,9.473217658787008e-09,0.006221610767036504,0.00031271880715361106,0,11.79807599959895,6.80681906652564e-07,1.5646014789951243e-06,1.626959543116972e-05,6.024131141733457e-05,
subject_00783_hemorrhage,subject_00783,subject_00783,subject_00783_hemorrhage.npz,1,complete,3.0,6.0,1.0,11.0,29.0,56.0,18.0,17.0,6.0,5.0,5.0,613.0,2000000,none,pmcx,1869724416,3.276851195479681e-10,0.003971042954755122,0.00019320971963934734,0,1.2196062906758869e-08,0.006272637816082879,0.00031327721045517216,0,11.792277899105102,6.80681906652564e-07,1.5646014789951243e-06,1.626959543116972e-05,6.024131141733457e-05,
subject_00784_healthy,subject_00784,subject_00784,subject_00784_healthy.npz,0,complete,3.0,6.0,2.0,12.0,-1.0,-1.0,-1.0,-1.0,0.0,0.0,0.0,0.0,2000000,none,pmcx,2179162613,1.0217945056504206e-08,0.0038983199386927706,0.00019043059022954423,0,6.540277989700047e-08,0.006227000401468466,0.0003048911286062899,0,11.042344299377874,1.0661342754036876e-06,1.0013222567043792e-06,3.803642732250938e-05,1.6732591510924648e-05,
subject_00784_hemorrhage,subject_00784,subject_00784,subject_00784_hemorrhage.npz,1,complete,3.0,6.0,2.0,12.0,41.0,25.0,18.0,17.0,5.0,6.0,4.0,491.0,2000000,none,pmcx,2179162613,5.8162498788041255e-09,0.0038877651529922647,0.00019058041308438184,0,2.072525496023595e-07,0.0062242579651826755,0.0003050188351062579,0,10.983038899721578,1.0661342754036876e-06,1.0013222567043792e-06,3.803642732250938e-05,1.6732591510924648e-05,
subject_00785_healthy,subject_00785,subject_00785,subject_00785_healthy.npz,0,complete,3.0,6.0,2.0,12.0,-1.0,-1.0,-1.0,-1.0,0.0,0.0,0.0,0.0,2000000,none,pmcx,2750384596,1.040009532608998e-08,0.004021263217383249,0.0001982725172365569,0,8.166740394424155e-08,0.006105297535770818,0.0002977884157663446,0,11.420798600185663,7.257104376131807e-07,1.0744867858953973e-06,1.6043295153186595e-05,2.2894420653438163e-05,
subject_00785_hemorrhage,subject_00785,subject_00785,subject_00785_hemorrhage.npz,1,complete,3.0,6.0,2.0,12.0,39.0,48.0,21.0,20.0,6.0,5.0,4.0,491.0,2000000,none,pmcx,2750384596,8.658015763045879e-09,0.004027831260703988,0.00019840995945456634,0,7.386122648183937e-08,0.006114290117377014,0.00029752160320822634,0,11.371492200298235,7.257104376131807e-07,1.0744867858953973e-06,1.6043295153186595e-05,2.2894420653438163e-05,
subject_00786_healthy,subject_00786,subject_00786,subject_00786_healthy.npz,0,complete,2.0,6.0,2.0,11.0,-1.0,-1.0,-1.0,-1.0,0.0,0.0,0.0,0.0,2000000,none,pmcx,3059626299,1.4686073616124014e-08,0.004078699934779158,0.0001989672067477018,0,8.451579959588884e-08,0.006445146861327079,0.0003073870092030038,0,11.393728899769485,1.079068754520824e-06,1.1168232199366729e-06,2.9152638375585203e-05,2.5750480670857882e-05,
subject_00786_hemorrhage,subject_00786,subject_00786,subject_00786_hemorrhage.npz,1,complete,2.0,6.0,2.0,11.0,43.0,56.0,19.0,18.0,6.0,6.0,5.0,739.0,2000000,none,pmcx,3059626299,1.522649641970892e-08,0.004049547296403572,0.00019846536342799602,0,6.238154427832353e-08,0.006436320613456911,0.0003077674414960559,0,11.406016300665215,1.079068754520824e-06,1.1168232199366729e-06,2.9152638375585203e-05,2.5750480670857882e-05,
subject_00787_healthy,subject_00787,subject_00787,subject_00787_healthy.npz,0,complete,2.0,7.0,1.0,11.0,-1.0,-1.0,-1.0,-1.0,0.0,0.0,0.0,0.0,2000000,none,pmcx,3677310565,3.62427399780689e-10,0.0042524288326635075,0.00020954867857267748,0,1.8833151812676827e-08,0.006514924358072926,0.0003172770419487743,0,11.988626899663359,7.482880617988244e-07,1.6613621443219794e-06,1.9669709094723847e-05,4.2571289767584855e-05,
subject_00787_hemorrhage,subject_00787,subject_00787,subject_00787_hemorrhage.npz,1,complete,2.0,7.0,1.0,11.0,47.0,42.0,20.0,19.0,5.0,7.0,5.0,711.0,2000000,none,pmcx,3677310565,5.211580138354119e-10,0.004272098541758231,0.00020951858155725971,0,1.727446424339267e-08,0.006512041168267385,0.00031817528239916397,0,11.980304500553757,7.482880617988244e-07,1.6613621443219794e-06,1.9669709094723847e-05,4.2571289767584855e-05,
subject_00788_healthy,subject_00788,subject_00788,subject_00788_healthy.npz,0,complete,2.0,7.0,1.0,11.0,-1.0,-1.0,-1.0,-1.0,0.0,0.0,0.0,0.0,2000000,none,pmcx,1341891675,1.637159239278987e-09,0.004245424824277099,0.00020754815569196442,0,9.665552661680082e-11,0.006429586841908968,0.00031057177674418166,0,12.163198800291866,1.0046160512276494e-06,1.2363927556213065e-06,1.5547529263622382e-05,3.548688869285145e-05,
subject_00788_hemorrhage,subject_00788,subject_00788,subject_00788_hemorrhage.npz,1,complete,2.0,7.0,1.0,11.0,34.0,55.0,21.0,20.0,6.0,7.0,5.0,877.0,2000000,none,pmcx,1341891675,2.644216080224294e-09,0.004231253059589604,0.00020742699968867183,0,9.66658178324784e-11,0.006415649411552131,0.00031032924787968805,0,12.209380699787289,1.0046160512276494e-06,1.2363927556213065e-06,1.5547529263622382e-05,3.548688869285145e-05,
subject_00789_healthy,subject_00789,subject_00789,subject_00789_healthy.npz,0,complete,3.0,7.0,2.0,13.0,-1.0,-1.0,-1.0,-1.0,0.0,0.0,0.0,0.0,2000000,none,pmcx,83407580,3.906733293558017e-09,0.0040035592081280255,0.00019709598959324537,0,6.812405265157054e-08,0.006067067040083304,0.00029802190687244285,0,11.399828400230035,7.35438780643463e-07,1.3256825250348917e-06,1.689753827579122e-05,2.097512405058611e-05,
subject_00789_hemorrhage,subject_00789,subject_00789,subject_00789_hemorrhage.npz,1,complete,3.0,7.0,2.0,13.0,31.0,27.0,20.0,19.0,7.0,7.0,4.0,805.0,2000000,none,pmcx,83407580,5.361423411009014e-09,0.003999373066758297,0.00019696013876696776,0,1.6333778868216753e-08,0.006082114855497495,0.0002981797158086656,0,11.446184600004926,7.35438780643463e-07,1.3256825250348917e-06,1.689753827579122e-05,2.097512405058611e-05,
subject_00790_healthy,subject_00790,subject_00790,subject_00790_healthy.npz,0,complete,2.0,6.0,2.0,11.0,-1.0,-1.0,-1.0,-1.0,0.0,0.0,0.0,0.0,2000000,none,pmcx,3872977510,2.479440987182374e-08,0.004036569576458501,0.00020026001370331069,0,3.2805156315495254e-08,0.006136419033988981,0.00029641822676771686,0,11.151899899821728,1.0733046009023543e-06,1.377079345025288e-06,2.37016733092006e-05,2.487859747393132e-05,
subject_00790_hemorrhage,subject_00790,subject_00790,subject_00790_hemorrhage.npz,1,complete,2.0,6.0,2.0,11.0,47.0,32.0,17.0,16.0,5.0,5.0,5.0,515.0,2000000,none,pmcx,3872977510,2.4113847885195157e-08,0.00403707249135053,0.00019977687864208653,0,8.647356709545074e-09,0.006116587233268617,0.0002960978320693203,0,11.037254000315443,1.0733046009023543e-06,1.377079345025288e-06,2.37016733092006e-05,2.487859747393132e-05,
subject_00791_healthy,subject_00791,subject_00791,subject_00791_healthy.npz,0,complete,2.0,5.0,2.0,10.0,-1.0,-1.0,-1.0,-1.0,0.0,0.0,0.0,0.0,2000000,none,pmcx,2242326828,3.101051877160061e-09,0.003976306662139088,0.00019167509498786735,0,3.452737831057339e-07,0.006300562080292421,0.0003120746133085373,0,11.452018099837005,8.898202240577002e-07,1.2873730076714578e-06,1.9164830474997264e-05,1.8722345467989598e-05,
subject_00791_hemorrhage,subject_00791,subject_00791,subject_00791_hemorrhage.npz,1,complete,2.0,5.0,2.0,10.0,41.0,48.0,21.0,20.0,5.0,7.0,4.0,577.0,2000000,none,pmcx,2242326828,2.754792919621056e-09,0.003963637677130853,0.00019158436604672973,0,3.375415449712987e-07,0.006304927886093388,0.0003120199012958901,0,11.401339099975303,8.898202240577002e-07,1.2873730076714578e-06,1.9164830474997264e-05,1.8722345467989598e-05,
subject_00792_healthy,subject_00792,subject_00792,subject_00792_healthy.npz,0,complete,3.0,6.0,1.0,11.0,-1.0,-1.0,-1.0,-1.0,0.0,0.0,0.0,0.0,2000000,none,pmcx,3163973658,1.4436656028242472e-09,0.004078741945038022,0.00020064363269836307,0,4.1882725540898895e-09,0.006315657184797823,0.00031355140909784677,0,12.140250000171363,8.210258916643471e-07,1.343973383958886e-06,1.6498856830863412e-05,5.9836669772086494e-05,
subject_00792_hemorrhage,subject_00792,subject_00792,subject_00792_hemorrhage.npz,1,complete,3.0,6.0,1.0,11.0,47.0,56.0,19.0,18.0,5.0,5.0,5.0,515.0,2000000,none,pmcx,3163973658,1.9955404241580787e-09,0.0040952408018688855,0.00020068486210430837,0,4.030448256743148e-09,0.006333081589614328,0.0003132530060015956,0,12.24741889978759,8.210258916643471e-07,1.343973383958886e-06,1.6498856830863412e-05,5.9836669772086494e-05,
subject_00793_healthy,subject_00793,subject_00793,subject_00793_healthy.npz,0,complete,3.0,7.0,1.0,12.0,-1.0,-1.0,-1.0,-1.0,0.0,0.0,0.0,0.0,2000000,none,pmcx,3448520165,2.395778985631663e-10,0.00420409098832974,0.00020685612661355363,0,1.600466909209119e-08,0.00640998429688397,0.00031530366990716323,0,11.905950299696997,1.06370862305814e-06,1.2893743735898987e-06,2.956469963742627e-05,3.309770462675554e-05,
subject_00793_hemorrhage,subject_00793,subject_00793,subject_00793_hemorrhage.npz,1,complete,3.0,7.0,1.0,12.0,39.0,44.0,19.0,18.0,5.0,7.0,5.0,711.0,2000000,none,pmcx,3448520165,1.55826561641544e-10,0.004214349216975241,0.000206924817374542,0,2.572164891383117e-09,0.006443082001510726,0.00031604917534481565,0,11.9847833996173,1.06370862305814e-06,1.2893743735898987e-06,2.956469963742627e-05,3.309770462675554e-05,
subject_00794_healthy,subject_00794,subject_00794,subject_00794_healthy.npz,0,complete,3.0,7.0,1.0,12.0,-1.0,-1.0,-1.0,-1.0,0.0,0.0,0.0,0.0,2000000,none,pmcx,1289852063,3.0013368441350853e-10,0.004167001825410985,0.0002071218982763113,0,3.699211754118979e-08,0.006167301592542604,0.00030361613677251425,0,11.794404500396922,7.168517273284247e-07,1.57824773067048e-06,2.1643164092899868e-05,2.179355105230165e-05,
subject_00794_hemorrhage,subject_00794,subject_00794,subject_00794_hemorrhage.npz,1,complete,3.0,7.0,1.0,12.0,32.0,28.0,17.0,16.0,5.0,6.0,5.0,613.0,2000000,none,pmcx,1289852063,3.032832251349927e-10,0.004170413150547024,0.00020731985623694818,0,2.1334082367273142e-08,0.006175322816270941,0.00030356667876024827,0,11.758684099884704,7.168517273284247e-07,1.57824773067048e-06,2.1643164092899868e-05,2.179355105230165e-05,
subject_00795_healthy,subject_00795,subject_00795,subject_00795_healthy.npz,0,complete,3.0,6.0,1.0,11.0,-1.0,-1.0,-1.0,-1.0,0.0,0.0,0.0,0.0,2000000,none,pmcx,1320559407,7.068648718508474e-10,0.004211462403621956,0.00020914944650819142,0,5.219590464671046e-08,0.006387494564064746,0.0003149611585444314,0,12.167716099647805,7.65281300795803e-07,1.133740761699721e-06,1.224983567120995e-05,2.359801546905041e-05,
subject_00795_hemorrhage,subject_00795,subject_00795,subject_00795_hemorrhage.npz,1,complete,3.0,6.0,1.0,11.0,31.0,42.0,18.0,17.0,6.0,6.0,4.0,585.0,2000000,none,pmcx,1320559407,4.3045792314111795e-10,0.004211842435508365,0.00020892060105617957,0,3.85699849899761e-08,0.006374506907484332,0.00031525723936679743,0,12.153269900474697,7.65281300795803e-07,1.133740761699721e-06,1.224983567120995e-05,2.359801546905041e-05,
subject_00796_healthy,subject_00796,subject_00796,subject_00796_healthy.npz,0,complete,2.0,7.0,1.0,11.0,-1.0,-1.0,-1.0,-1.0,0.0,0.0,0.0,0.0,2000000,none,pmcx,1103205538,9.024135677488835e-11,0.004011745888298475,0.00019571794768181896,0,3.156586614412182e-08,0.006168356786721467,0.0002966058678898099,0,11.852972399676219,1.0639948145575803e-06,1.0116562287322244e-06,2.947336118181874e-05,1.6590130681014108e-05,
subject_00796_hemorrhage,subject_00796,subject_00796,subject_00796_hemorrhage.npz,1,complete,2.0,7.0,1.0,11.0,35.0,31.0,21.0,20.0,6.0,6.0,5.0,739.0,2000000,none,pmcx,1103205538,1.1231059584820917e-10,0.004021097481482039,0.00019592101999827102,0,3.009077409740633e-08,0.006167523740889187,0.00029646049731417944,0,11.947381499921903,1.0639948145575803e-06,1.0116562287322244e-06,2.947336118181874e-05,1.6590130681014108e-05,
subject_00797_healthy,subject_00797,subject_00797,subject_00797_healthy.npz,0,complete,2.0,5.0,2.0,10.0,-1.0,-1.0,-1.0,-1.0,0.0,0.0,0.0,0.0,2000000,none,pmcx,3254849571,4.526869153410194e-08,0.004083231577682982,0.0002049947858641638,0,3.107049118572628e-07,0.006179407868792814,0.00030489034379321627,0,11.495974100194871,9.599036731381625e-07,9.907650276064406e-07,2.84675483864065e-05,1.8036790087453715e-05,
subject_00797_hemorrhage,subject_00797,subject_00797,subject_00797_hemorrhage.npz,1,complete,2.0,5.0,2.0,10.0,49.0,43.0,18.0,17.0,6.0,5.0,5.0,613.0,2000000,none,pmcx,3254849571,4.846783883460807e-08,0.004085496984121691,0.00020459025015790363,0,2.4831296199683737e-07,0.006180915409203947,0.0003049363090574459,0,11.48484899988398,9.599036731381625e-07,9.907650276064406e-07,2.84675483864065e-05,1.8036790087453715e-05,
subject_00798_healthy,subject_00798,subject_00798,subject_00798_healthy.npz,0,complete,2.0,5.0,1.0,9.0,-1.0,-1.0,-1.0,-1.0,0.0,0.0,0.0,0.0,2000000,none,pmcx,2263598745,3.0797406826496527e-09,0.004021448325425737,0.0001954869872872292,0,5.5036015294375586e-08,0.006363137960009084,0.000308259191690757,0,11.886550599941984,5.485169747386453e-07,1.4714183042539065e-06,1.2000975064263997e-05,2.7621970391950197e-05,
subject_00798_hemorrhage,subject_00798,subject_00798,subject_00798_hemorrhage.npz,1,complete,2.0,5.0,1.0,9.0,43.0,39.0,18.0,17.0,7.0,6.0,4.0,671.0,2000000,none,pmcx,2263598745,2.9231616089090737e-09,0.004013776891193239,0.00019562522869732635,0,5.557022798109183e-08,0.006390759930401034,0.00030905630263713583,0,11.844260300509632,5.485169747386453e-07,1.4714183042539065e-06,1.2000975064263997e-05,2.7621970391950197e-05,
subject_00799_healthy,subject_00799,subject_00799,subject_00799_healthy.npz,0,complete,3.0,5.0,1.0,10.0,-1.0,-1.0,-1.0,-1.0,0.0,0.0,0.0,0.0,2000000,none,pmcx,3547166886,1.339076598725273e-09,0.004035591218647243,0.00020064016418784233,0,8.978052881923028e-09,0.006042122822200426,0.0002969396072134681,0,12.047959800576791,1.1459364620837002e-06,1.100083190038571e-06,3.2554001871847905e-05,1.4254075203053856e-05,
subject_00799_hemorrhage,subject_00799,subject_00799,subject_00799_hemorrhage.npz,1,complete,3.0,5.0,1.0,10.0,47.0,39.0,19.0,18.0,7.0,7.0,4.0,805.0,2000000,none,pmcx,3547166886,7.45491959304935e-09,0.004043361824462065,0.00020049226588626448,0,9.015108664009807e-09,0.00605637689740348,0.0002970548314806543,0,12.044615600025281,1.1459364620837002e-06,1.100083190038571e-06,3.2554001871847905e-05,1.4254075203053856e-05,
subject_00800_healthy,subject_00800,subject_00800,subject_00800_healthy.npz,0,complete,2.0,6.0,1.0,10.0,-1.0,-1.0,-1.0,-1.0,0.0,0.0,0.0,0.0,2000000,none,pmcx,1842599697,4.218225853008184e-09,0.004107643153542289,0.0002020322333750374,0,5.320848599461521e-08,0.006103383935562949,0.00029572331964876705,0,12.218888399889693,9.564547077978807e-07,1.8717915933179452e-06,1.715430338663712e-05,5.083629430874259e-05,
subject_00800_hemorrhage,subject_00800,subject_00800,subject_00800_hemorrhage.npz,1,complete,2.0,6.0,1.0,10.0,34.0,45.0,14.0,13.0,6.0,6.0,4.0,585.0,2000000,none,pmcx,1842599697,2.2359698901847853e-09,0.004118043713049847,0.00020226343180055034,0,7.252459876813692e-09,0.006083759219415795,0.00029465294919764996,0,12.247372099664062,9.564547077978807e-07,1.8717915933179452e-06,1.715430338663712e-05,5.083629430874259e-05,
subject_00801_healthy,subject_00801,subject_00801,subject_00801_healthy.npz,0,complete,3.0,6.0,2.0,12.0,-1.0,-1.0,-1.0,-1.0,0.0,0.0,0.0,0.0,2000000,none,pmcx,4043299943,2.2313543829659203e-08,0.00414206310098688,0.00020729985808663612,0,1.5391841234880285e-07,0.006010907490004298,0.00029518097564428534,0,10.788568199146539,1.3514216761334434e-06,1.7069727319788973e-06,4.924769929362527e-05,4.0205322449345625e-05,
subject_00801_hemorrhage,subject_00801,subject_00801,subject_00801_hemorrhage.npz,1,complete,3.0,6.0,2.0,12.0,44.0,29.0,18.0,17.0,7.0,7.0,5.0,1023.0,2000000,none,pmcx,4043299943,5.374108684937489e-08,0.0041569797366879475,0.00020737707654484944,0,1.4778290356800263e-07,0.005996849737368206,0.0002952542037177572,0,10.752756100380793,1.3514216761334434e-06,1.7069727319788973e-06,4.924769929362527e-05,4.0205322449345625e-05,
subject_00802_healthy,subject_00802,subject_00802,subject_00802_healthy.npz,0,complete,2.0,6.0,2.0,11.0,-1.0,-1.0,-1.0,-1.0,0.0,0.0,0.0,0.0,2000000,none,pmcx,2727359938,4.0222444272872726e-08,0.004107048946145504,0.0001991093347585328,0,8.800965330493932e-08,0.00624204745880521,0.0003008700963306442,0,11.247594899730757,1.0202850519736884e-06,1.359126986047932e-06,2.457077701500032e-05,1.9724076216975917e-05,
subject_00802_hemorrhage,subject_00802,subject_00802,subject_00802_hemorrhage.npz,1,complete,2.0,6.0,2.0,11.0,43.0,37.0,16.0,15.0,7.0,7.0,5.0,1023.0,2000000,none,pmcx,2727359938,3.0070792935628906e-08,0.004104325137892503,0.0001991218602946862,0,8.351194384000127e-08,0.006236903111822205,0.00030098202632660527,0,11.25555279944092,1.0202850519736884e-06,1.359126986047932e-06,2.457077701500032e-05,1.9724076216975917e-05,
subject_00803_healthy,subject_00803,subject_00803,subject_00803_healthy.npz,0,complete,3.0,6.0,1.0,11.0,-1.0,-1.0,-1.0,-1.0,0.0,0.0,0.0,0.0,2000000,none,pmcx,3744442789,4.2129894626782256e-10,0.0040203335113768775,0.0002005959904342623,0,2.8828251982981496e-08,0.006330513850434664,0.0003164683274262193,0,11.838105199858546,1.063374153010488e-06,2.057322128882713e-06,2.9778577243217905e-05,7.282883037215259e-05,
subject_00803_hemorrhage,subject_00803,subject_00803,subject_00803_hemorrhage.npz,1,complete,3.0,6.0,1.0,11.0,38.0,52.0,16.0,15.0,7.0,6.0,4.0,671.0,2000000,none,pmcx,3744442789,1.8556025902132486e-11,0.003997050919874725,0.00020075183748711047,0,2.764989582515618e-08,0.0063048565934604485,0.0003163532683421857,0,11.939106000820175,1.063374153010488e-06,2.057322128882713e-06,2.9778577243217905e-05,7.282883037215259e-05,
subject_00804_healthy,subject_00804,subject_00804,subject_00804_healthy.npz,0,complete,2.0,5.0,1.0,9.0,-1.0,-1.0,-1.0,-1.0,0.0,0.0,0.0,0.0,2000000,none,pmcx,2589001832,8.308519827974545e-10,0.004036408301069416,0.00019715646787279474,0,5.187126539463328e-09,0.006258357905344782,0.00030299425390512447,0,11.979753999738023,6.839739445851813e-07,1.2364864222348594e-06,1.794162546789324e-05,2.912113506553255e-05,
subject_00804_hemorrhage,subject_00804,subject_00804,subject_00804_hemorrhage.npz,1,complete,2.0,5.0,1.0,9.0,48.0,52.0,19.0,18.0,6.0,5.0,5.0,613.0,2000000,none,pmcx,2589001832,2.358480476408711e-09,0.004040217563088238,0.00019751400572803196,0,5.0750552564393035e-09,0.006287479040410314,0.00030336208365337096,0,12.023811400635168,6.839739445851813e-07,1.2364864222348594e-06,1.794162546789324e-05,2.912113506553255e-05,
subject_00805_healthy,subject_00805,subject_00805,subject_00805_healthy.npz,0,complete,2.0,7.0,1.0,11.0,-1.0,-1.0,-1.0,-1.0,0.0,0.0,0.0,0.0,2000000,none,pmcx,138540616,6.704446352832239e-10,0.004406368362461636,0.0002166426416808671,0,5.209589900601636e-08,0.006438350180670137,0.0003103492540982727,0,11.724180600140244,6.627103617686192e-07,1.761156734530443e-06,8.623356433127075e-06,5.010712784982944e-05,
subject_00805_hemorrhage,subject_00805,subject_00805,subject_00805_hemorrhage.npz,1,complete,2.0,7.0,1.0,11.0,42.0,53.0,18.0,17.0,5.0,7.0,4.0,577.0,2000000,none,pmcx,138540616,7.027200922219589e-10,0.004414991718894763,0.00021683322003088342,0,5.314761638374873e-08,0.006428393045422985,0.0003100205966659336,0,11.73715230007656,6.627103617686192e-07,1.761156734530443e-06,8.623356433127075e-06,5.010712784982944e-05,
subject_00806_healthy,subject_00806,subject_00806,subject_00806_healthy.npz,0,complete,2.0,6.0,2.0,11.0,-1.0,-1.0,-1.0,-1.0,0.0,0.0,0.0,0.0,2000000,none,pmcx,1538329408,9.64119184230878e-09,0.004181640880566199,0.0002054234245827985,0,3.078343022868234e-07,0.006407731125138722,0.00031590965690907473,0,11.393453200114891,1.0398947389953376e-06,2.3357452631296967e-06,3.696538252340176e-05,6.734051263216582e-05,
subject_00806_hemorrhage,subject_00806,subject_00806,subject_00806_hemorrhage.npz,1,complete,2.0,6.0,2.0,11.0,34.0,54.0,17.0,16.0,7.0,5.0,4.0,577.0,2000000,none,pmcx,1538329408,9.619282742931374e-09,0.004184425990256782,0.0002057828318279989,0,3.074973604089198e-07,0.006340390612506556,0.00031501890441595584,0,11.373866700334474,1.0398947389953376e-06,2.3357452631296967e-06,3.696538252340176e-05,6.734051263216582e-05,
subject_00807_healthy,subject_00807,subject_00807,subject_00807_healthy.npz,0,complete,2.0,6.0,2.0,11.0,-1.0,-1.0,-1.0,-1.0,0.0,0.0,0.0,0.0,2000000,none,pmcx,4191323553,4.1057263766905724e-08,0.004047325712136392,0.00019752383418054323,0,5.980952791434745e-08,0.006288750699462068,0.0003068067727083533,0,11.38833459932357,8.290539590562116e-07,1.4697356989535001e-06,1.657979345057268e-05,3.075630138241626e-05,
subject_00807_hemorrhage,subject_00807,subject_00807,subject_00807_hemorrhage.npz,1,complete,2.0,6.0,2.0,11.0,46.0,45.0,18.0,17.0,5.0,5.0,5.0,515.0,2000000,none,pmcx,4191323553,4.032029451811382e-08,0.004034303904535216,0.00019757105708277921,0,5.985665666815281e-08,0.006257994398079652,0.00030668393450380233,0,11.379604100482538,8.290539590562116e-07,1.4697356989535001e-06,1.657979345057268e-05,3.075630138241626e-05,
subject_00808_healthy,subject_00808,subject_00808,subject_00808_healthy.npz,0,complete,3.0,6.0,2.0,12.0,-1.0,-1.0,-1.0,-1.0,0.0,0.0,0.0,0.0,2000000,none,pmcx,95429160,7.506628072604052e-10,0.0040492466718097635,0.00019895384146131158,0,8.242867337499392e-08,0.006073890259842238,0.00029891733273224117,0,11.504663499537855,7.84185116001316e-07,1.3429936697517692e-06,3.141967713510708e-05,2.7327584658220008e-05,
subject_00808_hemorrhage,subject_00808,subject_00808,subject_00808_hemorrhage.npz,1,complete,3.0,6.0,2.0,12.0,46.0,45.0,18.0,17.0,5.0,7.0,5.0,711.0,2000000,none,pmcx,95429160,6.73612556857373e-10,0.0040318232839878405,0.00019884791041518726,0,6.828255932944145e-08,0.006058334525942677,0.00029910632521513633,0,11.520991500467062,7.84185116001316e-07,1.3429936697517692e-06,3.141967713510708e-05,2.7327584658220008e-05,
subject_00809_healthy,subject_00809,subject_00809,subject_00809_healthy.npz,0,complete,3.0,5.0,1.0,10.0,-1.0,-1.0,-1.0,-1.0,0.0,0.0,0.0,0.0,2000000,none,pmcx,342744729,4.70436283485563e-10,0.004105660465086762,0.00020010802976469982,0,5.664867039699754e-09,0.006112647680270209,0.0002989635554072515,0,12.024282200494781,1.0422885446030029e-06,1.5326812605421866e-06,2.5254507082861973e-05,6.066284468442262e-05,
subject_00809_hemorrhage,subject_00809,subject_00809,subject_00809_hemorrhage.npz,1,complete,3.0,5.0,1.0,10.0,46.0,23.0,15.0,14.0,5.0,5.0,5.0,515.0,2000000,none,pmcx,342744729,6.715521051553749e-11,0.0040867708422440635,0.00019946820666843384,0,1.6124865512134349e-09,0.006051984835585786,0.00029796555121458805,0,12.073886499740183,1.0422885446030029e-06,1.5326812605421866e-06,2.5254507082861973e-05,6.066284468442262e-05,
subject_00810_healthy,subject_00810,subject_00810,subject_00810_healthy.npz,0,complete,2.0,7.0,2.0,12.0,-1.0,-1.0,-1.0,-1.0,0.0,0.0,0.0,0.0,2000000,none,pmcx,126186498,3.3739609466316785e-09,0.003999054615890907,0.00019305638905055912,0,8.567183768297021e-08,0.0061760265206889835,0.00030372822596435255,0,10.63169979956001,7.539713082193104e-07,1.1769456904190988e-06,2.2366929295885912e-05,2.518922777090208e-05,
subject_00810_hemorrhage,subject_00810,subject_00810,subject_00810_hemorrhage.npz,1,complete,2.0,7.0,2.0,12.0,30.0,57.0,20.0,19.0,6.0,5.0,5.0,613.0,2000000,none,pmcx,126186498,5.983823908007528e-09,0.004005872690659567,0.0001927466851464475,0,1.0146612893454263e-07,0.006174835372062906,0.00030412050548499713,0,10.596195300342515,7.539713082193104e-07,1.1769456904190988e-06,2.2366929295885912e-05,2.518922777090208e-05,
subject_00811_healthy,subject_00811,subject_00811,subject_00811_healthy.npz,0,complete,3.0,7.0,1.0,12.0,-1.0,-1.0,-1.0,-1.0,0.0,0.0,0.0,0.0,2000000,none,pmcx,2529961527,2.2105758839398177e-09,0.0038798623296090874,0.00018730249360917982,0,1.7776006004829724e-08,0.006341575249544933,0.00031444625725695854,0,11.865594499977306,6.581372788380102e-07,1.2341223522778066e-06,1.5350542311472117e-05,2.1307090507950883e-05,
subject_00811_hemorrhage,subject_00811,subject_00811,subject_00811_hemorrhage.npz,1,complete,3.0,7.0,1.0,12.0,45.0,34.0,18.0,17.0,7.0,5.0,4.0,577.0,2000000,none,pmcx,2529961527,1.4952577537401943e-09,0.0038750171563750107,0.0001871797524923487,0,1.76186174114332e-08,0.0063229205358351515,0.00031412527442861016,0,11.936595099978149,6.581372788380102e-07,1.2341223522778066e-06,1.5350542311472117e-05,2.1307090507950883e-05,
subject_00812_healthy,subject_00812,subject_00812,subject_00812_healthy.npz,0,complete,2.0,5.0,1.0,9.0,-1.0,-1.0,-1.0,-1.0,0.0,0.0,0.0,0.0,2000000,none,pmcx,3462007926,4.800064503249389e-09,0.00410701368073077,0.00020167242029979666,0,3.743300503082254e-08,0.006218292228894985,0.00030100065837278386,0,11.758814300177619,1.2244553413637024e-06,1.8893002267419719e-06,3.1671068429147374e-05,2.3309167398396363e-05,
subject_00812_hemorrhage,subject_00812,subject_00812,subject_00812_hemorrhage.npz,1,complete,2.0,5.0,1.0,9.0,35.0,40.0,14.0,13.0,7.0,5.0,5.0,711.0,2000000,none,pmcx,3462007926,9.229490079849144e-10,0.004119963713385893,0.00020178791195935199,0,4.106127831143961e-09,0.006241601396293381,0.0003009251267274722,0,11.74320590053685,1.2244553413637024e-06,1.8893002267419719e-06,3.1671068429147374e-05,2.3309167398396363e-05,
subject_00813_healthy,subject_00813,subject_00813,subject_00813_healthy.npz,0,complete,2.0,5.0,2.0,10.0,-1.0,-1.0,-1.0,-1.0,0.0,0.0,0.0,0.0,2000000,none,pmcx,2011577377,5.2091520006839156e-08,0.004119690445582543,0.00020195408240389608,0,9.135602695845186e-08,0.006303737960256663,0.0003040400459043601,0,11.454435599967837,8.310039043292061e-07,1.4057720626157672e-06,1.5842866185030238e-05,2.5702932002957942e-05,
subject_00813_hemorrhage,subject_00813,subject_00813,subject_00813_hemorrhage.npz,1,complete,2.0,5.0,2.0,10.0,44.0,51.0,15.0,14.0,6.0,6.0,5.0,739.0,2000000,none,pmcx,2011577377,5.3809995784247184e-08,0.0041038475793975125,0.0002014742414566583,0,5.430013984614203e-08,0.006304367982710557,0.00030377999054414747,0,11.407653899397701,8.310039043292061e-07,1.4057720626157672e-06,1.5842866185030238e-05,2.5702932002957942e-05,
subject_00814_healthy,subject_00814,subject_00814,subject_00814_healthy.npz,0,complete,3.0,7.0,1.0,12.0,-1.0,-1.0,-1.0,-1.0,0.0,0.0,0.0,0.0,2000000,none,pmcx,2516281129,1.6321100484275514e-10,0.003911457979770986,0.00019121263242009824,0,2.6974261343954772e-08,0.006259634100956272,0.0003085499972505858,0,11.86330910003744,7.81140506397715e-07,1.4839555268173406e-06,1.528285895365227e-05,4.4795447948723505e-05,
subject_00814_hemorrhage,subject_00814,subject_00814,subject_00814_hemorrhage.npz,1,complete,3.0,7.0,1.0,12.0,41.0,47.0,16.0,15.0,6.0,6.0,4.0,585.0,2000000,none,pmcx,2516281129,5.121678106349427e-10,0.003904731927336372,0.00019108337517480755,0,3.572555917470906e-08,0.0063044295489049955,0.00030878639937074196,0,11.873787799850106,7.81140506397715e-07,1.4839555268173406e-06,1.528285895365227e-05,4.4795447948723505e-05,
subject_00815_healthy,subject_00815,subject_00815,subject_00815_healthy.npz,0,complete,3.0,6.0,2.0,12.0,-1.0,-1.0,-1.0,-1.0,0.0,0.0,0.0,0.0,2000000,none,pmcx,3388955524,1.5553152984951784e-08,0.00401426584462929,0.00020061534664947165,0,1.814696378208663e-07,0.0062794206633862305,0.0003143391144112453,0,10.727369199506938,6.474168035345191e-07,1.6745303724583849e-06,1.328189237188599e-05,2.9988157419589406e-05,
subject_00815_hemorrhage,subject_00815,subject_00815,subject_00815_hemorrhage.npz,1,complete,3.0,6.0,2.0,12.0,30.0,30.0,20.0,19.0,6.0,6.0,4.0,585.0,2000000,none,pmcx,3388955524,1.119470305928099e-08,0.004003374988468718,0.00020052001009635231,0,2.6561157464912264e-07,0.006256639407662536,0.00031470597129345114,0,10.736722400411963,6.474168035345191e-07,1.6745303724583849e-06,1.328189237188599e-05,2.9988157419589406e-05,
subject_00816_healthy,subject_00816,subject_00816,subject_00816_healthy.npz,0,complete,2.0,7.0,2.0,12.0,-1.0,-1.0,-1.0,-1.0,0.0,0.0,0.0,0.0,2000000,none,pmcx,801489037,4.698851837894769e-08,0.0041612396389011375,0.0002059645580365761,0,1.9682446639413376e-07,0.006195659084820315,0.00030000599589217303,0,10.897704900242388,8.659908043741587e-07,1.0000070985088278e-06,1.842535803492796e-05,8.593506125904957e-06,
subject_00816_hemorrhage,subject_00816,subject_00816,subject_00816_hemorrhage.npz,1,complete,2.0,7.0,2.0,12.0,50.0,31.0,20.0,19.0,7.0,7.0,4.0,805.0,2000000,none,pmcx,801489037,4.7782280154742914e-08,0.004171193075474561,0.0002060233544686209,0,2.0000348232692996e-07,0.006187162489142264,0.0003000809315515792,0,10.88781650038436,8.659908043741587e-07,1.0000070985088278e-06,1.842535803492796e-05,8.593506125904957e-06,
subject_00817_healthy,subject_00817,subject_00817,subject_00817_healthy.npz,0,complete,3.0,5.0,1.0,10.0,-1.0,-1.0,-1.0,-1.0,0.0,0.0,0.0,0.0,2000000,none,pmcx,679219933,2.559787401139507e-09,0.0038823973040651924,0.00018932202415000083,0,2.7878155480015913e-08,0.005978364629622398,0.0002912473738741193,0,11.774574800394475,6.955419232765885e-07,1.539478283516506e-06,1.9786839667253198e-05,3.4711816043315157e-05,
subject_00817_hemorrhage,subject_00817,subject_00817,subject_00817_hemorrhage.npz,1,complete,3.0,5.0,1.0,10.0,45.0,38.0,16.0,15.0,6.0,5.0,5.0,613.0,2000000,none,pmcx,679219933,3.307200644707636e-09,0.003862610464397939,0.00018898046446995381,0,4.460173074961336e-08,0.00598124570779475,0.00029121355234382033,0,11.787949499906972,6.955419232765885e-07,1.539478283516506e-06,1.9786839667253198e-05,3.4711816043315157e-05,
subject_00818_healthy,subject_00818,subject_00818,subject_00818_healthy.npz,0,complete,3.0,6.0,2.0,12.0,-1.0,-1.0,-1.0,-1.0,0.0,0.0,0.0,0.0,2000000,none,pmcx,592376932,1.1365294531647507e-08,0.003958840221088662,0.00019010314073773194,0,8.967036598082234e-08,0.0061231712403182915,0.000301114358010798,0,11.007363500306383,7.791092716298001e-07,1.4930205974365206e-06,1.1051133794525575e-05,2.1644410327027047e-05,
subject_00818_hemorrhage,subject_00818,subject_00818,subject_00818_hemorrhage.npz,1,complete,3.0,6.0,2.0,12.0,34.0,27.0,21.0,20.0,6.0,7.0,4.0,671.0,2000000,none,pmcx,592376932,1.1281656401866418e-08,0.0039492760687778305,0.00019002915294351753,0,9.58520650235153e-08,0.0061448156506453185,0.0003014991398367595,0,11.059784899000078,7.791092716298001e-07,1.4930205974365206e-06,1.1051133794525575e-05,2.1644410327027047e-05,
subject_00819_healthy,subject_00819,subject_00819,subject_00819_healthy.npz,0,complete,3.0,6.0,1.0,11.0,-1.0,-1.0,-1.0,-1.0,0.0,0.0,0.0,0.0,2000000,none,pmcx,827205591,2.3259846214404074e-10,0.003904028384308848,0.00018818676840254796,0,4.001843688497691e-08,0.006310415855549495,0.00031628685635102605,0,11.729679200099781,1.1870146676259059e-06,1.8084763892352665e-06,3.5870019966710055e-05,3.6598482586758414e-05,
subject_00819_hemorrhage,subject_00819,subject_00819,subject_00819_hemorrhage.npz,1,complete,3.0,6.0,1.0,11.0,42.0,39.0,19.0,18.0,7.0,6.0,4.0,671.0,2000000,none,pmcx,827205591,2.1347102570474623e-10,0.003868158364342138,0.0001877152524336542,0,3.417456654701683e-08,0.006273817372962736,0.00031584696452224376,0,11.695894700242206,1.1870146676259059e-06,1.8084763892352665e-06,3.5870019966710055e-05,3.6598482586758414e-05,
subject_00820_healthy,subject_00820,subject_00820,subject_00820_healthy.npz,0,complete,3.0,6.0,1.0,11.0,-1.0,-1.0,-1.0,-1.0,0.0,0.0,0.0,0.0,2000000,none,pmcx,1128263874,2.360379445771298e-09,0.003902816185915205,0.00019270959162063988,0,6.462049724753499e-09,0.00610257515721485,0.00029490799317318563,0,11.414353599306196,8.535897592574914e-07,1.634152496054792e-06,3.10342870026856e-05,3.295197943139778e-05,
subject_00820_hemorrhage,subject_00820,subject_00820,subject_00820_hemorrhage.npz,1,complete,3.0,6.0,1.0,11.0,31.0,39.0,20.0,19.0,6.0,6.0,4.0,585.0,2000000,none,pmcx,1128263874,2.729632397188666e-09,0.003930666869332605,0.00019313949489185015,0,6.4577827350984935e-09,0.006135527136646248,0.00029556273109756235,0,11.438132600160316,8.535897592574914e-07,1.634152496054792e-06,3.10342870026856e-05,3.295197943139778e-05,
subject_00821_healthy,subject_00821,subject_00821,subject_00821_healthy.npz,0,complete,3.0,6.0,2.0,12.0,-1.0,-1.0,-1.0,-1.0,0.0,0.0,0.0,0.0,2000000,none,pmcx,4292641917,2.431806667831321e-08,0.004029143292879432,0.0001986377882288332,0,1.2600549421612463e-07,0.005873502620921717,0.00029034520411779256,0,10.88636410003528,5.886429609835263e-07,1.455992036540682e-06,2.0390133729450595e-05,2.2786950245602157e-05,
subject_00821_hemorrhage,subject_00821,subject_00821,subject_00821_hemorrhage.npz,1,complete,3.0,6.0,2.0,12.0,47.0,35.0,21.0,20.0,7.0,6.0,4.0,671.0,2000000,none,pmcx,4292641917,2.145839140500186e-08,0.004031675444152184,0.00019875306167329437,0,1.1697006289032482e-07,0.005896289571167319,0.0002905993705598376,0,10.878661299822852,5.886429609835263e-07,1.455992036540682e-06,2.0390133729450595e-05,2.2786950245602157e-05,
subject_00822_healthy,subject_00822,subject_00822,subject_00822_healthy.npz,0,complete,3.0,5.0,1.0,10.0,-1.0,-1.0,-1.0,-1.0,0.0,0.0,0.0,0.0,2000000,none,pmcx,2429382923,8.977416592928326e-10,0.003979549379914841,0.00019590609732957398,0,6.342713790604678e-08,0.00636953621691327,0.00032077186725112657,0,12.094718499807641,1.0176191094390265e-06,1.199727902945746e-06,2.876120407360131e-05,1.4950195899639945e-05,
subject_00822_hemorrhage,subject_00822,subject_00822,subject_00822_hemorrhage.npz,1,complete,3.0,5.0,1.0,10.0,31.0,53.0,19.0,18.0,5.0,6.0,5.0,613.0,2000000,none,pmcx,2429382923,1.4240304219319813e-09,0.003994304023697622,0.00019568105523863215,0,6.342740092261519e-08,0.006368415259953274,0.00032072903244473447,0,12.000226999633014,1.0176191094390265e-06,1.199727902945746e-06,2.876120407360131e-05,1.4950195899639945e-05,
subject_00823_healthy,subject_00823,subject_00823,subject_00823_healthy.npz,0,complete,2.0,5.0,1.0,9.0,-1.0,-1.0,-1.0,-1.0,0.0,0.0,0.0,0.0,2000000,none,pmcx,3250130299,1.9963468861422894e-09,0.004265022682280018,0.00020686882634606777,0,1.8286600109258322e-08,0.00597969609019907,0.00028817975328962746,0,11.836614599917084,6.44678715496891e-07,1.73496823140878e-06,9.661176750440023e-06,4.047637192880482e-05,
subject_00823_hemorrhage,subject_00823,subject_00823,subject_00823_hemorrhage.npz,1,complete,2.0,5.0,1.0,9.0,29.0,32.0,14.0,13.0,5.0,5.0,5.0,515.0,2000000,none,pmcx,3250130299,3.451113993433828e-09,0.0042655843819982275,0.00020665185487627835,0,2.5302193864230756e-08,0.0059906567583094565,0.00028736126585644935,0,11.822189900325611,6.44678715496891e-07,1.73496823140878e-06,9.661176750440023e-06,4.047637192880482e-05,
subject_00824_healthy,subject_00824,subject_00824,subject_00824_healthy.npz,0,complete,2.0,6.0,1.0,10.0,-1.0,-1.0,-1.0,-1.0,0.0,0.0,0.0,0.0,2000000,none,pmcx,265577109,1.6482857562471404e-10,0.004238442947040938,0.00020735734060102717,0,6.009622295471424e-09,0.006451909176744163,0.000314525896864296,0,11.592013300163671,1.2846720307393718e-06,1.2479598883738637e-06,3.0929743795705435e-05,1.6950714514490277e-05,
subject_00824_hemorrhage,subject_00824,subject_00824,subject_00824_hemorrhage.npz,1,complete,2.0,6.0,1.0,10.0,37.0,25.0,17.0,16.0,7.0,7.0,5.0,1023.0,2000000,none,pmcx,265577109,8.893377826672359e-10,0.004209971613214003,0.00020724799865171737,0,2.995917534898197e-09,0.006455985678799538,0.0003144681197710978,0,11.63023340050131,1.2846720307393718e-06,1.2479598883738637e-06,3.0929743795705435e-05,1.6950714514490277e-05,
subject_00825_healthy,subject_00825,subject_00825,subject_00825_healthy.npz,0,complete,2.0,6.0,2.0,11.0,-1.0,-1.0,-1.0,-1.0,0.0,0.0,0.0,0.0,2000000,none,pmcx,3854933625,2.83265929980028e-08,0.004110690572669551,0.00020492542800697587,0,1.769012608571396e-07,0.006324741236266938,0.00031009798193139384,0,10.924088200321421,1.068067945639349e-06,1.5321104584042265e-06,3.2159224793620704e-05,3.1107604084814125e-05,
subject_00825_hemorrhage,subject_00825,subject_00825,subject_00825_hemorrhage.npz,1,complete,2.0,6.0,2.0,11.0,49.0,52.0,18.0,17.0,7.0,6.0,5.0,877.0,2000000,none,pmcx,3854933625,3.716680315151516e-08,0.0041428497974631716,0.00020556860292313706,0,1.661781482187209e-07,0.006310717012684002,0.00030936199096885664,0,10.957138099242002,1.068067945639349e-06,1.5321104584042265e-06,3.2159224793620704e-05,3.1107604084814125e-05,
subject_00826_healthy,subject_00826,subject_00826,subject_00826_healthy.npz,0,complete,3.0,6.0,1.0,11.0,-1.0,-1.0,-1.0,-1.0,0.0,0.0,0.0,0.0,2000000,none,pmcx,2141745047,3.006648323952107e-12,0.004165368697836182,0.00020478225183667327,0,1.8378682465921557e-08,0.005991033379836227,0.0002953388057597617,0,11.642848999937996,8.780910276342497e-07,1.1994151478583786e-06,3.9962793176663396e-05,5.354161230504938e-05,
subject_00826_hemorrhage,subject_00826,subject_00826,subject_00826_hemorrhage.npz,1,complete,3.0,6.0,1.0,11.0,49.0,57.0,21.0,20.0,7.0,5.0,4.0,577.0,2000000,none,pmcx,2141745047,2.7782794353242175e-12,0.004170242196567849,0.0002044796469490264,0,1.8357925856164344e-08,0.0059979613282457956,0.0002947574101145835,0,11.680012599565089,8.780910276342497e-07,1.1994151478583786e-06,3.9962793176663396e-05,5.354161230504938e-05,
subject_00827_healthy,subject_00827,subject_00827,subject_00827_healthy.npz,0,complete,2.0,7.0,2.0,12.0,-1.0,-1.0,-1.0,-1.0,0.0,0.0,0.0,0.0,2000000,none,pmcx,280606409,2.5591443313231592e-08,0.004213271227111269,0.0002083938962732458,0,2.903767438615928e-07,0.0065375934861980735,0.00032075073674606104,0,11.31933580036275,9.187202153704089e-07,1.4519836035910466e-06,2.1081303523082587e-05,1.7717638738096696e-05,
subject_00827_hemorrhage,subject_00827,subject_00827,subject_00827_hemorrhage.npz,1,complete,2.0,7.0,2.0,12.0,40.0,45.0,17.0,16.0,5.0,6.0,5.0,613.0,2000000,none,pmcx,280606409,2.606060332776081e-08,0.004216074724675871,0.00020846922783839843,0,2.77649677452103e-07,0.00654393912968987,0.0003204937407031928,0,11.314513900550082,9.187202153704089e-07,1.4519836035910466e-06,2.1081303523082587e-05,1.7717638738096696e-05,
subject_00828_healthy,subject_00828,subject_00828,subject_00828_healthy.npz,0,complete,3.0,5.0,2.0,11.0,-1.0,-1.0,-1.0,-1.0,0.0,0.0,0.0,0.0,2000000,none,pmcx,3135936725,4.567386303000795e-09,0.003977077877999861,0.00019498825665728855,0,1.1056931687330226e-07,0.006194205045250622,0.0003078384822089564,0,11.132880000164732,1.0308563532854756e-06,1.2395252081473644e-06,2.2259159952424303e-05,2.9585172595403622e-05,
subject_00828_hemorrhage,subject_00828,subject_00828,subject_00828_hemorrhage.npz,1,complete,3.0,5.0,2.0,11.0,32.0,48.0,21.0,20.0,7.0,5.0,5.0,711.0,2000000,none,pmcx,3135936725,9.615168927131959e-09,0.003981376636966893,0.00019521904099881394,0,1.095769604453929e-07,0.006193227158301957,0.0003082052725242694,0,11.176937100477517,1.0308563532854756e-06,1.2395252081473644e-06,2.2259159952424303e-05,2.9585172595403622e-05,
subject_00829_healthy,subject_00829,subject_00829,subject_00829_healthy.npz,0,complete,3.0,6.0,2.0,12.0,-1.0,-1.0,-1.0,-1.0,0.0,0.0,0.0,0.0,2000000,none,pmcx,2511556065,2.7130949265420226e-08,0.003955883968922056,0.0001960800486193641,0,1.5147347590787365e-07,0.006197361831819054,0.00030568866231971375,0,10.898535799700767,4.971916449694856e-07,1.148421141627988e-06,1.2244048073466011e-05,2.64060818807128e-05,
subject_00829_hemorrhage,subject_00829,subject_00829,subject_00829_hemorrhage.npz,1,complete,3.0,6.0,2.0,12.0,45.0,45.0,18.0,17.0,6.0,5.0,5.0,613.0,2000000,none,pmcx,2511556065,1.7080097138025246e-08,0.003963895367645535,0.0001961890691093874,0,1.4021355840311153e-07,0.006174121501156734,0.0003056840411788123,0,10.904091500211507,4.971916449694856e-07,1.148421141627988e-06,1.2244048073466011e-05,2.64060818807128e-05,
subject_00830_healthy,subject_00830,subject_00830,subject_00830_healthy.npz,0,complete,3.0,5.0,1.0,10.0,-1.0,-1.0,-1.0,-1.0,0.0,0.0,0.0,0.0,2000000,none,pmcx,245658013,3.21999084491747e-09,0.004050274545422464,0.00020438759380024874,0,1.281250110552258e-09,0.006287633496311944,0.00031270095518909157,0,11.797546599758789,1.0106858440260368e-06,1.575490021846292e-06,3.1782121603568525e-05,1.6677834299616036e-05,
subject_00830_hemorrhage,subject_00830,subject_00830,subject_00830_hemorrhage.npz,1,complete,3.0,5.0,1.0,10.0,30.0,28.0,16.0,15.0,7.0,6.0,4.0,671.0,2000000,none,pmcx,245658013,3.1287416336358915e-09,0.004048445294739241,0.00020468024534182135,0,3.2974495522897396e-09,0.006296041374009006,0.0003125997650953766,0,11.808391800150275,1.0106858440260368e-06,1.575490021846292e-06,3.1782121603568525e-05,1.6677834299616036e-05,
subject_00831_healthy,subject_00831,subject_00831,subject_00831_healthy.npz,0,complete,2.0,7.0,2.0,12.0,-1.0,-1.0,-1.0,-1.0,0.0,0.0,0.0,0.0,2000000,none,pmcx,1115899109,4.181872285565814e-08,0.0041324545730781655,0.00020255309012528016,0,2.0137728681506195e-07,0.006206651299053221,0.00029963061691963154,0,11.47810129984282,8.205408245970032e-07,9.919403814618075e-07,2.3956375067917153e-05,1.0357069151617493e-05,
subject_00831_hemorrhage,subject_00831,subject_00831,subject_00831_hemorrhage.npz,1,complete,2.0,7.0,2.0,12.0,37.0,48.0,21.0,20.0,5.0,5.0,5.0,515.0,2000000,none,pmcx,1115899109,3.852600306110264e-08,0.004108498198010248,0.0002025658486872219,0,1.5173517869572378e-07,0.006217008368204839,0.00029965627553359115,0,11.438500099815428,8.205408245970032e-07,9.919403814618075e-07,2.3956375067917153e-05,1.0357069151617493e-05,
subject_00832_healthy,subject_00832,subject_00832,subject_00832_healthy.npz,0,complete,2.0,7.0,1.0,11.0,-1.0,-1.0,-1.0,-1.0,0.0,0.0,0.0,0.0,2000000,none,pmcx,2656272814,2.821001123221089e-09,0.004022691753291645,0.00019586141013504677,0,2.8292987478601603e-08,0.006302009874990123,0.00030943152481541783,0,11.374299899907783,5.855336866667413e-07,1.2263377505416767e-06,1.715795400962809e-05,3.4119623521316166e-05,
subject_00832_hemorrhage,subject_00832,subject_00832,subject_00832_hemorrhage.npz,1,complete,2.0,7.0,1.0,11.0,52.0,32.0,17.0,16.0,5.0,6.0,5.0,613.0,2000000,none,pmcx,2656272814,4.441561017800281e-10,0.004023852860015188,0.00019594336099615248,0,2.7635834475791615e-08,0.0062907418980274275,0.0003093482806215765,0,11.411298000020906,5.855336866667413e-07,1.2263377505416767e-06,1.715795400962809e-05,3.4119623521316166e-05,
subject_00833_healthy,subject_00833,subject_00833,subject_00833_healthy.npz,0,complete,2.0,5.0,1.0,9.0,-1.0,-1.0,-1.0,-1.0,0.0,0.0,0.0,0.0,2000000,none,pmcx,1999655470,4.072544534124243e-09,0.004303780744286998,0.0002108517761669471,0,6.931283118682107e-08,0.006236487117169739,0.00030549190725124475,0,11.675696400227025,1.133739854300821e-06,1.672944817733818e-06,2.9510226359897793e-05,3.236849999950671e-05,
subject_00833_hemorrhage,subject_00833,subject_00833,subject_00833_hemorrhage.npz,1,complete,2.0,5.0,1.0,9.0,32.0,50.0,16.0,15.0,5.0,7.0,5.0,711.0,2000000,none,pmcx,1999655470,1.4941121417058856e-09,0.0042989760169690385,0.0002110624211281568,0,6.904508333487289e-08,0.006258970873840685,0.00030604565664382494,0,11.696117000188679,1.133739854300821e-06,1.672944817733818e-06,2.9510226359897793e-05,3.236849999950671e-05,
subject_00834_healthy,subject_00834,subject_00834,subject_00834_healthy.npz,0,complete,3.0,6.0,2.0,12.0,-1.0,-1.0,-1.0,-1.0,0.0,0.0,0.0,0.0,2000000,none,pmcx,4180874719,6.593072931294774e-09,0.003844358515886981,0.00018917189829663765,0,1.6618642365503078e-07,0.006287234422094404,0.00031377903931542714,0,11.157239699736238,1.1489242690177652e-06,9.84236640738657e-07,2.774706085074746e-05,1.566409241709251e-05,
subject_00834_hemorrhage,subject_00834,subject_00834,subject_00834_hemorrhage.npz,1,complete,3.0,6.0,2.0,12.0,39.0,51.0,20.0,19.0,7.0,7.0,5.0,1023.0,2000000,none,pmcx,4180874719,6.238625646182025e-09,0.0038412026035122304,0.00018902062577875868,0,1.4457578164953696e-07,0.006297594073704883,0.0003135212846592795,0,11.193512599915266,1.1489242690177652e-06,9.84236640738657e-07,2.774706085074746e-05,1.566409241709251e-05,
subject_00835_healthy,subject_00835,subject_00835,subject_00835_healthy.npz,0,complete,2.0,7.0,2.0,12.0,-1.0,-1.0,-1.0,-1.0,0.0,0.0,0.0,0.0,2000000,none,pmcx,2229353161,3.915899361508427e-09,0.00394385368234781,0.00019340104188753736,0,1.7460959754996859e-07,0.006415666812256112,0.00031324093505678455,0,10.910556600196287,8.987440890069496e-07,1.0917005284000853e-06,3.43939874388236e-05,1.4243385051032663e-05,
subject_00835_hemorrhage,subject_00835,subject_00835,subject_00835_hemorrhage.npz,1,complete,2.0,7.0,2.0,12.0,37.0,25.0,21.0,20.0,5.0,6.0,4.0,491.0,2000000,none,pmcx,2229353161,3.906451313706399e-09,0.0039421836590881444,0.00019364976296985884,0,1.522587882365573e-07,0.0064109083407811185,0.00031317617467509446,0,10.940652600256726,8.987440890069496e-07,1.0917005284000853e-06,3.43939874388236e-05,1.4243385051032663e-05,
subject_00836_healthy,subject_00836,subject_00836,subject_00836_healthy.npz,0,complete,3.0,7.0,2.0,13.0,-1.0,-1.0,-1.0,-1.0,0.0,0.0,0.0,0.0,2000000,none,pmcx,3602194843,1.879064621190115e-08,0.004147689376854366,0.00020727488506587106,0,1.601430138134708e-07,0.0063276478537856624,0.0003162248266995652,0,10.55486819986254,1.015664887972007e-06,1.9532716131256584e-06,2.3287789488704103e-05,5.6794368043937976e-05,
subject_00836_hemorrhage,subject_00836,subject_00836,subject_00836_hemorrhage.npz,1,complete,3.0,7.0,2.0,13.0,44.0,52.0,17.0,16.0,5.0,6.0,4.0,491.0,2000000,none,pmcx,3602194843,2.4056813265319675e-08,0.004139968019605837,0.0002075835429465967,0,1.3359560687647695e-07,0.00637434608911949,0.00031568526986090165,0,10.645331900333986,1.015664887972007e-06,1.9532716131256584e-06,2.3287789488704103e-05,5.6794368043937976e-05,
subject_00837_healthy,subject_00837,subject_00837,subject_00837_healthy.npz,0,complete,3.0,6.0,1.0,11.0,-1.0,-1.0,-1.0,-1.0,0.0,0.0,0.0,0.0,2000000,none,pmcx,3170818360,2.0255689940890573e-09,0.0038378022475470315,0.0001869296835303001,0,3.3296828989090854e-09,0.006229859533411326,0.00030546156471174707,0,11.674448000034317,8.290944309489449e-07,1.032549898174034e-06,2.6535057714967628e-05,1.3841041416632824e-05,
subject_00837_hemorrhage,subject_00837,subject_00837,subject_00837_hemorrhage.npz,1,complete,3.0,6.0,1.0,11.0,40.0,48.0,21.0,20.0,5.0,7.0,4.0,577.0,2000000,none,pmcx,3170818360,2.025118463328217e-09,0.0038530735451474275,0.0001873213505689663,0,4.426437329527274e-09,0.006233116363999903,0.0003053007330118199,0,11.655604300322011,8.290944309489449e-07,1.032549898174034e-06,2.6535057714967628e-05,1.3841041416632824e-05,
subject_00838_healthy,subject_00838,subject_00838,subject_00838_healthy.npz,0,complete,2.0,5.0,2.0,10.0,-1.0,-1.0,-1.0,-1.0,0.0,0.0,0.0,0.0,2000000,none,pmcx,1923190287,7.445169800391529e-08,0.00413646510318381,0.00020341622636115014,0,1.8372133916277953e-07,0.006096474919396546,0.0002932688204535001,0,11.293164499802515,9.158429380734715e-07,1.1451782834221965e-06,2.30862407580466e-05,1.5298023359401614e-05,
subject_00838_hemorrhage,subject_00838,subject_00838,subject_00838_hemorrhage.npz,1,complete,2.0,5.0,2.0,10.0,49.0,50.0,20.0,19.0,6.0,5.0,4.0,491.0,2000000,none,pmcx,1923190287,7.927258801270499e-08,0.004130599049696109,0.0002033200811007244,0,1.837213547672674e-07,0.00610363727447137,0.0002931620313877633,0,11.268831900553778,9.158429380734715e-07,1.1451782834221965e-06,2.30862407580466e-05,1.5298023359401614e-05,
subject_00839_healthy,subject_00839,subject_00839,subject_00839_healthy.npz,0,complete,2.0,6.0,2.0,11.0,-1.0,-1.0,-1.0,-1.0,0.0,0.0,0.0,0.0,2000000,none,pmcx,1761354026,5.58572480402035e-09,0.004211317217678386,0.00020803111581903648,0,1.6602092150609804e-07,0.006163296199853477,0.00030056877274932956,0,10.93424480035901,8.290695247812779e-07,1.2855937845134982e-06,2.4265293482722376e-05,2.7803336318624715e-05,
subject_00839_hemorrhage,subject_00839,subject_00839,subject_00839_hemorrhage.npz,1,complete,2.0,6.0,2.0,11.0,46.0,29.0,21.0,20.0,7.0,6.0,4.0,671.0,2000000,none,pmcx,1761354026,1.550822181734617e-08,0.00421221213712627,0.00020785031389313345,0,1.9719948639343381e-07,0.0061805476972948015,0.0003009184182498069,0,10.888337600510567,8.290695247812779e-07,1.2855937845134982e-06,2.4265293482722376e-05,2.7803336318624715e-05,
subject_00840_healthy,subject_00840,subject_00840,subject_00840_healthy.npz,0,complete,3.0,5.0,2.0,11.0,-1.0,-1.0,-1.0,-1.0,0.0,0.0,0.0,0.0,2000000,none,pmcx,3160294834,3.907697760086724e-08,0.004044223311387904,0.00020135542963066534,0,2.8887199610295215e-07,0.006327774920827951,0.00031539136019501676,0,10.944888399448246,1.2367435517472608e-06,1.8510080046078092e-06,3.059891159155458e-05,6.585438105694442e-05,
subject_00840_hemorrhage,subject_00840,subject_00840,subject_00840_hemorrhage.npz,1,complete,3.0,5.0,2.0,11.0,40.0,25.0,18.0,17.0,7.0,6.0,5.0,877.0,2000000,none,pmcx,3160294834,1.882879580630201e-08,0.004034289547068005,0.0002010801805780626,0,1.0347918861162725e-07,0.006324868783878243,0.0003165052670688758,0,10.933814999647439,1.2367435517472608e-06,1.8510080046078092e-06,3.059891159155458e-05,6.585438105694442e-05,
subject_00841_healthy,subject_00841,subject_00841,subject_00841_healthy.npz,0,complete,2.0,6.0,2.0,11.0,-1.0,-1.0,-1.0,-1.0,0.0,0.0,0.0,0.0,2000000,none,pmcx,1224883115,3.3489594892199636e-08,0.004360713508344569,0.00021572785231080958,0,1.9288790888562508e-07,0.006235894001600118,0.00030287636163941117,0,11.374962100293487,7.937637303955016e-07,1.5702611878084258e-06,1.1596861853385536e-05,2.3373723763668065e-05,
subject_00841_hemorrhage,subject_00841,subject_00841,subject_00841_hemorrhage.npz,1,complete,2.0,6.0,2.0,11.0,39.0,38.0,21.0,20.0,6.0,6.0,4.0,585.0,2000000,none,pmcx,1224883115,4.547167778733224e-08,0.004372310370197955,0.00021571018800273307,0,1.7577310065520822e-07,0.00625840601308586,0.00030307376972342026,0,11.326085899956524,7.937637303955016e-07,1.5702611878084258e-06,1.1596861853385536e-05,2.3373723763668065e-05,
subject_00842_healthy,subject_00842,subject_00842,subject_00842_healthy.npz,0,complete,3.0,6.0,1.0,11.0,-1.0,-1.0,-1.0,-1.0,0.0,0.0,0.0,0.0,2000000,none,pmcx,3719165760,1.072065559204499e-09,0.004113238144552341,0.00020190500248085748,0,3.513752726385353e-08,0.006399229575469203,0.0003193047322420712,0,11.717397399712354,1.0902882199718914e-06,1.9738096921773467e-06,5.36196982851107e-05,9.330554184326916e-05,
subject_00842_hemorrhage,subject_00842,subject_00842,subject_00842_hemorrhage.npz,1,complete,3.0,6.0,1.0,11.0,40.0,54.0,15.0,14.0,7.0,7.0,4.0,805.0,2000000,none,pmcx,3719165760,1.105451266134771e-09,0.004059618446267231,0.00020132458147885,0,1.2216882691732333e-08,0.006376730702499996,0.00031846276730182276,0,11.720803199801594,1.0902882199718914e-06,1.9738096921773467e-06,5.36196982851107e-05,9.330554184326916e-05,
subject_00843_healthy,subject_00843,subject_00843,subject_00843_healthy.npz,0,complete,3.0,7.0,2.0,13.0,-1.0,-1.0,-1.0,-1.0,0.0,0.0,0.0,0.0,2000000,none,pmcx,3085908735,3.827205757785972e-09,0.0041454555965413425,0.00020645588870145544,0,4.0284662759411324e-08,0.006079917225659136,0.00030014723478480066,0,11.19357889983803,9.345020183277107e-07,1.4028218988038018e-06,1.4266147052817597e-05,2.2539194496019356e-05,
subject_00843_hemorrhage,subject_00843,subject_00843,subject_00843_hemorrhage.npz,1,complete,3.0,7.0,2.0,13.0,34.0,33.0,21.0,20.0,5.0,7.0,4.0,577.0,2000000,none,pmcx,3085908735,3.1214130764098475e-09,0.004149335377117394,0.00020676573860437813,0,3.998177466256986e-08,0.0061024564201551555,0.0003007453966567975,0,11.253233399707824,9.345020183277107e-07,1.4028218988038018e-06,1.4266147052817597e-05,2.2539194496019356e-05,
subject_00844_healthy,subject_00844,subject_00844,subject_00844_healthy.npz,0,complete,3.0,5.0,2.0,11.0,-1.0,-1.0,-1.0,-1.0,0.0,0.0,0.0,0.0,2000000,none,pmcx,1695626530,2.0645033308998438e-08,0.00406614507298479,0.00020193883359475884,0,2.2134350121677219e-07,0.006239813862898687,0.00030947341996102044,0,11.295429200166836,1.3171591152816794e-06,1.8975328174905354e-06,3.7982070154763715e-05,6.437997031997263e-05,
subject_00844_hemorrhage,subject_00844,subject_00844,subject_00844_hemorrhage.npz,1,complete,3.0,5.0,2.0,11.0,38.0,25.0,17.0,16.0,5.0,5.0,4.0,417.0,2000000,none,pmcx,1695626530,2.0612173982992447e-08,0.004058375264660763,0.0002017002011561562,0,2.1370972678653887e-07,0.006268523021148627,0.00031032804531335703,0,11.29250009986572,1.3171591152816794e-06,1.8975328174905354e-06,3.7982070154763715e-05,6.437997031997263e-05,
subject_00845_healthy,subject_00845,subject_00845,subject_00845_healthy.npz,0,complete,2.0,5.0,1.0,9.0,-1.0,-1.0,-1.0,-1.0,0.0,0.0,0.0,0.0,2000000,none,pmcx,361178480,2.9721599460707744e-09,0.003940375671452787,0.00019280085569554683,0,3.252656468266679e-08,0.006234114448057544,0.0003022882960242115,0,11.68375419988297,1.2183875640247315e-06,1.4881898500090535e-06,2.0626395948079596e-05,2.0085434202760967e-05,
subject_00845_hemorrhage,subject_00845,subject_00845,subject_00845_hemorrhage.npz,1,complete,2.0,5.0,1.0,9.0,33.0,45.0,13.0,12.0,7.0,5.0,4.0,577.0,2000000,none,pmcx,361178480,3.075444516088565e-09,0.003952559855090005,0.00019270754534194816,0,6.33291379159768e-08,0.00622395328238628,0.0003017230659488334,0,11.666602300247177,1.2183875640247315e-06,1.4881898500090535e-06,2.0626395948079596e-05,2.0085434202760967e-05,
subject_00846_healthy,subject_00846,subject_00846,subject_00846_healthy.npz,0,complete,3.0,5.0,2.0,11.0,-1.0,-1.0,-1.0,-1.0,0.0,0.0,0.0,0.0,2000000,none,pmcx,3749527886,3.135127293378128e-08,0.003943262637284897,0.00019692158150251803,0,1.4116086935712956e-07,0.005959212026957644,0.0002996448915497082,0,11.193151299841702,1.0038074340345804e-06,1.3225077290164907e-06,2.510240433769087e-05,2.7952040878908256e-05,
subject_00846_hemorrhage,subject_00846,subject_00846,subject_00846_hemorrhage.npz,1,complete,3.0,5.0,2.0,11.0,29.0,28.0,19.0,18.0,5.0,7.0,5.0,711.0,2000000,none,pmcx,3749527886,3.159743926731426e-08,0.0039456306437532195,0.00019703995136436723,0,2.000550005050835e-07,0.005952675827028305,0.00029948841971617424,0,11.142068800516427,1.0038074340345804e-06,1.3225077290164907e-06,2.510240433769087e-05,2.7952040878908256e-05,
subject_00847_healthy,subject_00847,subject_00847,subject_00847_healthy.npz,0,complete,2.0,6.0,1.0,10.0,-1.0,-1.0,-1.0,-1.0,0.0,0.0,0.0,0.0,2000000,none,pmcx,263323925,1.2117892323731608e-09,0.003959734064612349,0.00019016030453315754,0,1.1342806383229936e-09,0.006377106807278997,0.000312786756811442,0,12.18604759988375,9.063426867215511e-07,1.2054301736545737e-06,2.5757137798064142e-05,2.0988826331933648e-05,
subject_00847_hemorrhage,subject_00847,subject_00847,subject_00847_hemorrhage.npz,1,complete,2.0,6.0,1.0,10.0,43.0,46.0,17.0,16.0,7.0,7.0,4.0,805.0,2000000,none,pmcx,263323925,1.1880767892750085e-09,0.003985491202410413,0.00019036725558634721,0,1.5995425880386605e-09,0.006369697058435518,0.0003127333452564491,0,12.14302540034987,9.063426867215511e-07,1.2054301736545737e-06,2.5757137798064142e-05,2.0988826331933648e-05,
subject_00848_healthy,subject_00848,subject_00848,subject_00848_healthy.npz,0,complete,2.0,6.0,1.0,10.0,-1.0,-1.0,-1.0,-1.0,0.0,0.0,0.0,0.0,2000000,none,pmcx,1335240630,3.751452743392175e-10,0.004226372950218756,0.00020692302491829868,0,4.443202532892668e-09,0.006485565610098,0.00031677273170805455,0,11.536470000399277,9.732967098291183e-07,1.1292224206428266e-06,2.451398980278085e-05,3.608206231566196e-05,
subject_00848_hemorrhage,subject_00848,subject_00848,subject_00848_hemorrhage.npz,1,complete,2.0,6.0,1.0,10.0,34.0,55.0,19.0,18.0,6.0,7.0,4.0,671.0,2000000,none,pmcx,1335240630,3.751436725770234e-10,0.004241434164103325,0.0002070432312079026,0,4.4323040300722e-09,0.0064806666890623536,0.00031643885142199947,0,11.542692500865087,9.732967098291183e-07,1.1292224206428266e-06,2.451398980278085e-05,3.608206231566196e-05,
subject_00849_healthy,subject_00849,subject_00849,subject_00849_healthy.npz,0,complete,2.0,7.0,2.0,12.0,-1.0,-1.0,-1.0,-1.0,0.0,0.0,0.0,0.0,2000000,none,pmcx,3084609215,5.294180598752989e-09,0.004225194023179301,0.0002076035499953032,0,2.2036587891742113e-07,0.006420063055036933,0.0003185564375636109,0,11.391524400329217,1.227693045591789e-06,1.6267612990619407e-06,2.1618551403917692e-05,2.179322948795727e-05,
subject_00849_hemorrhage,subject_00849,subject_00849,subject_00849_hemorrhage.npz,1,complete,2.0,7.0,2.0,12.0,30.0,31.0,17.0,16.0,7.0,6.0,4.0,671.0,2000000,none,pmcx,3084609215,5.53368841809613e-09,0.004206856243887494,0.0002072968628022856,0,1.6579944625008112e-07,0.0064229251867855275,0.00031810139505296093,0,11.436858199769631,1.227693045591789e-06,1.6267612990619407e-06,2.1618551403917692e-05,2.179322948795727e-05,
subject_00850_healthy,subject_00850,subject_00850,subject_00850_healthy.npz,0,complete,2.0,7.0,1.0,11.0,-1.0,-1.0,-1.0,-1.0,0.0,0.0,0.0,0.0,2000000,none,pmcx,803116812,3.67805850185059e-09,0.00415936739782879,0.00020375426618659203,0,2.6272706251787716e-08,0.00629825221449539,0.00031047383036870134,0,11.93041970091872,9.87472046640872e-07,1.4488021082638995e-06,2.512899694662174e-05,2.4692446952329083e-05,
subject_00850_hemorrhage,subject_00850,subject_00850,subject_00850_hemorrhage.npz,1,complete,2.0,7.0,1.0,11.0,36.0,35.0,20.0,19.0,7.0,5.0,4.0,577.0,2000000,none,pmcx,803116812,3.678056227852112e-09,0.004156124684902289,0.00020370374845831015,0,2.2349350060294647e-08,0.0063155819315223235,0.00031031398497542424,0,11.860504800220951,9.87472046640872e-07,1.4488021082638995e-06,2.512899694662174e-05,2.4692446952329083e-05,
subject_00851_healthy,subject_00851,subject_00851,subject_00851_healthy.npz,0,complete,3.0,7.0,2.0,13.0,-1.0,-1.0,-1.0,-1.0,0.0,0.0,0.0,0.0,2000000,none,pmcx,3622347057,8.88915600166902e-09,0.004115737124488497,0.00020038206308639237,0,1.1568998925981032e-07,0.006260926522486459,0.00031325913098611337,0,10.915734000271186,9.416556708333893e-07,1.3287295359307145e-06,1.8960454374192942e-05,2.2397500330846587e-05,
subject_00851_hemorrhage,subject_00851,subject_00851,subject_00851_hemorrhage.npz,1,complete,3.0,7.0,2.0,13.0,43.0,43.0,18.0,17.0,7.0,7.0,4.0,805.0,2000000,none,pmcx,3622347057,1.228313018117313e-08,0.004109643090226592,0.00020020495879498063,0,1.1217834988503231e-07,0.006255812912291462,0.00031334547384815703,0,10.878052300075069,9.416556708333893e-07,1.3287295359307145e-06,1.8960454374192942e-05,2.2397500330846587e-05,
subject_00852_healthy,subject_00852,subject_00852,subject_00852_healthy.npz,0,complete,2.0,6.0,2.0,11.0,-1.0,-1.0,-1.0,-1.0,0.0,0.0,0.0,0.0,2000000,none,pmcx,2651426656,9.30730886649216e-09,0.004221870140055052,0.00020804050508786237,0,2.4517347540561255e-07,0.006345662067975407,0.0003133344838805598,0,11.40329090016894,1.2714281234432933e-06,1.4937977729723205e-06,3.0446226661935694e-05,2.2060846008282705e-05,
subject_00852_hemorrhage,subject_00852,subject_00852,subject_00852_hemorrhage.npz,1,complete,2.0,6.0,2.0,11.0,33.0,44.0,16.0,15.0,6.0,7.0,5.0,877.0,2000000,none,pmcx,2651426656,7.93749131001341e-09,0.004214177068505829,0.00020747976585407726,0,2.281897045421824e-07,0.006347023159417758,0.00031309104123996656,0,11.470827399985865,1.2714281234432933e-06,1.4937977729723205e-06,3.0446226661935694e-05,2.2060846008282705e-05,
subject_00853_healthy,subject_00853,subject_00853,subject_00853_healthy.npz,0,complete,2.0,7.0,1.0,11.0,-1.0,-1.0,-1.0,-1.0,0.0,0.0,0.0,0.0,2000000,none,pmcx,519475241,2.8430758054128383e-09,0.004180068758697832,0.00020540163644177712,0,6.391861602884593e-08,0.006117122676192281,0.0003010643588147989,0,11.848699001362547,8.996963620495845e-07,1.7922311968481608e-06,3.2577805146983586e-05,2.367823409722518e-05,
subject_00853_hemorrhage,subject_00853,subject_00853,subject_00853_hemorrhage.npz,1,complete,2.0,7.0,1.0,11.0,36.0,37.0,16.0,15.0,5.0,7.0,5.0,711.0,2000000,none,pmcx,519475241,3.6143363554774728e-09,0.004203531210559402,0.0002058341610695668,0,4.015624040482164e-08,0.006114747760647509,0.0003007237924447706,0,11.866146700223908,8.996963620495845e-07,1.7922311968481608e-06,3.2577805146983586e-05,2.367823409722518e-05,
subject_00854_healthy,subject_00854,subject_00854,subject_00854_healthy.npz,0,complete,2.0,5.0,1.0,9.0,-1.0,-1.0,-1.0,-1.0,0.0,0.0,0.0,0.0,2000000,none,pmcx,1247945347,1.6364607000341885e-08,0.0042724383769185996,0.00021356707409623195,0,3.069866098666186e-08,0.006361343512882043,0.0003076842544703294,0,12.153235299745575,8.22321609268313e-07,1.5087600738320838e-06,1.683443285311584e-05,3.1452437800259976e-05,
subject_00854_hemorrhage,subject_00854,subject_00854,subject_00854_hemorrhage.npz,1,complete,2.0,5.0,1.0,9.0,49.0,47.0,17.0,16.0,6.0,7.0,4.0,671.0,2000000,none,pmcx,1247945347,1.7934601330460736e-08,0.004268561028609371,0.0002136006851364602,0,3.133853042455981e-08,0.006329891075081783,0.0003067089160945323,0,12.186040999833494,8.22321609268313e-07,1.5087600738320838e-06,1.683443285311584e-05,3.1452437800259976e-05,
subject_00855_healthy,subject_00855,subject_00855,subject_00855_healthy.npz,0,complete,2.0,7.0,1.0,11.0,-1.0,-1.0,-1.0,-1.0,0.0,0.0,0.0,0.0,2000000,none,pmcx,2227647872,3.265376363947249e-10,0.0042541429063255145,0.0002107804952476021,0,1.5304578105868294e-08,0.006381648673568988,0.00031001340315639633,0,11.689193199621513,1.2121421515079618e-06,1.4599546030143608e-06,3.4284369514624505e-05,2.2795074773039256e-05,
subject_00855_hemorrhage,subject_00855,subject_00855,subject_00855_hemorrhage.npz,1,complete,2.0,7.0,1.0,11.0,31.0,56.0,21.0,20.0,7.0,6.0,5.0,877.0,2000000,none,pmcx,2227647872,4.1451608761241573e-10,0.004263806992993637,0.00021137624199969263,0,1.3760656984307538e-08,0.006404443748342027,0.00030981471349084805,0,11.653201300650835,1.2121421515079618e-06,1.4599546030143608e-06,3.4284369514624505e-05,2.2795074773039256e-05,
subject_00856_healthy,subject_00856,subject_00856,subject_00856_healthy.npz,0,complete,2.0,6.0,1.0,10.0,-1.0,-1.0,-1.0,-1.0,0.0,0.0,0.0,0.0,2000000,none,pmcx,3671455010,8.801188310036664e-11,0.0041794767762245435,0.00020475753108878538,0,7.725410908445913e-08,0.006118459388016658,0.0002913929109903586,0,11.463307900121436,9.510350008044805e-07,1.1648676708649321e-06,2.585075934025821e-05,4.0449335949972395e-05,
subject_00856_hemorrhage,subject_00856,subject_00856,subject_00856_hemorrhage.npz,1,complete,2.0,6.0,1.0,10.0,48.0,55.0,15.0,14.0,6.0,6.0,4.0,585.0,2000000,none,pmcx,3671455010,5.237597680542435e-09,0.004153626016884285,0.00020434696907674067,0,1.4400178844367398e-08,0.0060989601565099,0.00029124627202832174,0,11.575288200750947,9.510350008044805e-07,1.1648676708649321e-06,2.585075934025821e-05,4.0449335949972395e-05,
subject_00857_healthy,subject_00857,subject_00857,subject_00857_healthy.npz,0,complete,2.0,5.0,1.0,9.0,-1.0,-1.0,-1.0,-1.0,0.0,0.0,0.0,0.0,2000000,none,pmcx,2025252971,8.490245238819463e-10,0.004087982501462327,0.000195474614109655,0,2.5037558495971768e-08,0.006283705481167087,0.00030485624439600007,0,12.138072200352326,1.123205281681012e-06,1.4849826633061758e-06,3.3587404294689593e-05,1.7613868516123585e-05,
subject_00857_hemorrhage,subject_00857,subject_00857,subject_00857_hemorrhage.npz,1,complete,2.0,5.0,1.0,9.0,34.0,39.0,15.0,14.0,6.0,6.0,4.0,585.0,2000000,none,pmcx,2025252971,1.5248132986798162e-10,0.0041215699057570165,0.00019557292573878143,0,2.3098047233122593e-08,0.006289474715049655,0.0003048095727485731,0,12.217275099596009,1.123205281681012e-06,1.4849826633061758e-06,3.3587404294689593e-05,1.7613868516123585e-05,
subject_00858_healthy,subject_00858,subject_00858,subject_00858_healthy.npz,0,complete,2.0,7.0,1.0,11.0,-1.0,-1.0,-1.0,-1.0,0.0,0.0,0.0,0.0,2000000,none,pmcx,2660743194,2.1491211791110687e-09,0.0041836251220194924,0.0002024645414683293,0,2.1701776276687603e-08,0.00621876199763709,0.00030746109559456056,0,12.091186500154436,9.621786621573183e-07,1.4728933954193137e-06,1.4296814890327539e-05,3.878391020967643e-05,
subject_00858_hemorrhage,subject_00858,subject_00858,subject_00858_hemorrhage.npz,1,complete,2.0,7.0,1.0,11.0,29.0,50.0,15.0,14.0,5.0,6.0,4.0,491.0,2000000,none,pmcx,2660743194,1.6407819354589891e-09,0.004173016485025305,0.00020224958065634543,0,2.1840069695525062e-08,0.0062320095267721755,0.0003070331427851733,0,12.109658299479634,9.621786621573183e-07,1.4728933954193137e-06,1.4296814890327539e-05,3.878391020967643e-05,
subject_00859_healthy,subject_00859,subject_00859,subject_00859_healthy.npz,0,complete,3.0,7.0,1.0,12.0,-1.0,-1.0,-1.0,-1.0,0.0,0.0,0.0,0.0,2000000,none,pmcx,614820051,1.3116772028044242e-09,0.003960192866320911,0.00019673035099266396,0,2.3113700438465124e-08,0.006355440327733948,0.000317426603074982,0,11.889266598736867,7.901232749494145e-07,1.3061303289474946e-06,1.8163481531317284e-05,3.7835392899308526e-05,
subject_00859_hemorrhage,subject_00859,subject_00859,subject_00859_hemorrhage.npz,1,complete,3.0,7.0,1.0,12.0,37.0,42.0,16.0,15.0,5.0,5.0,4.0,417.0,2000000,none,pmcx,614820051,1.2461742617809362e-09,0.0039783563478522285,0.00019670662459841427,0,3.379232840592339e-08,0.0063932757206332565,0.0003175359329291024,0,11.876763100270182,7.901232749494145e-07,1.3061303289474946e-06,1.8163481531317284e-05,3.7835392899308526e-05,
subject_00860_healthy,subject_00860,subject_00860,subject_00860_healthy.npz,0,complete,2.0,7.0,2.0,12.0,-1.0,-1.0,-1.0,-1.0,0.0,0.0,0.0,0.0,2000000,none,pmcx,1212754491,2.7088462481231193e-08,0.004193265975761117,0.00020652322821004465,0,1.2383128251315097e-07,0.006462752059164539,0.00031587336991783425,0,10.843853199621662,9.477226360104124e-07,1.7246787899915819e-06,2.9107077308132556e-05,4.749535390822894e-05,
subject_00860_hemorrhage,subject_00860,subject_00860,subject_00860_hemorrhage.npz,1,complete,2.0,7.0,2.0,12.0,49.0,38.0,17.0,16.0,7.0,5.0,5.0,711.0,2000000,none,pmcx,1212754491,2.6426372025794344e-08,0.004198114096651831,0.00020699450778209892,0,1.2252278838172643e-07,0.006510247413072768,0.0003158313305790196,0,10.80726440041326,9.477226360104124e-07,1.7246787899915819e-06,2.9107077308132556e-05,4.749535390822894e-05,
subject_00861_healthy,subject_00861,subject_00861,subject_00861_healthy.npz,0,complete,2.0,6.0,1.0,10.0,-1.0,-1.0,-1.0,-1.0,0.0,0.0,0.0,0.0,2000000,none,pmcx,380329648,5.978794090048582e-10,0.0039618109503427095,0.00019375342220972127,0,3.6642259692497124e-08,0.0063210466887738655,0.0003016696450612082,0,12.25486799981445,9.942870215152681e-07,1.2851670230208005e-06,1.794858264482415e-05,4.5996362114083915e-05,
subject_00861_hemorrhage,subject_00861,subject_00861,subject_00861_hemorrhage.npz,1,complete,2.0,6.0,1.0,10.0,38.0,25.0,17.0,16.0,5.0,7.0,4.0,577.0,2000000,none,pmcx,380329648,3.937258208076018e-09,0.003950811621301297,0.00019387748744064786,0,3.650364587155883e-08,0.006339856321555675,0.0003012630812175986,0,12.259409700287506,9.942870215152681e-07,1.2851670230208005e-06,1.794858264482415e-05,4.5996362114083915e-05,
subject_00862_healthy,subject_00862,subject_00862,subject_00862_healthy.npz,0,complete,3.0,6.0,1.0,11.0,-1.0,-1.0,-1.0,-1.0,0.0,0.0,0.0,0.0,2000000,none,pmcx,2925592372,8.683568064840843e-10,0.003963030890206801,0.0001969313872443101,0,2.803892722438878e-08,0.00610854003710689,0.0002982976294164263,0,11.689954200061038,9.731148173013704e-07,1.82507917552155e-06,1.8045941670419546e-05,4.775211982684709e-05,
subject_00862_hemorrhage,subject_00862,subject_00862,subject_00862_hemorrhage.npz,1,complete,3.0,6.0,1.0,11.0,46.0,47.0,16.0,15.0,6.0,6.0,5.0,739.0,2000000,none,pmcx,2925592372,1.7242655132972792e-09,0.003961280575350602,0.000196942018979454,0,1.56528145735793e-08,0.006077559338113447,0.00029722322276127904,0,11.714331700233743,9.731148173013704e-07,1.82507917552155e-06,1.8045941670419546e-05,4.775211982684709e-05,
subject_00863_healthy,subject_00863,subject_00863,subject_00863_healthy.npz,0,complete,3.0,6.0,2.0,12.0,-1.0,-1.0,-1.0,-1.0,0.0,0.0,0.0,0.0,2000000,none,pmcx,3836910693,8.501210712099763e-10,0.004025778930329139,0.0002020173857724428,0,1.1105079864521054e-07,0.00611464959927188,0.00030365653973618643,0,11.061229199403897,9.497331825712552e-07,1.474231870398854e-06,3.8100293958715555e-05,2.0508387903307376e-05,
subject_00863_hemorrhage,subject_00863,subject_00863,subject_00863_hemorrhage.npz,1,complete,3.0,6.0,2.0,12.0,37.0,41.0,18.0,17.0,7.0,7.0,5.0,1023.0,2000000,none,pmcx,3836910693,5.6002462649178454e-09,0.004033667304412844,0.00020176808040559381,0,4.128048031803001e-08,0.0061345067459011235,0.00030376253663743773,0,11.087549300165847,9.497331825712552e-07,1.474231870398854e-06,3.8100293958715555e-05,2.0508387903307376e-05,
subject_00864_healthy,subject_00864,subject_00864,subject_00864_healthy.npz,0,complete,3.0,6.0,1.0,11.0,-1.0,-1.0,-1.0,-1.0,0.0,0.0,0.0,0.0,2000000,none,pmcx,1059092319,2.8535822860222303e-09,0.004030262513514357,0.0001974989605934651,0,3.701191905258218e-08,0.005974708930893968,0.0002937248092759233,0,12.157770099584013,7.196821091345161e-07,1.2566225733736633e-06,2.084249281426886e-05,2.2038836006705968e-05,
subject_00864_hemorrhage,subject_00864,subject_00864,subject_00864_hemorrhage.npz,1,complete,3.0,6.0,1.0,11.0,41.0,52.0,21.0,20.0,7.0,6.0,4.0,671.0,2000000,none,pmcx,1059092319,9.908192344482145e-11,0.004028739849539892,0.00019752972699698719,0,3.554033524962347e-08,0.00598756994098984,0.00029404294104464195,0,12.150450800079852,7.196821091345161e-07,1.2566225733736633e-06,2.084249281426886e-05,2.2038836006705968e-05,
subject_00865_healthy,subject_00865,subject_00865,subject_00865_healthy.npz,0,complete,3.0,7.0,1.0,12.0,-1.0,-1.0,-1.0,-1.0,0.0,0.0,0.0,0.0,2000000,none,pmcx,875629521,5.707810691805154e-11,0.003924760066501748,0.0001913633974069311,0,2.8351228307696105e-09,0.0061662072986489345,0.0003059971245328445,0,11.552196300355718,6.497838546846535e-07,8.578089076363284e-07,1.8967117284685378e-05,8.839677455969213e-06,
subject_00865_hemorrhage,subject_00865,subject_00865,subject_00865_hemorrhage.npz,1,complete,3.0,7.0,1.0,12.0,46.0,37.0,20.0,19.0,7.0,5.0,4.0,577.0,2000000,none,pmcx,875629521,6.455609149056706e-11,0.003924844400268157,0.0001912823190816986,0,2.7818102064732367e-09,0.006166072737709296,0.00030602170718663734,0,11.488538400270045,6.497838546846535e-07,8.578089076363284e-07,1.8967117284685378e-05,8.839677455969213e-06,
subject_00866_healthy,subject_00866,subject_00866,subject_00866_healthy.npz,0,complete,3.0,5.0,1.0,10.0,-1.0,-1.0,-1.0,-1.0,0.0,0.0,0.0,0.0,2000000,none,pmcx,3918434936,5.388884239443305e-09,0.004024345878153941,0.00020019266854060403,0,2.2727545346846586e-08,0.0059318960236109134,0.00029076110669620846,0,11.574209100101143,6.488937532048104e-07,1.4414141656762617e-06,9.95691817238728e-06,3.74402874735091e-05,
subject_00866_hemorrhage,subject_00866,subject_00866,subject_00866_hemorrhage.npz,1,complete,3.0,5.0,1.0,10.0,45.0,28.0,19.0,18.0,7.0,6.0,5.0,877.0,2000000,none,pmcx,3918434936,1.6968250645654812e-08,0.004014388959981554,0.000200405288362239,0,3.240516805141125e-08,0.005931746594378981,0.0002910861756007805,0,11.600841000443324,6.488937532048104e-07,1.4414141656762617e-06,9.95691817238728e-06,3.74402874735091e-05,
subject_00867_healthy,subject_00867,subject_00867,subject_00867_healthy.npz,0,complete,2.0,5.0,2.0,10.0,-1.0,-1.0,-1.0,-1.0,0.0,0.0,0.0,0.0,2000000,none,pmcx,464888901,1.1141006780819105e-07,0.004245383604095463,0.00020930125834322011,0,3.2714101374512416e-07,0.0062031364009511635,0.000303229052450386,0,11.395462699932978,1.0101493091191186e-06,1.7127100118489614e-06,2.9578155338817053e-05,4.2412177955269796e-05,
subject_00867_hemorrhage,subject_00867,subject_00867,subject_00867_hemorrhage.npz,1,complete,2.0,5.0,2.0,10.0,44.0,25.0,18.0,17.0,7.0,7.0,5.0,1023.0,2000000,none,pmcx,464888901,7.670444106260768e-08,0.004242136546583154,0.00020899694419763984,0,2.8116604761313e-07,0.0062059192515655035,0.00030210570175208114,0,11.454369299812242,1.0101493091191186e-06,1.7127100118489614e-06,2.9578155338817053e-05,4.2412177955269796e-05,
subject_00868_healthy,subject_00868,subject_00868,subject_00868_healthy.npz,0,complete,3.0,6.0,2.0,12.0,-1.0,-1.0,-1.0,-1.0,0.0,0.0,0.0,0.0,2000000,none,pmcx,613798516,1.5556973635736197e-08,0.0041089534463332605,0.0001992899935308952,0,9.864160527542123e-08,0.006217042552710219,0.0003061773843759349,0,11.299345399718732,1.2129707241459838e-06,1.3836446108046794e-06,2.5230858895199538e-05,2.347388722147726e-05,
subject_00868_hemorrhage,subject_00868,subject_00868,subject_00868_hemorrhage.npz,1,complete,3.0,6.0,2.0,12.0,39.0,47.0,17.0,16.0,7.0,7.0,5.0,1023.0,2000000,none,pmcx,613798516,1.1577275535730796e-08,0.004103954965819143,0.00019965619398597018,0,2.2452244485198272e-07,0.006214474865752529,0.000306028142242547,0,11.300696199992672,1.2129707241459838e-06,1.3836446108046794e-06,2.5230858895199538e-05,2.347388722147726e-05,
subject_00869_healthy,subject_00869,subject_00869,subject_00869_healthy.npz,0,complete,2.0,5.0,2.0,10.0,-1.0,-1.0,-1.0,-1.0,0.0,0.0,0.0,0.0,2000000,none,pmcx,4207861253,2.7763021481397933e-08,0.004199341872254665,0.00020287312803224923,0,2.465188588361314e-07,0.0062953700393340644,0.00031015526997791676,0,11.110007400391623,7.179795698182193e-07,1.0580223828082242e-06,1.5404670587589476e-05,1.5444854007149594e-05,
subject_00869_hemorrhage,subject_00869,subject_00869,subject_00869_hemorrhage.npz,1,complete,2.0,5.0,2.0,10.0,37.0,41.0,18.0,17.0,5.0,5.0,5.0,515.0,2000000,none,pmcx,4207861253,2.4901784066110578e-08,0.004187858952439035,0.00020291569377898507,0,3.1190414714722485e-07,0.006279925185326915,0.0003101962961886178,0,11.111635400447994,7.179795698182193e-07,1.0580223828082242e-06,1.5404670587589476e-05,1.5444854007149594e-05,
subject_00870_healthy,subject_00870,subject_00870,subject_00870_healthy.npz,0,complete,2.0,6.0,1.0,10.0,-1.0,-1.0,-1.0,-1.0,0.0,0.0,0.0,0.0,2000000,none,pmcx,219527684,9.337546951070826e-09,0.003981031794819641,0.00019271859533691467,0,2.3747909392440925e-08,0.0065345827497891905,0.0003199606251951907,0,11.50969859980978,8.634667212240135e-07,1.4606034990486279e-06,1.7042094405919162e-05,2.2091980102979802e-05,
subject_00870_hemorrhage,subject_00870,subject_00870,subject_00870_hemorrhage.npz,1,complete,2.0,6.0,1.0,10.0,42.0,27.0,17.0,16.0,5.0,7.0,5.0,711.0,2000000,none,pmcx,219527684,2.268152482890841e-09,0.003984376277298898,0.00019251015690672601,0,6.300564032430237e-09,0.006540099864021196,0.0003199306944705494,0,11.643849900225177,8.634667212240135e-07,1.4606034990486279e-06,1.7042094405919162e-05,2.2091980102979802e-05,
subject_00871_healthy,subject_00871,subject_00871,subject_00871_healthy.npz,0,complete,3.0,7.0,2.0,13.0,-1.0,-1.0,-1.0,-1.0,0.0,0.0,0.0,0.0,2000000,none,pmcx,2879098127,6.509155221074523e-09,0.004161882970372065,0.000204204354706111,0,1.209780087927132e-07,0.00639180469146377,0.0003189036826973771,0,10.95746390032582,1.3110640879043084e-06,1.5011644183641192e-06,4.332759595011403e-05,5.052299863616931e-05,
subject_00871_hemorrhage,subject_00871,subject_00871,subject_00871_hemorrhage.npz,1,complete,3.0,7.0,2.0,13.0,29.0,49.0,21.0,20.0,5.0,7.0,5.0,711.0,2000000,none,pmcx,2879098127,4.4293126078435415e-09,0.004118555374421951,0.0002038420979266744,0,1.1238125426174522e-07,0.006394560382798783,0.0003195755267217267,0,10.941180099733174,1.3110640879043084e-06,1.5011644183641192e-06,4.332759595011403e-05,5.052299863616931e-05,
subject_00872_healthy,subject_00872,subject_00872,subject_00872_healthy.npz,0,complete,2.0,5.0,2.0,10.0,-1.0,-1.0,-1.0,-1.0,0.0,0.0,0.0,0.0,2000000,none,pmcx,758663188,5.911287564031557e-08,0.0039933120492603455,0.00019386778815628087,0,3.52517321296559e-07,0.0062470723847264376,0.00030652122564148036,0,11.623736400855705,5.478618900060299e-07,1.4515392637465179e-06,7.576087035113515e-06,2.3574081655668502e-05,
subject_00872_hemorrhage,subject_00872,subject_00872,subject_00872_hemorrhage.npz,1,complete,2.0,5.0,2.0,10.0,49.0,26.0,17.0,16.0,6.0,6.0,4.0,585.0,2000000,none,pmcx,758663188,5.910914755507896e-08,0.003993228544909932,0.00019397271659759479,0,3.1677005518983426e-07,0.006270646466382106,0.00030675040424477676,0,11.5884423002135,5.478618900060299e-07,1.4515392637465179e-06,7.576087035113515e-06,2.3574081655668502e-05,
subject_00873_healthy,subject_00873,subject_00873,subject_00873_healthy.npz,0,complete,2.0,5.0,2.0,10.0,-1.0,-1.0,-1.0,-1.0,0.0,0.0,0.0,0.0,2000000,none,pmcx,309496713,8.003353095243675e-08,0.003890002861121163,0.00019332806303143157,0,2.5795940520121254e-07,0.006340840963667616,0.0003119621102094756,0,10.959167500026524,8.54294678199388e-07,1.945799897996886e-06,1.8404419740796017e-05,2.385806159858287e-05,
subject_00873_hemorrhage,subject_00873,subject_00873,subject_00873_hemorrhage.npz,1,complete,2.0,5.0,2.0,10.0,34.0,45.0,15.0,14.0,7.0,5.0,5.0,711.0,2000000,none,pmcx,309496713,6.986153140732548e-08,0.0038909589744899648,0.00019291042950813923,0,2.6898506421395276e-07,0.006346995204427598,0.0003114064140331839,0,11.035322200274095,8.54294678199388e-07,1.945799897996886e-06,1.8404419740796017e-05,2.385806159858287e-05,
subject_00874_healthy,subject_00874,subject_00874,subject_00874_healthy.npz,0,complete,3.0,6.0,1.0,11.0,-1.0,-1.0,-1.0,-1.0,0.0,0.0,0.0,0.0,2000000,none,pmcx,4259666498,4.4593518815985e-10,0.0041203532676464885,0.00020422256706552794,0,1.3196751721233372e-08,0.0062356214170207315,0.00030879980671648355,0,11.317823600722477,9.393615560124944e-07,1.437755683917633e-06,3.638072212159855e-05,3.939183590515819e-05,
subject_00874_hemorrhage,subject_00874,subject_00874,subject_00874_hemorrhage.npz,1,complete,3.0,6.0,1.0,11.0,41.0,29.0,19.0,18.0,7.0,7.0,4.0,805.0,2000000,none,pmcx,4259666498,2.2851040773657976e-10,0.0041081564885658,0.0002039478798043117,0,1.664227454014746e-08,0.006240862910772553,0.000308863070877821,0,11.36909870035015,9.393615560124944e-07,1.437755683917633e-06,3.638072212159855e-05,3.939183590515819e-05,
subject_00875_healthy,subject_00875,subject_00875,subject_00875_healthy.npz,0,complete,2.0,5.0,2.0,10.0,-1.0,-1.0,-1.0,-1.0,0.0,0.0,0.0,0.0,2000000,none,pmcx,1311286064,4.003294736037461e-08,0.003936549079130316,0.00019266439463102634,0,2.68322309328154e-07,0.006288813460005144,0.0003115260676311411,0,11.07407289952971,1.1016634482267216e-06,1.473534506021841e-06,3.133303114987666e-05,2.762147995743862e-05,
subject_00875_hemorrhage,subject_00875,subject_00875,subject_00875_hemorrhage.npz,1,complete,2.0,5.0,2.0,10.0,37.0,40.0,19.0,18.0,7.0,7.0,5.0,1023.0,2000000,none,pmcx,1311286064,4.1143135451994654e-08,0.003956486956015613,0.00019245716408154695,0,2.6820129286791544e-07,0.0062611919800477055,0.00031147492754217214,0,11.178389999782667,1.1016634482267216e-06,1.473534506021841e-06,3.133303114987666e-05,2.762147995743862e-05,
subject_00876_healthy,subject_00876,subject_00876,subject_00876_healthy.npz,0,complete,2.0,6.0,1.0,10.0,-1.0,-1.0,-1.0,-1.0,0.0,0.0,0.0,0.0,2000000,none,pmcx,421945300,2.525863107283167e-09,0.004167724188544929,0.00019892171520089662,0,1.4729720953112093e-07,0.006456241831400103,0.0003163106109860621,0,12.088671499630436,7.453788544617324e-07,9.455427257404162e-07,3.766469761265923e-05,1.3367900122209647e-05,
subject_00876_hemorrhage,subject_00876,subject_00876,subject_00876_hemorrhage.npz,1,complete,2.0,6.0,1.0,10.0,51.0,36.0,14.0,13.0,6.0,5.0,4.0,491.0,2000000,none,pmcx,421945300,3.1753699355409238e-09,0.00413005949093227,0.0001987130316967836,0,1.3903741261136653e-07,0.006467906794110538,0.0003161383375878015,0,12.152298899367452,7.453788544617324e-07,9.455427257404162e-07,3.766469761265923e-05,1.3367900122209647e-05,
subject_00877_healthy,subject_00877,subject_00877,subject_00877_healthy.npz,0,complete,2.0,5.0,1.0,9.0,-1.0,-1.0,-1.0,-1.0,0.0,0.0,0.0,0.0,2000000,none,pmcx,2154331709,3.530870397780636e-09,0.004022798416514946,0.00019808723752844836,0,3.9415292954266696e-08,0.006320985313264665,0.0003032070501871163,0,11.684052600292489,1.141058292936094e-06,1.3281041162079378e-06,4.505483291533576e-05,2.009461302862267e-05,
subject_00877_hemorrhage,subject_00877,subject_00877,subject_00877_hemorrhage.npz,1,complete,2.0,5.0,1.0,9.0,33.0,38.0,21.0,20.0,7.0,7.0,4.0,805.0,2000000,none,pmcx,2154331709,2.8227770645694183e-09,0.004027905517237373,0.00019774292517778762,0,1.8984917428576785e-08,0.006315741304630914,0.00030308753081034377,0,11.665276100393385,1.141058292936094e-06,1.3281041162079378e-06,4.505483291533576e-05,2.009461302862267e-05,
subject_00878_healthy,subject_00878,subject_00878,subject_00878_healthy.npz,0,complete,3.0,6.0,2.0,12.0,-1.0,-1.0,-1.0,-1.0,0.0,0.0,0.0,0.0,2000000,none,pmcx,131911996,7.4384397076747824e-09,0.004082444162558865,0.00020106959420416757,0,1.6470328347612038e-07,0.006292623357035444,0.00031627751176387434,0,11.168699800502509,9.236759654055925e-07,1.1123263094104406e-06,1.3459955391993336e-05,3.605064784489853e-05,
subject_00878_hemorrhage,subject_00878,subject_00878,subject_00878_hemorrhage.npz,1,complete,3.0,6.0,2.0,12.0,36.0,30.0,21.0,20.0,5.0,7.0,5.0,711.0,2000000,none,pmcx,131911996,7.957470428507886e-09,0.004086278456717208,0.00020098112108206983,0,1.6829794945746525e-07,0.006288678593641403,0.0003157980640317882,0,11.184703700011596,9.236759654055925e-07,1.1123263094104406e-06,1.3459955391993336e-05,3.605064784489853e-05,
subject_00879_healthy,subject_00879,subject_00879,subject_00879_healthy.npz,0,complete,2.0,5.0,1.0,9.0,-1.0,-1.0,-1.0,-1.0,0.0,0.0,0.0,0.0,2000000,none,pmcx,1321870806,2.4910655389644197e-09,0.0041208132252324794,0.00019679075429323542,0,6.072046954592628e-09,0.006330320050013229,0.0003063515145329221,0,12.224855000153184,1.1734272876024925e-06,1.4645384847808172e-06,2.966520393647351e-05,2.269961977761372e-05,
subject_00879_hemorrhage,subject_00879,subject_00879,subject_00879_hemorrhage.npz,1,complete,2.0,5.0,1.0,9.0,36.0,36.0,15.0,14.0,5.0,5.0,5.0,515.0,2000000,none,pmcx,1321870806,8.449383632318102e-10,0.004107141906569412,0.00019680860831771196,0,6.004461369770962e-09,0.006327816801877267,0.0003061320663139551,0,12.236680400557816,1.1734272876024925e-06,1.4645384847808172e-06,2.966520393647351e-05,2.269961977761372e-05,
subject_00880_healthy,subject_00880,subject_00880,subject_00880_healthy.npz,0,complete,2.0,5.0,1.0,9.0,-1.0,-1.0,-1.0,-1.0,0.0,0.0,0.0,0.0,2000000,none,pmcx,3747402623,2.776684813235523e-09,0.004055396386146311,0.00019774470826557227,0,1.654959206759036e-08,0.0064595002791754735,0.0003162219683897406,0,11.565127800218761,7.354423563896221e-07,1.6034980232304642e-06,9.373420539592861e-06,4.04525002728846e-05,
subject_00880_hemorrhage,subject_00880,subject_00880,subject_00880_hemorrhage.npz,1,complete,2.0,5.0,1.0,9.0,35.0,33.0,19.0,18.0,7.0,5.0,4.0,577.0,2000000,none,pmcx,3747402623,1.134380376082628e-09,0.0040481138965489764,0.0001975439990763883,0,3.864847835801277e-08,0.006419047778902589,0.0003161696261655873,0,11.55403949948959,7.354423563896221e-07,1.6034980232304642e-06,9.373420539592861e-06,4.04525002728846e-05,
subject_00881_healthy,subject_00881,subject_00881,subject_00881_healthy.npz,0,complete,2.0,6.0,2.0,11.0,-1.0,-1.0,-1.0,-1.0,0.0,0.0,0.0,0.0,2000000,none,pmcx,1660983739,5.057630324316094e-08,0.00392336052928071,0.0001925476495797043,0,1.5240232802614665e-07,0.006499324574185946,0.00031611651913329323,0,11.268190199974924,1.0918710570683338e-06,1.347072073611116e-06,2.0066438804432034e-05,1.6797245015806508e-05,
subject_00881_hemorrhage,subject_00881,subject_00881,subject_00881_hemorrhage.npz,1,complete,2.0,6.0,2.0,11.0,34.0,52.0,17.0,16.0,5.0,7.0,5.0,711.0,2000000,none,pmcx,1660983739,4.5585398825860024e-08,0.003927716814944075,0.00019256469371448911,0,2.1693375267457344e-07,0.006486137827542491,0.0003160619609314819,0,11.29577889922075,1.0918710570683338e-06,1.347072073611116e-06,2.0066438804432034e-05,1.6797245015806508e-05,
subject_00882_healthy,subject_00882,subject_00882,subject_00882_healthy.npz,0,complete,3.0,6.0,2.0,12.0,-1.0,-1.0,-1.0,-1.0,0.0,0.0,0.0,0.0,2000000,none,pmcx,3146097182,1.426078321916292e-08,0.0040582699139210315,0.00019748381038490627,0,6.428058282983136e-08,0.006231638353916226,0.0003107757903557751,0,11.030965400161222,7.766653006014192e-07,1.5097079660813728e-06,1.3985542537526402e-05,4.437381565199853e-05,
subject_00882_hemorrhage,subject_00882,subject_00882,subject_00882_hemorrhage.npz,1,complete,3.0,6.0,2.0,12.0,38.0,50.0,21.0,20.0,7.0,5.0,4.0,577.0,2000000,none,pmcx,3146097182,3.152004151769155e-09,0.004045502977929454,0.00019748541915886873,0,6.43266646483085e-08,0.006276012169568224,0.000311147081815764,0,10.961708000162616,7.766653006014192e-07,1.5097079660813728e-06,1.3985542537526402e-05,4.437381565199853e-05,
subject_00883_healthy,subject_00883,subject_00883,subject_00883_healthy.npz,0,complete,2.0,5.0,1.0,9.0,-1.0,-1.0,-1.0,-1.0,0.0,0.0,0.0,0.0,2000000,none,pmcx,1749719356,4.0525498179104575e-09,0.0040795189448540915,0.0001973484194408543,0,3.612068578555072e-09,0.006335334395567697,0.0003061600995985523,0,11.8428137996234,8.023944953639626e-07,1.4572074969397723e-06,1.4188291687439875e-05,4.80653019267023e-05,
subject_00883_hemorrhage,subject_00883,subject_00883,subject_00883_hemorrhage.npz,1,complete,2.0,5.0,1.0,9.0,32.0,33.0,21.0,20.0,6.0,5.0,4.0,491.0,2000000,none,pmcx,1749719356,9.491360694433359e-09,0.004085410492068871,0.00019751184575599306,0,2.724494446780817e-09,0.006314551308587919,0.0003064234170191109,0,11.873733799904585,8.023944953639626e-07,1.4572074969397723e-06,1.4188291687439875e-05,4.80653019267023e-05,
subject_00884_healthy,subject_00884,subject_00884,subject_00884_healthy.npz,0,complete,2.0,6.0,1.0,10.0,-1.0,-1.0,-1.0,-1.0,0.0,0.0,0.0,0.0,2000000,none,pmcx,79952527,1.3949060566507353e-09,0.004184884649781696,0.00020433033400332567,0,1.7856129337879265e-08,0.006356269827424845,0.0003099615600038696,0,11.819450699957088,1.173122328003308e-06,1.4632341414383712e-06,3.293913188226732e-05,2.3438877729563268e-05,
subject_00884_hemorrhage,subject_00884,subject_00884,subject_00884_hemorrhage.npz,1,complete,2.0,6.0,1.0,10.0,34.0,29.0,15.0,14.0,6.0,5.0,4.0,491.0,2000000,none,pmcx,79952527,1.4207380166606848e-09,0.004192530818602994,0.00020489467433923377,0,1.4901532968410125e-08,0.006379708705154408,0.0003101134068390746,0,11.816243700217456,1.173122328003308e-06,1.4632341414383712e-06,3.293913188226732e-05,2.3438877729563268e-05,
subject_00885_healthy,subject_00885,subject_00885,subject_00885_healthy.npz,0,complete,2.0,5.0,2.0,10.0,-1.0,-1.0,-1.0,-1.0,0.0,0.0,0.0,0.0,2000000,none,pmcx,834618159,6.70927602743588e-08,0.003935410511955498,0.0001930805387556371,0,2.530097836239156e-07,0.00608293134765888,0.00029670264962417025,0,11.33836550056003,7.236882956171723e-07,1.401354743662592e-06,1.706680195742629e-05,3.063153760958937e-05,
subject_00885_hemorrhage,subject_00885,subject_00885,subject_00885_hemorrhage.npz,1,complete,2.0,5.0,2.0,10.0,37.0,50.0,19.0,18.0,7.0,5.0,5.0,711.0,2000000,none,pmcx,834618159,4.3863087107927123e-08,0.003937923237181815,0.00019336793767535645,0,2.5423713674105834e-07,0.006091705540856019,0.0002964896214306713,0,11.297843199688941,7.236882956171723e-07,1.401354743662592e-06,1.706680195742629e-05,3.063153760958937e-05,
subject_00886_healthy,subject_00886,subject_00886,subject_00886_healthy.npz,0,complete,2.0,6.0,2.0,11.0,-1.0,-1.0,-1.0,-1.0,0.0,0.0,0.0,0.0,2000000,none,pmcx,3091615916,3.9445586234114006e-08,0.004205880823306104,0.00020710881865317567,0,1.087009224013628e-07,0.006228971829739963,0.00029916059421389275,0,11.43316930020228,1.2113175885499317e-06,1.1816252290989281e-06,3.789148615327429e-05,1.262563659027837e-05,
subject_00886_hemorrhage,subject_00886,subject_00886,subject_00886_hemorrhage.npz,1,complete,2.0,6.0,2.0,11.0,32.0,49.0,19.0,18.0,5.0,6.0,4.0,491.0,2000000,none,pmcx,3091615916,3.944591185472988e-08,0.0042150353109230345,0.00020701210322399613,0,1.0738028976564485e-07,0.006238321887612136,0.00029911954273087346,0,11.437341699376702,1.2113175885499317e-06,1.1816252290989281e-06,3.789148615327429e-05,1.262563659027837e-05,
subject_00887_healthy,subject_00887,subject_00887,subject_00887_healthy.npz,0,complete,2.0,7.0,2.0,12.0,-1.0,-1.0,-1.0,-1.0,0.0,0.0,0.0,0.0,2000000,none,pmcx,3324629955,1.22805852041074e-09,0.004139693448112395,0.0002029699862357421,0,9.393474575635451e-08,0.006234787023147776,0.0003005422547752802,0,11.181128299795091,8.22373207334512e-07,1.583158632449353e-06,1.8520458493155936e-05,3.090891238143219e-05,
subject_00887_hemorrhage,subject_00887,subject_00887,subject_00887_hemorrhage.npz,1,complete,2.0,7.0,2.0,12.0,48.0,30.0,20.0,19.0,6.0,6.0,5.0,739.0,2000000,none,pmcx,3324629955,1.2281523953830266e-09,0.004135632341398695,0.0002028964827861399,0,1.1715517948959271e-07,0.0062204641045748525,0.00030058061250084345,0,11.180144900921732,8.22373207334512e-07,1.583158632449353e-06,1.8520458493155936e-05,3.090891238143219e-05,
subject_00888_healthy,subject_00888,subject_00888,subject_00888_healthy.npz,0,complete,2.0,7.0,1.0,11.0,-1.0,-1.0,-1.0,-1.0,0.0,0.0,0.0,0.0,2000000,none,pmcx,3157935126,1.7342448351893234e-10,0.004173461182152741,0.00020405027896245012,0,1.648548732287123e-08,0.00651870515798969,0.00031892496609606583,0,11.87608760013245,1.1838412720747835e-06,1.7281127928891091e-06,4.881374517971392e-05,4.008806938146127e-05,
subject_00888_hemorrhage,subject_00888,subject_00888,subject_00888_hemorrhage.npz,1,complete,2.0,7.0,1.0,11.0,33.0,46.0,17.0,16.0,5.0,6.0,5.0,613.0,2000000,none,pmcx,3157935126,1.1905388121417175e-10,0.004175053356717014,0.00020428097802943168,0,2.58560340627081e-08,0.006502204849612333,0.000318585132126982,0,11.863998999353498,1.1838412720747835e-06,1.7281127928891091e-06,4.881374517971392e-05,4.008806938146127e-05,
subject_00889_healthy,subject_00889,subject_00889,subject_00889_healthy.npz,0,complete,3.0,7.0,2.0,13.0,-1.0,-1.0,-1.0,-1.0,0.0,0.0,0.0,0.0,2000000,none,pmcx,3229300835,6.122231623949917e-09,0.004017289102924007,0.00020245560598874802,0,6.822311088902998e-08,0.006403530626854776,0.00032174941047821454,0,10.969473900739104,8.318069519790412e-07,1.3940652512438836e-06,2.224708083828006e-05,3.581231204228229e-05,
subject_00889_hemorrhage,subject_00889,subject_00889,subject_00889_hemorrhage.npz,1,complete,3.0,7.0,2.0,13.0,51.0,39.0,17.0,16.0,6.0,6.0,4.0,585.0,2000000,none,pmcx,3229300835,5.8390110193002185e-09,0.004024532321216397,0.00020268120377586193,0,1.035769013439098e-07,0.006399336300427869,0.0003213912180085199,0,10.900736400391906,8.318069519790412e-07,1.3940652512438836e-06,2.224708083828006e-05,3.581231204228229e-05,
subject_00890_healthy,subject_00890,subject_00890,subject_00890_healthy.npz,0,complete,3.0,5.0,2.0,11.0,-1.0,-1.0,-1.0,-1.0,0.0,0.0,0.0,0.0,2000000,none,pmcx,704157107,5.1890397056857035e-08,0.004100384761035498,0.00020371073277737848,0,1.2405563438979763e-07,0.006062551367547973,0.0003018655252349708,0,11.409475399646908,1.1558360215099743e-06,1.3181503857807347e-06,4.179906807825519e-05,2.5401848472121104e-05,
subject_00890_hemorrhage,subject_00890,subject_00890,subject_00890_hemorrhage.npz,1,complete,3.0,5.0,2.0,11.0,42.0,24.0,20.0,19.0,7.0,5.0,5.0,711.0,2000000,none,pmcx,704157107,3.4770344806138405e-08,0.004104315328259066,0.00020329064514262922,0,5.2892776014644965e-08,0.00607562656376397,0.0003019959417630716,0,11.424632800044492,1.1558360215099743e-06,1.3181503857807347e-06,4.179906807825519e-05,2.5401848472121104e-05,
subject_00891_healthy,subject_00891,subject_00891,subject_00891_healthy.npz,0,complete,2.0,7.0,2.0,12.0,-1.0,-1.0,-1.0,-1.0,0.0,0.0,0.0,0.0,2000000,none,pmcx,2903841554,6.456525202936621e-09,0.004060668642103016,0.00019774067347203334,0,2.226574883239594e-07,0.006605404313942752,0.0003232197368522321,0,11.40174960019067,6.940931471113997e-07,1.4834669233266295e-06,1.3658078095850042e-05,3.943426038885878e-05,
subject_00891_hemorrhage,subject_00891,subject_00891,subject_00891_hemorrhage.npz,1,complete,2.0,7.0,2.0,12.0,31.0,49.0,19.0,18.0,6.0,5.0,5.0,613.0,2000000,none,pmcx,2903841554,5.11218551543302e-09,0.004050245907015796,0.000197540493124828,0,2.148087634496906e-07,0.0066169857849474,0.00032283543297690357,0,11.452265000203624,6.940931471113997e-07,1.4834669233266295e-06,1.3658078095850042e-05,3.943426038885878e-05,
subject_00892_healthy,subject_00892,subject_00892,subject_00892_healthy.npz,0,complete,3.0,6.0,2.0,12.0,-1.0,-1.0,-1.0,-1.0,0.0,0.0,0.0,0.0,2000000,none,pmcx,3588439236,6.775951533950966e-09,0.004111658998484477,0.00020341828992612014,0,1.3962801223569348e-07,0.006147018394521476,0.0003047034435071593,0,10.970242300303653,7.006739167800798e-07,1.2270948248378316e-06,1.5418893057122726e-05,4.4481452213861704e-05,
subject_00892_hemorrhage,subject_00892,subject_00892,subject_00892_hemorrhage.npz,1,complete,3.0,6.0,2.0,12.0,46.0,43.0,16.0,15.0,6.0,5.0,4.0,491.0,2000000,none,pmcx,3588439236,1.3660559391269095e-08,0.004111888281883305,0.0002031585154465112,0,1.8275201821458267e-07,0.006102536942307614,0.0003041231726338611,0,10.967100999783725,7.006739167800798e-07,1.2270948248378316e-06,1.5418893057122726e-05,4.4481452213861704e-05,
subject_00893_healthy,subject_00893,subject_00893,subject_00893_healthy.npz,0,complete,2.0,7.0,2.0,12.0,-1.0,-1.0,-1.0,-1.0,0.0,0.0,0.0,0.0,2000000,none,pmcx,1840370779,1.7399065647165514e-08,0.003944527269139201,0.00019509151729220874,0,6.98310182240737e-08,0.006222664041043991,0.00030204264739098227,0,11.061174799920991,1.1824214766992283e-06,1.1838754109108933e-06,2.6255189268676888e-05,2.306191401694243e-05,
subject_00893_hemorrhage,subject_00893,subject_00893,subject_00893_hemorrhage.npz,1,complete,2.0,7.0,2.0,12.0,43.0,44.0,19.0,18.0,6.0,6.0,4.0,585.0,2000000,none,pmcx,1840370779,1.4981605524209303e-08,0.003964976561499509,0.0001954287778210279,0,7.099268215082965e-08,0.0062250945613092305,0.0003017851952143315,0,11.05256100022234,1.1824214766992283e-06,1.1838754109108933e-06,2.6255189268676888e-05,2.306191401694243e-05,
subject_00894_healthy,subject_00894,subject_00894,subject_00894_healthy.npz,0,complete,3.0,6.0,2.0,12.0,-1.0,-1.0,-1.0,-1.0,0.0,0.0,0.0,0.0,2000000,none,pmcx,2096997962,1.933614361102582e-08,0.004134103450396379,0.00020497689456567403,0,7.697521721507424e-08,0.005972662135645894,0.00029362020495653473,0,11.054969200631604,8.909903862886375e-07,1.473934752689392e-06,1.6713365643300157e-05,2.3175821819562334e-05,
subject_00894_hemorrhage,subject_00894,subject_00894,subject_00894_hemorrhage.npz,1,complete,3.0,6.0,2.0,12.0,32.0,46.0,18.0,17.0,5.0,7.0,4.0,577.0,2000000,none,pmcx,2096997962,1.3408142630496631e-08,0.004128882234496829,0.00020554367517507636,0,7.740006250536056e-08,0.005995837957465456,0.00029381767463368316,0,11.042615800630301,8.909903862886375e-07,1.473934752689392e-06,1.6713365643300157e-05,2.3175821819562334e-05,
subject_00895_healthy,subject_00895,subject_00895,subject_00895_healthy.npz,0,complete,2.0,5.0,2.0,10.0,-1.0,-1.0,-1.0,-1.0,0.0,0.0,0.0,0.0,2000000,none,pmcx,3323124731,3.12560972635761e-08,0.003934407384735516,0.00019083195668816513,0,7.495646552026673e-08,0.006186202464756236,0.0002967137530923311,0,11.095740700839087,1.1631006007071245e-06,1.0444792252474724e-06,3.405834974813324e-05,1.0320106175281426e-05,
subject_00895_hemorrhage,subject_00895,subject_00895,subject_00895_hemorrhage.npz,1,complete,2.0,5.0,2.0,10.0,28.0,54.0,15.0,14.0,5.0,5.0,4.0,417.0,2000000,none,pmcx,3323124731,3.628069431933792e-08,0.003968465734483649,0.00019107573015784664,0,7.616141102260416e-08,0.0061762141710761725,0.00029627767799886946,0,11.040312900207937,1.1631006007071245e-06,1.0444792252474724e-06,3.405834974813324e-05,1.0320106175281426e-05,
subject_00896_healthy,subject_00896,subject_00896,subject_00896_healthy.npz,0,complete,2.0,5.0,2.0,10.0,-1.0,-1.0,-1.0,-1.0,0.0,0.0,0.0,0.0,2000000,none,pmcx,565589534,5.882778236832299e-08,0.0038909247774299013,0.00018932161053707687,0,1.6090731462266443e-07,0.006338661096718168,0.0003124573987914179,0,11.304422800196335,7.459989396244346e-07,1.6332769888366956e-06,1.438505758328927e-05,2.089438228579637e-05,
subject_00896_hemorrhage,subject_00896,subject_00896,subject_00896_hemorrhage.npz,1,complete,2.0,5.0,2.0,10.0,42.0,40.0,19.0,18.0,5.0,6.0,5.0,613.0,2000000,none,pmcx,565589534,5.9019731664164005e-08,0.0038990821913460305,0.00018969634064121057,0,1.650602640573049e-07,0.006320353396147625,0.00031208791645969314,0,11.240752700483426,7.459989396244346e-07,1.6332769888366956e-06,1.438505758328927e-05,2.089438228579637e-05,
subject_00897_healthy,subject_00897,subject_00897,subject_00897_healthy.npz,0,complete,2.0,6.0,1.0,10.0,-1.0,-1.0,-1.0,-1.0,0.0,0.0,0.0,0.0,2000000,none,pmcx,3540798776,2.896706340244268e-09,0.004375041604582512,0.00021363118563160665,0,1.847172425061914e-08,0.006098827855921047,0.0002915501154787222,0,11.922573999734595,1.1741057078100802e-06,1.2195598814518798e-06,4.473520696440629e-05,1.8344520888198892e-05,
subject_00897_hemorrhage,subject_00897,subject_00897,subject_00897_hemorrhage.npz,1,complete,2.0,6.0,1.0,10.0,40.0,31.0,16.0,15.0,5.0,7.0,4.0,577.0,2000000,none,pmcx,3540798776,4.9930970430734956e-09,0.004366541633228047,0.00021362636785806773,0,1.8990725776596314e-08,0.006085699738250327,0.0002916934395530725,0,11.959140799939632,1.1741057078100802e-06,1.2195598814518798e-06,4.473520696440629e-05,1.8344520888198892e-05,
subject_00898_healthy,subject_00898,subject_00898,subject_00898_healthy.npz,0,complete,2.0,6.0,2.0,11.0,-1.0,-1.0,-1.0,-1.0,0.0,0.0,0.0,0.0,2000000,none,pmcx,1828781548,3.8665780232426006e-08,0.0038783143361631792,0.0001909311584786432,0,1.2164311659645868e-07,0.006213461743130072,0.0003036755022218933,0,11.271238799206913,1.0778451595957478e-06,1.6861292283352046e-06,1.7560237170207967e-05,1.9619065022425883e-05,
subject_00898_hemorrhage,subject_00898,subject_00898,subject_00898_hemorrhage.npz,1,complete,2.0,6.0,2.0,11.0,34.0,27.0,16.0,15.0,7.0,7.0,5.0,1023.0,2000000,none,pmcx,1828781548,1.974020141140372e-08,0.003875304870010324,0.00019062279989777133,0,1.5310959943801088e-07,0.006207944674629291,0.0003031295631848028,0,11.246822499204427,1.0778451595957478e-06,1.6861292283352046e-06,1.7560237170207967e-05,1.9619065022425883e-05,
subject_00899_healthy,subject_00899,subject_00899,subject_00899_healthy.npz,0,complete,2.0,7.0,1.0,11.0,-1.0,-1.0,-1.0,-1.0,0.0,0.0,0.0,0.0,2000000,none,pmcx,3818260882,4.70232546774142e-09,0.004109026685473314,0.00020041240358614027,0,6.213751547439458e-08,0.006273025584245495,0.00030560481954264936,0,11.402995600132272,1.0680915538424439e-06,1.2182353318990477e-06,2.0877443839390896e-05,1.8170322008386613e-05,
subject_00899_hemorrhage,subject_00899,subject_00899,subject_00899_hemorrhage.npz,1,complete,2.0,7.0,1.0,11.0,40.0,45.0,17.0,16.0,5.0,6.0,5.0,613.0,2000000,none,pmcx,3818260882,1.1611974943633971e-08,0.004092287287129629,0.00020007698050253053,0,4.420395085512578e-08,0.00626321055548967,0.0003051872942360894,0,11.384600899647921,1.0680915538424439e-06,1.2182353318990477e-06,2.0877443839390896e-05,1.8170322008386613e-05,
subject_00900_healthy,subject_00900,subject_00900,subject_00900_healthy.npz,0,complete,3.0,6.0,1.0,11.0,-1.0,-1.0,-1.0,-1.0,0.0,0.0,0.0,0.0,2000000,none,pmcx,2939661650,3.715989660638092e-10,0.004048867930802978,0.000196961251378269,0,1.5005099845510046e-09,0.006182087435529816,0.0003005976825918114,0,11.42758550029248,5.502281084163204e-07,1.8018434803092727e-06,7.665104573840596e-06,4.408632150702373e-05,
subject_00900_hemorrhage,subject_00900,subject_00900,subject_00900_hemorrhage.npz,1,complete,3.0,6.0,1.0,11.0,46.0,42.0,18.0,17.0,5.0,7.0,5.0,711.0,2000000,none,pmcx,2939661650,2.345958248459158e-09,0.0040489104833769185,0.00019678748704530152,0,1.151677756596603e-09,0.006147764564891234,0.00030015753028383595,0,11.469449100317433,5.502281084163204e-07,1.8018434803092727e-06,7.665104573840596e-06,4.408632150702373e-05,
subject_00901_healthy,subject_00901,subject_00901,subject_00901_healthy.npz,0,complete,2.0,7.0,1.0,11.0,-1.0,-1.0,-1.0,-1.0,0.0,0.0,0.0,0.0,2000000,none,pmcx,3198243439,5.691867454253017e-10,0.004203804060702992,0.0002106707086756644,0,5.7485795529821514e-09,0.006224073674979432,0.00030392058417258775,0,12.073316599940881,5.996850889386502e-07,1.2514901331252689e-06,1.1670084248267733e-05,2.1816979323702884e-05,
subject_00901_hemorrhage,subject_00901,subject_00901,subject_00901_hemorrhage.npz,1,complete,2.0,7.0,1.0,11.0,40.0,52.0,19.0,18.0,5.0,6.0,5.0,613.0,2000000,none,pmcx,3198243439,7.901370003872672e-10,0.00421256754660216,0.00021077321856884763,0,4.973600556588361e-09,0.006234535913680529,0.00030387905378442007,0,12.081262700026855,5.996850889386502e-07,1.2514901331252689e-06,1.1670084248267733e-05,2.1816979323702884e-05,
subject_00902_healthy,subject_00902,subject_00902,subject_00902_healthy.npz,0,complete,2.0,6.0,2.0,11.0,-1.0,-1.0,-1.0,-1.0,0.0,0.0,0.0,0.0,2000000,none,pmcx,1697559056,1.793305537345853e-08,0.004059369600068131,0.00020069164464584101,0,1.2925397356813238e-07,0.006219619763933104,0.0003048022445482413,0,10.961665000068024,7.971848740060416e-07,1.016544640588583e-06,1.5364422982085688e-05,1.7306252043170108e-05,
subject_00902_hemorrhage,subject_00902,subject_00902,subject_00902_hemorrhage.npz,1,complete,2.0,6.0,2.0,11.0,47.0,54.0,21.0,20.0,6.0,7.0,5.0,877.0,2000000,none,pmcx,1697559056,1.771966188614845e-08,0.004047380740747428,0.0002009545126734742,0,1.3510303078704927e-07,0.006225348132254173,0.00030469461592329684,0,11.015582100022584,7.971848740060416e-07,1.016544640588583e-06,1.5364422982085688e-05,1.7306252043170108e-05,
subject_00903_healthy,subject_00903,subject_00903,subject_00903_healthy.npz,0,complete,3.0,7.0,2.0,13.0,-1.0,-1.0,-1.0,-1.0,0.0,0.0,0.0,0.0,2000000,none,pmcx,1383831554,1.7591925595800377e-08,0.004213254911107304,0.00020838047718397683,0,2.0400070051143757e-07,0.006165853248548052,0.0003036220166490899,0,11.094851100351661,1.0808294234437061e-06,1.4205304638362772e-06,2.412781724027424e-05,3.098395043388616e-05,
subject_00903_hemorrhage,subject_00903,subject_00903,subject_00903_hemorrhage.npz,1,complete,3.0,7.0,2.0,13.0,37.0,56.0,21.0,20.0,6.0,6.0,4.0,585.0,2000000,none,pmcx,1383831554,2.8883141504787376e-08,0.004224227417845064,0.00020826459704639005,0,2.0489790374317665e-07,0.00615611786665965,0.00030376367293009964,0,11.08851069980301,1.0808294234437061e-06,1.4205304638362772e-06,2.412781724027424e-05,3.098395043388616e-05,
subject_00904_healthy,subject_00904,subject_00904,subject_00904_healthy.npz,0,complete,3.0,6.0,1.0,11.0,-1.0,-1.0,-1.0,-1.0,0.0,0.0,0.0,0.0,2000000,none,pmcx,2044263930,6.960302010843223e-09,0.0039131855701815006,0.00019159344576545175,0,2.2555970468787652e-08,0.006406204414425555,0.00031951253249608194,0,12.13683780003339,1.0479575599602866e-06,1.5242389364788167e-06,1.9140707539443223e-05,1.6548846997341098e-05,
subject_00904_hemorrhage,subject_00904,subject_00904,subject_00904_hemorrhage.npz,1,complete,3.0,6.0,1.0,11.0,38.0,33.0,17.0,16.0,7.0,6.0,4.0,671.0,2000000,none,pmcx,2044263930,2.7726544925552096e-09,0.00390112814935204,0.00019141999104123282,0,2.672230548780066e-08,0.006411995989835705,0.00031950822033041676,0,12.095505099743605,1.0479575599602866e-06,1.5242389364788167e-06,1.9140707539443223e-05,1.6548846997341098e-05,
subject_00905_healthy,subject_00905,subject_00905,subject_00905_healthy.npz,0,complete,3.0,6.0,1.0,11.0,-1.0,-1.0,-1.0,-1.0,0.0,0.0,0.0,0.0,2000000,none,pmcx,1942019898,3.655136703972692e-09,0.004153077811856503,0.0002049477590797722,0,2.1078705177692545e-08,0.005963626235214616,0.00029227742147193295,0,11.40171890007332,1.0045725200783395e-06,1.1492645747756316e-06,1.8704238106199284e-05,1.637102914757698e-05,
subject_00905_hemorrhage,subject_00905,subject_00905,subject_00905_hemorrhage.npz,1,complete,3.0,6.0,1.0,11.0,31.0,40.0,19.0,18.0,6.0,7.0,4.0,671.0,2000000,none,pmcx,1942019898,3.6577597515288055e-09,0.004169279140320983,0.00020496860717386612,0,4.761042652253179e-08,0.005947255206067039,0.0002918809513103894,0,11.387721600243822,1.0045725200783395e-06,1.1492645747756316e-06,1.8704238106199284e-05,1.637102914757698e-05,
subject_00906_healthy,subject_00906,subject_00906,subject_00906_healthy.npz,0,complete,3.0,7.0,1.0,12.0,-1.0,-1.0,-1.0,-1.0,0.0,0.0,0.0,0.0,2000000,none,pmcx,2947769770,2.6850192659601456e-09,0.004107545292144438,0.00020330696454052188,0,2.862223731018502e-08,0.006422158515139243,0.00031984790767196217,0,11.578505400102586,1.0095889699393237e-06,8.803500468989933e-07,2.0076583399372162e-05,1.4820239801794765e-05,
subject_00906_hemorrhage,subject_00906,subject_00906,subject_00906_hemorrhage.npz,1,complete,3.0,7.0,1.0,12.0,43.0,56.0,21.0,20.0,5.0,6.0,5.0,613.0,2000000,none,pmcx,2947769770,1.7948337560294291e-09,0.0041242905788153395,0.000203753552594119,0,2.8639913499737484e-08,0.006420370669220886,0.0003199576711269013,0,11.57689330005087,1.0095889699393237e-06,8.803500468989933e-07,2.0076583399372162e-05,1.4820239801794765e-05,
subject_00907_healthy,subject_00907,subject_00907,subject_00907_healthy.npz,0,complete,2.0,5.0,1.0,9.0,-1.0,-1.0,-1.0,-1.0,0.0,0.0,0.0,0.0,2000000,none,pmcx,902727938,3.7313170026768325e-10,0.004168820130377415,0.00020389577868179114,0,1.902818112614959e-08,0.006194482697901574,0.00029820088532167804,0,12.049367600120604,7.990690583884907e-07,1.3183185112375013e-06,1.4204647381008476e-05,2.7987206223729216e-05,
subject_00907_hemorrhage,subject_00907,subject_00907,subject_00907_hemorrhage.npz,1,complete,2.0,5.0,1.0,9.0,29.0,49.0,16.0,15.0,5.0,6.0,5.0,613.0,2000000,none,pmcx,902727938,3.37700639935581e-09,0.00416549604150391,0.0002038531999241083,0,5.9062631202645634e-08,0.00619447830996725,0.0002977293914429348,0,12.119247799972072,7.990690583884907e-07,1.3183185112375013e-06,1.4204647381008476e-05,2.7987206223729216e-05,
subject_00908_healthy,subject_00908,subject_00908,subject_00908_healthy.npz,0,complete,2.0,7.0,1.0,11.0,-1.0,-1.0,-1.0,-1.0,0.0,0.0,0.0,0.0,2000000,none,pmcx,2872525765,2.399346846611291e-09,0.004348213368166971,0.0002137099243158646,0,3.605933326947396e-08,0.006456802552238161,0.0003175514471833563,0,11.493683899985626,1.108980847547556e-06,1.4469427464347444e-06,2.41095992990761e-05,1.9159989583477808e-05,
subject_00908_hemorrhage,subject_00908,subject_00908,subject_00908_hemorrhage.npz,1,complete,2.0,7.0,1.0,11.0,34.0,50.0,16.0,15.0,5.0,6.0,5.0,613.0,2000000,none,pmcx,2872525765,1.831038355656691e-09,0.004349326214570403,0.00021343752828132184,0,7.152681260911199e-09,0.0064439103744048185,0.00031673173090787004,0,11.497979500098154,1.108980847547556e-06,1.4469427464347444e-06,2.41095992990761e-05,1.9159989583477808e-05,
subject_00909_healthy,subject_00909,subject_00909,subject_00909_healthy.npz,0,complete,2.0,7.0,2.0,12.0,-1.0,-1.0,-1.0,-1.0,0.0,0.0,0.0,0.0,2000000,none,pmcx,390495230,2.1898529059063106e-08,0.0041166669407867,0.0002057029499959357,0,8.850298289149562e-08,0.006392386052985127,0.0003134217247117028,0,10.974732299800962,8.888512841923518e-07,1.489893345277262e-06,2.7270502308050434e-05,6.468262969531492e-05,
subject_00909_hemorrhage,subject_00909,subject_00909,subject_00909_hemorrhage.npz,1,complete,2.0,7.0,2.0,12.0,35.0,25.0,20.0,19.0,7.0,6.0,5.0,877.0,2000000,none,pmcx,390495230,2.1889919158582028e-08,0.004116424877161872,0.00020543674326642435,0,8.826277309800563e-08,0.006388205789907468,0.0003125887012715398,0,10.98185780015774,8.888512841923518e-07,1.489893345277262e-06,2.7270502308050434e-05,6.468262969531492e-05,
subject_00910_healthy,subject_00910,subject_00910,subject_00910_healthy.npz,0,complete,3.0,7.0,2.0,13.0,-1.0,-1.0,-1.0,-1.0,0.0,0.0,0.0,0.0,2000000,none,pmcx,2937535060,1.1276840828424644e-08,0.004163182656335278,0.0002081740794443293,0,8.643162196625088e-08,0.006352766440361928,0.0003126225056954864,0,11.021980200661346,8.453185385846671e-07,1.256305369773569e-06,1.7984614528162267e-05,3.1090248863357116e-05,
subject_00910_hemorrhage,subject_00910,subject_00910,subject_00910_hemorrhage.npz,1,complete,3.0,7.0,2.0,13.0,43.0,57.0,17.0,16.0,6.0,5.0,4.0,491.0,2000000,none,pmcx,2937535060,1.706057686563013e-08,0.004152257007870635,0.00020817760511579963,0,8.662292242305728e-08,0.0063216761914985705,0.0003125729617451662,0,11.069999599829316,8.453185385846671e-07,1.256305369773569e-06,1.7984614528162267e-05,3.1090248863357116e-05,
subject_00911_healthy,subject_00911,subject_00911,subject_00911_healthy.npz,0,complete,2.0,7.0,1.0,11.0,-1.0,-1.0,-1.0,-1.0,0.0,0.0,0.0,0.0,2000000,none,pmcx,57255224,3.097697188907283e-09,0.004117991894822799,0.00020024265359470147,0,3.4272512782688184e-08,0.006367696973323951,0.00031167236287392235,0,11.862406200030819,7.61523252104201e-07,1.187513079641102e-06,1.5027266984361624e-05,2.3856328214002902e-05,
subject_00911_hemorrhage,subject_00911,subject_00911,subject_00911_hemorrhage.npz,1,complete,2.0,7.0,1.0,11.0,42.0,36.0,20.0,19.0,7.0,5.0,4.0,577.0,2000000,none,pmcx,57255224,2.9219815966095914e-09,0.004125103768354898,0.0002004977779092809,0,1.621562105064029e-08,0.006391553301537954,0.0003114682477854037,0,11.92332210065797,7.61523252104201e-07,1.187513079641102e-06,1.5027266984361624e-05,2.3856328214002902e-05,
subject_00912_healthy,subject_00912,subject_00912,subject_00912_healthy.npz,0,complete,2.0,6.0,2.0,11.0,-1.0,-1.0,-1.0,-1.0,0.0,0.0,0.0,0.0,2000000,none,pmcx,429296800,5.200274576931375e-08,0.00411138170079742,0.0002011691641038217,0,2.8681958560891313e-08,0.006264696867231217,0.00030776330476114065,0,11.131893699755892,8.37210494881113e-07,1.5107582500340312e-06,1.729821423737698e-05,3.205041210650912e-05,
subject_00912_hemorrhage,subject_00912,subject_00912,subject_00912_hemorrhage.npz,1,complete,2.0,6.0,2.0,11.0,36.0,24.0,17.0,16.0,7.0,6.0,4.0,671.0,2000000,none,pmcx,429296800,6.428722154469658e-09,0.004106894176345561,0.0002007323516405278,0,4.850620589739701e-08,0.006275539825218373,0.0003073344802002376,0,11.099698600592092,8.37210494881113e-07,1.5107582500340312e-06,1.729821423737698e-05,3.205041210650912e-05,
subject_00913_healthy,subject_00913,subject_00913,subject_00913_healthy.npz,0,complete,3.0,6.0,2.0,12.0,-1.0,-1.0,-1.0,-1.0,0.0,0.0,0.0,0.0,2000000,none,pmcx,3812902905,6.822929275808349e-09,0.003964046292603289,0.00019333309771000384,0,1.0828550809011787e-07,0.006241532575015714,0.0003080438866347511,0,11.094224700005725,1.0704133400236687e-06,1.4988121411347537e-06,5.4422250210593714e-05,2.9099311828835635e-05,
subject_00913_hemorrhage,subject_00913,subject_00913,subject_00913_hemorrhage.npz,1,complete,3.0,6.0,2.0,12.0,46.0,30.0,21.0,20.0,6.0,5.0,5.0,613.0,2000000,none,pmcx,3812902905,1.7161352316236515e-08,0.003963060168451948,0.00019287603585346796,0,1.478836928666149e-07,0.006261306548448049,0.00030818504656502575,0,11.046627100091428,1.0704133400236687e-06,1.4988121411347537e-06,5.4422250210593714e-05,2.9099311828835635e-05,
subject_00914_healthy,subject_00914,subject_00914,subject_00914_healthy.npz,0,complete,3.0,6.0,1.0,11.0,-1.0,-1.0,-1.0,-1.0,0.0,0.0,0.0,0.0,2000000,none,pmcx,3296676471,3.9694299454077004e-09,0.003910545866327849,0.00019431135440099438,0,1.8738912431981335e-08,0.006174919235952426,0.00030815729511093464,0,11.771046600071713,6.361951665981537e-07,2.0030152321733172e-06,1.3908748362088854e-05,4.8706126281076664e-05,
subject_00914_hemorrhage,subject_00914,subject_00914,subject_00914_hemorrhage.npz,1,complete,3.0,6.0,1.0,11.0,38.0,46.0,18.0,17.0,6.0,5.0,5.0,613.0,2000000,none,pmcx,3296676471,3.3844517990691e-09,0.003911679661049171,0.00019455431286800548,0,2.9380454601672686e-09,0.006185162572016286,0.0003076636773945761,0,11.746725399279967,6.361951665981537e-07,2.0030152321733172e-06,1.3908748362088854e-05,4.8706126281076664e-05,
subject_00915_healthy,subject_00915,subject_00915,subject_00915_healthy.npz,0,complete,3.0,7.0,1.0,12.0,-1.0,-1.0,-1.0,-1.0,0.0,0.0,0.0,0.0,2000000,none,pmcx,2829415175,3.3433076756649196e-10,0.003990743810337673,0.0001993223394989501,0,4.782025667791181e-08,0.005961184066743296,0.00028997795719813485,0,11.934919100254774,7.414149336057736e-07,8.872840056324948e-07,2.6487768835880762e-05,1.6688289297991975e-05,
subject_00915_hemorrhage,subject_00915,subject_00915,subject_00915_hemorrhage.npz,1,complete,3.0,7.0,1.0,12.0,39.0,51.0,20.0,19.0,5.0,6.0,4.0,491.0,2000000,none,pmcx,2829415175,5.633767651605103e-10,0.0039998884388213,0.00019928566947597737,0,1.5292132848191425e-08,0.005962467934335616,0.00028969131477024645,0,11.91542540001683,7.414149336057736e-07,8.872840056324948e-07,2.6487768835880762e-05,1.6688289297991975e-05,
subject_00916_healthy,subject_00916,subject_00916,subject_00916_healthy.npz,0,complete,2.0,7.0,2.0,12.0,-1.0,-1.0,-1.0,-1.0,0.0,0.0,0.0,0.0,2000000,none,pmcx,2977372591,1.2937034541374755e-08,0.00402928642500754,0.0001972792602503236,0,1.3832293309869467e-07,0.006282490735135856,0.00030155101852641353,0,11.18819969985634,6.421221699091733e-07,1.2342262276780259e-06,1.6500916829627864e-05,2.5840239112514575e-05,
subject_00916_hemorrhage,subject_00916,subject_00916,subject_00916_hemorrhage.npz,1,complete,2.0,7.0,2.0,12.0,29.0,57.0,20.0,19.0,6.0,5.0,4.0,491.0,2000000,none,pmcx,2977372591,1.3771191907213431e-08,0.004034493059675812,0.00019748160555504453,0,1.542743806897957e-07,0.006256650496023341,0.0003017121625362777,0,11.168383799958974,6.421221699091733e-07,1.2342262276780259e-06,1.6500916829627864e-05,2.5840239112514575e-05,
subject_00917_healthy,subject_00917,subject_00917,subject_00917_healthy.npz,0,complete,2.0,7.0,1.0,11.0,-1.0,-1.0,-1.0,-1.0,0.0,0.0,0.0,0.0,2000000,none,pmcx,4108516567,3.071983291011642e-09,0.0041515356109529545,0.00020574670474882742,0,3.044667551795554e-08,0.006526348002692027,0.00031805193708206984,0,11.840275699971244,9.545641818703197e-07,1.3667743286876042e-06,2.2129695749551577e-05,1.4927532639385913e-05,
subject_00917_hemorrhage,subject_00917,subject_00917,subject_00917_hemorrhage.npz,1,complete,2.0,7.0,1.0,11.0,37.0,40.0,18.0,17.0,7.0,6.0,5.0,877.0,2000000,none,pmcx,4108516567,5.893503426176175e-10,0.004139286367029929,0.00020563625468721547,0,2.9035277193557872e-08,0.006525409007353147,0.0003180285493185696,0,11.826521300012246,9.545641818703197e-07,1.3667743286876042e-06,2.2129695749551577e-05,1.4927532639385913e-05,
subject_00918_healthy,subject_00918,subject_00918,subject_00918_healthy.npz,0,complete,3.0,6.0,1.0,11.0,-1.0,-1.0,-1.0,-1.0,0.0,0.0,0.0,0.0,2000000,none,pmcx,782275196,2.175888887564945e-10,0.004025832432408956,0.00019619333146947968,0,1.0231030490652185e-09,0.00618881670506862,0.00030658933881755774,0,11.936597400112078,6.5447866448317e-07,1.2551949114450414e-06,1.2607371122085737e-05,1.9399779195139423e-05,
subject_00918_hemorrhage,subject_00918,subject_00918,subject_00918_hemorrhage.npz,1,complete,3.0,6.0,1.0,11.0,41.0,29.0,18.0,17.0,6.0,6.0,5.0,739.0,2000000,none,pmcx,782275196,3.959370226805877e-10,0.00402793158848707,0.00019612990953318175,0,2.2598061401640697e-09,0.006179234162260539,0.00030593763480960174,0,11.954442499903962,6.5447866448317e-07,1.2551949114450414e-06,1.2607371122085737e-05,1.9399779195139423e-05,
subject_00919_healthy,subject_00919,subject_00919,subject_00919_healthy.npz,0,complete,2.0,7.0,2.0,12.0,-1.0,-1.0,-1.0,-1.0,0.0,0.0,0.0,0.0,2000000,none,pmcx,2757984968,2.134713284935764e-08,0.004169172768032928,0.0002035441934716591,0,9.78375066959694e-08,0.006405515981936502,0.00031487588847058795,0,10.90771809965372,8.712220040955219e-07,1.4580772687428697e-06,3.088169694498259e-05,3.446973527500112e-05,
subject_00919_hemorrhage,subject_00919,subject_00919,subject_00919_hemorrhage.npz,1,complete,2.0,7.0,2.0,12.0,48.0,41.0,19.0,18.0,7.0,7.0,4.0,805.0,2000000,none,pmcx,2757984968,2.1530231817561365e-08,0.004166878154960859,0.00020316118897034376,0,1.23970737046231e-07,0.006439985717211503,0.00031521542374780885,0,11.00067440024577,8.712220040955219e-07,1.4580772687428697e-06,3.088169694498259e-05,3.446973527500112e-05,
subject_00920_healthy,subject_00920,subject_00920,subject_00920_healthy.npz,0,complete,2.0,6.0,2.0,11.0,-1.0,-1.0,-1.0,-1.0,0.0,0.0,0.0,0.0,2000000,none,pmcx,349451151,1.3818641790327945e-08,0.00416953584796568,0.0002036165991727726,0,8.488534746554524e-08,0.006366978120918641,0.0003081100971917761,0,11.294050900032744,9.870032725431663e-07,1.5550280467097247e-06,2.4031431066666616e-05,3.390931126159933e-05,
subject_00920_hemorrhage,subject_00920,subject_00920,subject_00920_hemorrhage.npz,1,complete,2.0,6.0,2.0,11.0,41.0,30.0,20.0,19.0,7.0,7.0,4.0,805.0,2000000,none,pmcx,349451151,1.768140088264809e-08,0.004177967859748284,0.00020384724331723317,0,1.0265170228847063e-07,0.006382184372590415,0.0003084199636560333,0,11.339601999381557,9.870032725431663e-07,1.5550280467097247e-06,2.4031431066666616e-05,3.390931126159933e-05,
subject_00921_healthy,subject_00921,subject_00921,subject_00921_healthy.npz,0,complete,3.0,5.0,1.0,10.0,-1.0,-1.0,-1.0,-1.0,0.0,0.0,0.0,0.0,2000000,none,pmcx,2308124260,9.685600359601022e-10,0.003919374248210103,0.00019185694047781017,0,1.167453565125051e-08,0.006145034207364421,0.00029663830480807424,0,11.665645499248058,1.0297004434047844e-06,1.8523909089995653e-06,2.7571566157502496e-05,6.381871604316854e-05,
subject_00921_hemorrhage,subject_00921,subject_00921,subject_00921_hemorrhage.npz,1,complete,3.0,5.0,1.0,10.0,45.0,29.0,17.0,16.0,7.0,7.0,5.0,1023.0,2000000,none,pmcx,2308124260,1.3038473321388286e-10,0.003909192228380839,0.00019145855287124188,0,1.1557277097277452e-08,0.006135722871622634,0.00029709934165094934,0,11.602421499788761,1.0297004434047844e-06,1.8523909089995653e-06,2.7571566157502496e-05,6.381871604316854e-05,
subject_00922_healthy,subject_00922,subject_00922,subject_00922_healthy.npz,0,complete,3.0,6.0,2.0,12.0,-1.0,-1.0,-1.0,-1.0,0.0,0.0,0.0,0.0,2000000,none,pmcx,759103590,5.1190983394378045e-09,0.003915430478077584,0.00018981884232104274,0,2.159525527432134e-07,0.006255088680265158,0.0003109868549256242,0,11.222940500127152,1.006086327270001e-06,1.4391613591289047e-06,2.884447694547843e-05,2.2936465701102124e-05,
subject_00922_hemorrhage,subject_00922,subject_00922,subject_00922_hemorrhage.npz,1,complete,3.0,6.0,2.0,12.0,44.0,46.0,18.0,17.0,6.0,5.0,4.0,491.0,2000000,none,pmcx,759103590,5.115704380739379e-09,0.003902641467034709,0.00018975342362027376,0,1.847180542885775e-07,0.006232152214564056,0.00031048540469322196,0,11.215666700154543,1.006086327270001e-06,1.4391613591289047e-06,2.884447694547843e-05,2.2936465701102124e-05,
subject_00923_healthy,subject_00923,subject_00923,subject_00923_healthy.npz,0,complete,3.0,6.0,2.0,12.0,-1.0,-1.0,-1.0,-1.0,0.0,0.0,0.0,0.0,2000000,none,pmcx,2784622612,1.1942609196268933e-08,0.003927451183755688,0.00019298071316995277,0,1.5497402446019708e-07,0.006143752627576172,0.00030116984373817406,0,10.855895300162956,9.524014050472368e-07,1.3669940554639965e-06,3.1423472267695044e-05,2.6310700515013927e-05,
subject_00923_hemorrhage,subject_00923,subject_00923,subject_00923_hemorrhage.npz,1,complete,3.0,6.0,2.0,12.0,32.0,48.0,19.0,18.0,7.0,5.0,4.0,577.0,2000000,none,pmcx,2784622612,1.1991225793498675e-08,0.003947407976963362,0.00019346865138481078,0,1.5410644131111568e-07,0.006135644025122552,0.0003008811375945137,0,10.875481799943373,9.524014050472368e-07,1.3669940554639965e-06,3.1423472267695044e-05,2.6310700515013927e-05,
subject_00924_healthy,subject_00924,subject_00924,subject_00924_healthy.npz,0,complete,3.0,7.0,2.0,13.0,-1.0,-1.0,-1.0,-1.0,0.0,0.0,0.0,0.0,2000000,none,pmcx,1662582826,1.0725421082911329e-08,0.004010274638198343,0.00019827944780128901,0,7.548606642783447e-08,0.006301724313166785,0.000313683280056107,0,11.022384000010788,1.048315249386832e-06,1.5326665150214464e-06,2.3773590414094504e-05,3.6577909275556635e-05,
subject_00924_hemorrhage,subject_00924,subject_00924,subject_00924_hemorrhage.npz,1,complete,3.0,7.0,2.0,13.0,42.0,48.0,18.0,17.0,6.0,5.0,5.0,613.0,2000000,none,pmcx,1662582826,1.0730452508796655e-08,0.00400392262733184,0.00019849395548946326,0,7.251056759490963e-08,0.006316927668638503,0.0003141586716650346,0,10.980212899157777,1.048315249386832e-06,1.5326665150214464e-06,2.3773590414094504e-05,3.6577909275556635e-05,
subject_00925_healthy,subject_00925,subject_00925,subject_00925_healthy.npz,0,complete,2.0,6.0,1.0,10.0,-1.0,-1.0,-1.0,-1.0,0.0,0.0,0.0,0.0,2000000,none,pmcx,472914023,4.967026600463351e-09,0.004208209171278657,0.00020446941157298577,0,5.368795850074724e-09,0.006193482706400695,0.00030010117142513585,0,12.238450899487361,1.0274281352236082e-06,1.6635990973145485e-06,1.9994819982766107e-05,3.394532795164464e-05,
subject_00925_hemorrhage,subject_00925,subject_00925,subject_00925_hemorrhage.npz,1,complete,2.0,6.0,1.0,10.0,46.0,33.0,18.0,17.0,6.0,7.0,5.0,877.0,2000000,none,pmcx,472914023,4.9703305782356335e-09,0.004198129370132965,0.00020418759722717588,0,2.189772495851725e-08,0.006171253537365331,0.0002992121638738673,0,12.228315699845552,1.0274281352236082e-06,1.6635990973145485e-06,1.9994819982766107e-05,3.394532795164464e-05,
subject_00926_healthy,subject_00926,subject_00926,subject_00926_healthy.npz,0,complete,3.0,7.0,1.0,12.0,-1.0,-1.0,-1.0,-1.0,0.0,0.0,0.0,0.0,2000000,none,pmcx,3513284237,2.0869722388388733e-09,0.004256234300936928,0.0002113553726594914,0,3.4732108846840476e-08,0.006279360316678405,0.00031270266008454046,0,11.711276400601491,9.793720834786498e-07,1.1635901384644478e-06,2.2472915541361417e-05,1.2093597142740116e-05,
subject_00926_hemorrhage,subject_00926,subject_00926,subject_00926_hemorrhage.npz,1,complete,3.0,7.0,1.0,12.0,32.0,40.0,19.0,18.0,5.0,7.0,4.0,577.0,2000000,none,pmcx,3513284237,2.979708708178433e-09,0.004260142411646733,0.0002115341792600597,0,3.352235363657583e-08,0.006268067349723543,0.0003127701573896406,0,11.64181620022282,9.793720834786498e-07,1.1635901384644478e-06,2.2472915541361417e-05,1.2093597142740116e-05,
subject_00927_healthy,subject_00927,subject_00927,subject_00927_healthy.npz,0,complete,3.0,6.0,1.0,11.0,-1.0,-1.0,-1.0,-1.0,0.0,0.0,0.0,0.0,2000000,none,pmcx,3600006747,2.5143402841603655e-09,0.004168428551349155,0.00020810850797102173,0,7.171371771452905e-08,0.006316760517496665,0.0003099375192307251,0,11.6511084001977,8.691292214477826e-07,1.2482382052341307e-06,1.1055455535003431e-05,3.088435678101371e-05,
subject_00927_hemorrhage,subject_00927,subject_00927,subject_00927_hemorrhage.npz,1,complete,3.0,6.0,1.0,11.0,50.0,40.0,20.0,19.0,5.0,5.0,4.0,417.0,2000000,none,pmcx,3600006747,2.5300368008589992e-09,0.004166045239681576,0.00020814381401724038,0,9.381662386692364e-08,0.0063077758414625505,0.0003095586208090174,0,11.683188900118694,8.691292214477826e-07,1.2482382052341307e-06,1.1055455535003431e-05,3.088435678101371e-05,
subject_00928_healthy,subject_00928,subject_00928,subject_00928_healthy.npz,0,complete,3.0,7.0,2.0,13.0,-1.0,-1.0,-1.0,-1.0,0.0,0.0,0.0,0.0,2000000,none,pmcx,568680364,3.9371054241492125e-09,0.004015456573668363,0.00019687026516372597,0,1.4921185107627242e-07,0.0063250477732303715,0.00031783090572897366,0,10.782034199684858,8.442049244805455e-07,1.0040860761896025e-06,3.72704924071687e-05,3.8249406989081074e-05,
subject_00928_hemorrhage,subject_00928,subject_00928,subject_00928_hemorrhage.npz,1,complete,3.0,7.0,2.0,13.0,51.0,55.0,19.0,18.0,6.0,5.0,5.0,613.0,2000000,none,pmcx,568680364,1.5342696095687982e-09,0.0040140845084862984,0.00019735675783279623,0,9.314438314840694e-08,0.006318117537911233,0.0003179748397961444,0,10.792623000219464,8.442049244805455e-07,1.0040860761896025e-06,3.72704924071687e-05,3.8249406989081074e-05,
subject_00929_healthy,subject_00929,subject_00929,subject_00929_healthy.npz,0,complete,3.0,7.0,2.0,13.0,-1.0,-1.0,-1.0,-1.0,0.0,0.0,0.0,0.0,2000000,none,pmcx,850266962,1.1451135752366345e-09,0.004016020142766666,0.00019479767393867329,0,6.392472822663023e-08,0.006089310845676945,0.0003039607930852095,0,10.705133399693295,9.216442936233577e-07,1.49914895978239e-06,2.4736938205512874e-05,4.056344775323767e-05,
subject_00929_hemorrhage,subject_00929,subject_00929,subject_00929_hemorrhage.npz,1,complete,3.0,7.0,2.0,13.0,51.0,36.0,20.0,19.0,6.0,7.0,5.0,877.0,2000000,none,pmcx,850266962,1.1420845339615367e-09,0.004000793550812404,0.00019498325959945632,0,6.986585704329881e-08,0.0060937595241272804,0.00030426527289888834,0,10.718028099974617,9.216442936233577e-07,1.49914895978239e-06,2.4736938205512874e-05,4.056344775323767e-05,
subject_00930_healthy,subject_00930,subject_00930,subject_00930_healthy.npz,0,complete,2.0,6.0,2.0,11.0,-1.0,-1.0,-1.0,-1.0,0.0,0.0,0.0,0.0,2000000,none,pmcx,376483087,5.9511998945978925e-08,0.003980019441395777,0.00019327207043612295,0,2.254774288311256e-07,0.006153186728007356,0.0003033391167857074,0,11.539027300430462,7.085997890999167e-07,1.165148327998919e-06,1.6067936448856644e-05,2.4721718461114504e-05,
subject_00930_hemorrhage,subject_00930,subject_00930,subject_00930_hemorrhage.npz,1,complete,2.0,6.0,2.0,11.0,36.0,34.0,21.0,20.0,6.0,6.0,4.0,585.0,2000000,none,pmcx,376483087,5.75347785880594e-08,0.003976823238799501,0.00019345852777756794,0,1.4922090036555194e-07,0.006161989845468658,0.0003033904473649367,0,11.570609801216051,7.085997890999167e-07,1.165148327998919e-06,1.6067936448856644e-05,2.4721718461114504e-05,
subject_00931_healthy,subject_00931,subject_00931,subject_00931_healthy.npz,0,complete,3.0,6.0,1.0,11.0,-1.0,-1.0,-1.0,-1.0,0.0,0.0,0.0,0.0,2000000,none,pmcx,167374771,2.8351146453204217e-09,0.004092334888985249,0.0002013695526743619,0,6.6267870932277155e-09,0.006122488833078536,0.00030232337782526723,0,11.785996499704197,6.380129607055482e-07,1.1802691101218719e-06,1.6065087190757004e-05,2.6413116402568444e-05,
subject_00931_hemorrhage,subject_00931,subject_00931,subject_00931_hemorrhage.npz,1,complete,3.0,6.0,1.0,11.0,41.0,32.0,20.0,19.0,6.0,5.0,5.0,613.0,2000000,none,pmcx,167374771,2.813636703772707e-09,0.004082574258690456,0.00020128507257415322,0,4.197841607000376e-09,0.006139573936514917,0.0003023030865635138,0,11.80856760009192,6.380129607055482e-07,1.1802691101218719e-06,1.6065087190757004e-05,2.6413116402568444e-05,
subject_00932_healthy,subject_00932,subject_00932,subject_00932_healthy.npz,0,complete,3.0,6.0,2.0,12.0,-1.0,-1.0,-1.0,-1.0,0.0,0.0,0.0,0.0,2000000,none,pmcx,2878763970,5.127779876112173e-08,0.00399188696943718,0.0001950883427791005,0,1.7918467517496467e-07,0.005962748499393901,0.00029211772999788185,0,10.73396910005249,9.463151441856274e-07,1.2153875201491971e-06,3.901314562626632e-05,3.385938724345585e-05,
subject_00932_hemorrhage,subject_00932,subject_00932,subject_00932_hemorrhage.npz,1,complete,3.0,6.0,2.0,12.0,51.0,34.0,21.0,20.0,5.0,6.0,4.0,491.0,2000000,none,pmcx,2878763970,4.419620425548452e-08,0.003969986247461514,0.0001951901764408578,0,1.7880464622512265e-07,0.005957627825815579,0.0002921330293883335,0,10.667674799915403,9.463151441856274e-07,1.2153875201491971e-06,3.901314562626632e-05,3.385938724345585e-05,
subject_00933_healthy,subject_00933,subject_00933,subject_00933_healthy.npz,0,complete,3.0,6.0,1.0,11.0,-1.0,-1.0,-1.0,-1.0,0.0,0.0,0.0,0.0,2000000,none,pmcx,2635726843,3.7160620625659434e-10,0.0038727072322410983,0.00019005077723772084,0,2.4162252527691864e-08,0.006167753338490253,0.0003075425488227771,0,11.843398300232366,7.734625723593347e-07,1.822293807506125e-06,1.1517643841725978e-05,3.419580502843182e-05,
subject_00933_hemorrhage,subject_00933,subject_00933,subject_00933_hemorrhage.npz,1,complete,3.0,6.0,1.0,11.0,42.0,31.0,17.0,16.0,7.0,5.0,5.0,711.0,2000000,none,pmcx,2635726843,1.026763905585805e-10,0.003879999846756125,0.00018987734484675873,0,1.686180767944159e-08,0.006175624843917276,0.0003075979797461713,0,11.825530600035563,7.734625723593347e-07,1.822293807506125e-06,1.1517643841725978e-05,3.419580502843182e-05,
subject_00934_healthy,subject_00934,subject_00934,subject_00934_healthy.npz,0,complete,3.0,6.0,2.0,12.0,-1.0,-1.0,-1.0,-1.0,0.0,0.0,0.0,0.0,2000000,none,pmcx,1573475050,6.559216231985336e-09,0.003951148391194816,0.00019140275104269355,0,1.1530657243491616e-07,0.006104205027621583,0.00030054426708242603,0,11.20421850006096,9.738444625686361e-07,1.4804563870384476e-06,2.097342193896237e-05,2.094636021353867e-05,
subject_00934_hemorrhage,subject_00934,subject_00934,subject_00934_hemorrhage.npz,1,complete,3.0,6.0,2.0,12.0,46.0,55.0,19.0,18.0,7.0,7.0,5.0,1023.0,2000000,none,pmcx,1573475050,7.2059624382433595e-09,0.003943789805949517,0.00019120950067489056,0,1.1612550397459718e-07,0.006119760263887245,0.00030038384783380543,0,11.3118670003023,9.738444625686361e-07,1.4804563870384476e-06,2.097342193896237e-05,2.094636021353867e-05,
subject_00935_healthy,subject_00935,subject_00935,subject_00935_healthy.npz,0,complete,3.0,5.0,1.0,10.0,-1.0,-1.0,-1.0,-1.0,0.0,0.0,0.0,0.0,2000000,none,pmcx,3992809741,2.5919079447814323e-09,0.004184859030196424,0.00020691981284454825,0,2.9294263101877684e-08,0.006141146484965082,0.000299229628607415,0,11.743663999950513,1.1224024550925898e-06,1.6635132504072444e-06,2.3782238883262967e-05,1.9475522884233876e-05,
subject_00935_hemorrhage,subject_00935,subject_00935,subject_00935_hemorrhage.npz,1,complete,3.0,5.0,1.0,10.0,34.0,35.0,19.0,18.0,6.0,7.0,4.0,671.0,2000000,none,pmcx,3992809741,1.371595837532441e-10,0.004161076791313161,0.00020682546781514502,0,2.276179266105509e-08,0.006152138760339696,0.000299530960059259,0,11.769976699491963,1.1224024550925898e-06,1.6635132504072444e-06,2.3782238883262967e-05,1.9475522884233876e-05,
subject_00936_healthy,subject_00936,subject_00936,subject_00936_healthy.npz,0,complete,2.0,7.0,2.0,12.0,-1.0,-1.0,-1.0,-1.0,0.0,0.0,0.0,0.0,2000000,none,pmcx,560984128,2.3514868581185284e-08,0.00418156135731732,0.00020570483143248457,0,7.328782048797664e-08,0.0063307953215636,0.0003099050113255079,0,11.401089099235833,1.0692085960450292e-06,1.7011744009925551e-06,2.0890860578434874e-05,1.9967543964808168e-05,
subject_00936_hemorrhage,subject_00936,subject_00936,subject_00936_hemorrhage.npz,1,complete,2.0,7.0,2.0,12.0,35.0,38.0,17.0,16.0,6.0,7.0,5.0,877.0,2000000,none,pmcx,560984128,1.9551939121152687e-08,0.004163976070222478,0.000205588085262854,0,2.495738272005382e-08,0.006335334728741765,0.00030961497997067887,0,11.427392299519852,1.0692085960450292e-06,1.7011744009925551e-06,2.0890860578434874e-05,1.9967543964808168e-05,
subject_00937_healthy,subject_00937,subject_00937,subject_00937_healthy.npz,0,complete,3.0,7.0,1.0,12.0,-1.0,-1.0,-1.0,-1.0,0.0,0.0,0.0,0.0,2000000,none,pmcx,156380031,2.099253603472247e-11,0.004092049199199181,0.0002000678662893714,0,1.4995841305794286e-08,0.006452804496634517,0.00031998696732892494,0,12.097172200214118,1.0927029056762652e-06,1.6190370868508162e-06,2.5396159112484485e-05,2.7094279256595355e-05,
subject_00937_hemorrhage,subject_00937,subject_00937,subject_00937_hemorrhage.npz,1,complete,3.0,7.0,1.0,12.0,45.0,34.0,19.0,18.0,6.0,5.0,4.0,491.0,2000000,none,pmcx,156380031,3.5786781955742803e-11,0.004075185519779865,0.00020001919748680952,0,1.0006015289901131e-08,0.006439347853330751,0.00031944137119654166,0,12.08449780009687,1.0927029056762652e-06,1.6190370868508162e-06,2.5396159112484485e-05,2.7094279256595355e-05,
subject_00938_healthy,subject_00938,subject_00938,subject_00938_healthy.npz,0,complete,2.0,7.0,1.0,11.0,-1.0,-1.0,-1.0,-1.0,0.0,0.0,0.0,0.0,2000000,none,pmcx,2892780920,2.3884318350068306e-09,0.00411354139200511,0.0001991694722455969,0,3.702148440435641e-08,0.0064561211322198405,0.00030971687763851744,0,11.600205899681896,7.642157612917109e-07,1.0746744872732998e-06,2.8702260044991858e-05,2.0696240985527276e-05,
subject_00938_hemorrhage,subject_00938,subject_00938,subject_00938_hemorrhage.npz,1,complete,2.0,7.0,1.0,11.0,35.0,51.0,21.0,20.0,6.0,5.0,4.0,491.0,2000000,none,pmcx,2892780920,2.4524664567520334e-09,0.004142243652050102,0.0001994188952451768,0,3.700140811962636e-08,0.00644007990576996,0.00031009481501606605,0,11.69183100038208,7.642157612917109e-07,1.0746744872732998e-06,2.8702260044991858e-05,2.0696240985527276e-05,
subject_00939_healthy,subject_00939,subject_00939,subject_00939_healthy.npz,0,complete,3.0,7.0,1.0,12.0,-1.0,-1.0,-1.0,-1.0,0.0,0.0,0.0,0.0,2000000,none,pmcx,3329004377,4.490762298096135e-09,0.0039858224042546245,0.00019912526275485517,0,3.2800872180248395e-08,0.006189797346618404,0.0003099823150411836,0,11.860016599996015,1.3949857031167623e-06,1.1345809371847719e-06,6.348369409068296e-05,2.2002213707641126e-05,
subject_00939_hemorrhage,subject_00939,subject_00939,subject_00939_hemorrhage.npz,1,complete,3.0,7.0,1.0,12.0,46.0,57.0,19.0,18.0,7.0,5.0,5.0,711.0,2000000,none,pmcx,3329004377,3.979269979393411e-09,0.003990408830742422,0.00019938429586657943,0,3.280285183250425e-08,0.006208974165030029,0.0003101880474997109,0,11.870211699977517,1.3949857031167623e-06,1.1345809371847719e-06,6.348369409068296e-05,2.2002213707641126e-05,
subject_00940_healthy,subject_00940,subject_00940,subject_00940_healthy.npz,0,complete,2.0,5.0,1.0,9.0,-1.0,-1.0,-1.0,-1.0,0.0,0.0,0.0,0.0,2000000,none,pmcx,429367411,2.4195504185955307e-09,0.003945299400392584,0.00019014104691181908,0,1.5038209432761963e-08,0.006186802776047608,0.0002971301854894766,0,12.143792300485075,9.498479838178428e-07,1.2849710740684638e-06,2.980739047004407e-05,2.5818656598815617e-05,
subject_00940_hemorrhage,subject_00940,subject_00940,subject_00940_hemorrhage.npz,1,complete,2.0,5.0,1.0,9.0,50.0,53.0,21.0,20.0,7.0,6.0,5.0,877.0,2000000,none,pmcx,429367411,4.91929425979875e-11,0.003960321860107868,0.00018988328177058897,0,1.5038262331555952e-08,0.006160984119448792,0.00029685190619153245,0,12.123691300163046,9.498479838178428e-07,1.2849710740684638e-06,2.980739047004407e-05,2.5818656598815617e-05,
subject_00941_healthy,subject_00941,subject_00941,subject_00941_healthy.npz,0,complete,3.0,6.0,1.0,11.0,-1.0,-1.0,-1.0,-1.0,0.0,0.0,0.0,0.0,2000000,none,pmcx,826064219,9.127426817157307e-10,0.003958037191954392,0.00019645564213255218,0,1.1539800645353051e-08,0.0062531584678344465,0.00030285731973537383,0,12.193122900323942,5.63400815091049e-07,1.0938861775637902e-06,9.339172081658086e-06,3.232631561298719e-05,
subject_00941_hemorrhage,subject_00941,subject_00941,subject_00941_hemorrhage.npz,1,complete,3.0,6.0,1.0,11.0,48.0,38.0,21.0,20.0,5.0,5.0,4.0,417.0,2000000,none,pmcx,826064219,3.353404354102698e-10,0.0039588354284917976,0.0001964073463022574,0,1.2151923091342143e-08,0.006285484783447434,0.0003034508044747809,0,12.226363499648869,5.63400815091049e-07,1.0938861775637902e-06,9.339172081658086e-06,3.232631561298719e-05,
subject_00942_healthy,subject_00942,subject_00942,subject_00942_healthy.npz,0,complete,3.0,6.0,2.0,12.0,-1.0,-1.0,-1.0,-1.0,0.0,0.0,0.0,0.0,2000000,none,pmcx,3359963521,5.7671958265681256e-08,0.004111191644376025,0.00020828383232356364,0,1.1546316964255362e-07,0.006088082248859462,0.00030059540034398715,0,11.106781600276008,8.415909651329141e-07,1.3959054427863889e-06,4.1597380178583915e-05,3.0859168079636415e-05,
subject_00942_hemorrhage,subject_00942,subject_00942,subject_00942_hemorrhage.npz,1,complete,3.0,6.0,2.0,12.0,31.0,55.0,18.0,17.0,5.0,6.0,4.0,491.0,2000000,none,pmcx,3359963521,1.601232597401801e-08,0.004152789024554609,0.0002085287113476284,0,1.3035974997012753e-07,0.006118941416939099,0.0003011815170635871,0,11.121507200179622,8.415909651329141e-07,1.3959054427863889e-06,4.1597380178583915e-05,3.0859168079636415e-05,
subject_00943_healthy,subject_00943,subject_00943,subject_00943_healthy.npz,0,complete,2.0,5.0,1.0,9.0,-1.0,-1.0,-1.0,-1.0,0.0,0.0,0.0,0.0,2000000,none,pmcx,3018821801,5.063427229825878e-09,0.003922076684918841,0.00019131763130937713,0,8.463341133290816e-08,0.006342776936850802,0.0003117228447929172,0,11.878943799296394,1.1239649426209764e-06,9.879622032056561e-07,3.615545700944196e-05,1.9759193895824145e-05,
subject_00943_hemorrhage,subject_00943,subject_00943,subject_00943_hemorrhage.npz,1,complete,2.0,5.0,1.0,9.0,50.0,51.0,19.0,18.0,5.0,7.0,5.0,711.0,2000000,none,pmcx,3018821801,5.068506124700743e-09,0.0039238494634022715,0.0001911042507443567,0,7.502144981121936e-08,0.006362536130746626,0.0003119206349825294,0,11.939863099716604,1.1239649426209764e-06,9.879622032056561e-07,3.615545700944196e-05,1.9759193895824145e-05,
subject_00944_healthy,subject_00944,subject_00944,subject_00944_healthy.npz,0,complete,3.0,6.0,1.0,11.0,-1.0,-1.0,-1.0,-1.0,0.0,0.0,0.0,0.0,2000000,none,pmcx,3297540869,2.111647820739706e-09,0.004173935649789422,0.00020572216146344898,0,3.744193751675666e-08,0.006482643577325347,0.00031951268720737866,0,12.070419799769297,8.574264549036305e-07,1.3878789570630587e-06,1.7346670300917967e-05,6.643688128057414e-05,
subject_00944_hemorrhage,subject_00944,subject_00944,subject_00944_hemorrhage.npz,1,complete,3.0,6.0,1.0,11.0,39.0,48.0,20.0,19.0,6.0,5.0,5.0,613.0,2000000,none,pmcx,3297540869,1.7141111897922167e-09,0.004165844864475053,0.00020553312255403152,0,3.6416091039164705e-08,0.006432061933123655,0.0003187779582642229,0,12.155087399994954,8.574264549036305e-07,1.3878789570630587e-06,1.7346670300917967e-05,6.643688128057414e-05,
subject_00945_healthy,subject_00945,subject_00945,subject_00945_healthy.npz,0,complete,3.0,6.0,1.0,11.0,-1.0,-1.0,-1.0,-1.0,0.0,0.0,0.0,0.0,2000000,none,pmcx,639899997,2.4023427375102893e-09,0.004132409905385481,0.0002066058740641414,0,1.4118021478316929e-08,0.0061250350941868086,0.00030654844474758936,0,11.41910620010458,1.0534399675324578e-06,1.8831409230224698e-06,2.356505453173733e-05,4.672745676748309e-05,
subject_00945_hemorrhage,subject_00945,subject_00945,subject_00945_hemorrhage.npz,1,complete,3.0,6.0,1.0,11.0,38.0,41.0,20.0,19.0,7.0,6.0,4.0,671.0,2000000,none,pmcx,639899997,3.691747196325562e-09,0.004145465740029087,0.0002070312061189336,0,1.0350049657284847e-08,0.006164534997536835,0.0003069427974690497,0,11.42517840047367,1.0534399675324578e-06,1.8831409230224698e-06,2.356505453173733e-05,4.672745676748309e-05,
subject_00946_healthy,subject_00946,subject_00946,subject_00946_healthy.npz,0,complete,2.0,6.0,1.0,10.0,-1.0,-1.0,-1.0,-1.0,0.0,0.0,0.0,0.0,2000000,none,pmcx,2360190214,1.3736683320891824e-09,0.004168338421578121,0.00020479116444562195,0,6.859975812358735e-08,0.006268343283144489,0.00030537484624630607,0,11.571683699963614,8.563046315631244e-07,1.4390229667456797e-06,1.4036792591902523e-05,3.245402215348598e-05,
subject_00946_hemorrhage,subject_00946,subject_00946,subject_00946_hemorrhage.npz,1,complete,2.0,6.0,1.0,10.0,40.0,51.0,20.0,19.0,5.0,6.0,4.0,491.0,2000000,none,pmcx,2360190214,1.8163058830219955e-09,0.004162192931354001,0.00020445920861648955,0,5.279474231650572e-08,0.006280337246122591,0.00030508492094966316,0,11.561214900575578,8.563046315631244e-07,1.4390229667456797e-06,1.4036792591902523e-05,3.245402215348598e-05,
subject_00947_healthy,subject_00947,subject_00947,subject_00947_healthy.npz,0,complete,2.0,7.0,1.0,11.0,-1.0,-1.0,-1.0,-1.0,0.0,0.0,0.0,0.0,2000000,none,pmcx,1807599450,4.594590095753263e-09,0.004018208820466571,0.00019955092331844535,0,3.130757582138427e-08,0.006397467842792601,0.000314614719660547,0,11.474947700509802,1.0055037298508254e-06,1.4723498243449973e-06,2.1582832123679015e-05,3.0344808991091855e-05,
subject_00947_hemorrhage,subject_00947,subject_00947,subject_00947_hemorrhage.npz,1,complete,2.0,7.0,1.0,11.0,37.0,32.0,17.0,16.0,5.0,7.0,5.0,711.0,2000000,none,pmcx,1807599450,1.1188416404893888e-10,0.004008421544464865,0.00019957101363223985,0,1.8466789750481493e-08,0.00636921503353123,0.00031483166243157716,0,11.542105899890885,1.0055037298508254e-06,1.4723498243449973e-06,2.1582832123679015e-05,3.0344808991091855e-05,
subject_00948_healthy,subject_00948,subject_00948,subject_00948_healthy.npz,0,complete,3.0,5.0,2.0,11.0,-1.0,-1.0,-1.0,-1.0,0.0,0.0,0.0,0.0,2000000,none,pmcx,2456262317,1.6549226959461428e-08,0.003929477383599726,0.00019412843015354777,0,1.428412721779729e-07,0.005940532165761662,0.0002855615631842764,0,11.335104699479416,1.0005060914835565e-06,9.891772871152743e-07,2.08456762198694e-05,1.868551063995052e-05,
subject_00948_hemorrhage,subject_00948,subject_00948,subject_00948_hemorrhage.npz,1,complete,3.0,5.0,2.0,11.0,34.0,36.0,19.0,18.0,6.0,7.0,4.0,671.0,2000000,none,pmcx,2456262317,2.2030505478111e-08,0.003915326030225619,0.00019349666567856889,0,1.860931002552062e-07,0.0059433835018433395,0.0002857105652379703,0,11.3608927000314,1.0005060914835565e-06,9.891772871152743e-07,2.08456762198694e-05,1.868551063995052e-05,
subject_00949_healthy,subject_00949,subject_00949,subject_00949_healthy.npz,0,complete,3.0,6.0,2.0,12.0,-1.0,-1.0,-1.0,-1.0,0.0,0.0,0.0,0.0,2000000,none,pmcx,3143580452,1.8423672437160588e-08,0.00387664243090326,0.00018878219367924283,0,6.595776972072315e-08,0.006144178122600999,0.0003042627871546846,0,11.174216400366277,9.103098547135781e-07,1.3702596123529377e-06,2.2353368151107385e-05,2.609613993337454e-05,
subject_00949_hemorrhage,subject_00949,subject_00949,subject_00949_hemorrhage.npz,1,complete,3.0,6.0,2.0,12.0,39.0,32.0,20.0,19.0,5.0,6.0,5.0,613.0,2000000,none,pmcx,3143580452,1.729791013094949e-08,0.0038755240729809646,0.0001886298512742572,0,8.305450362968392e-08,0.0061702742625343735,0.00030440503632101244,0,11.1777195003815,9.103098547135781e-07,1.3702596123529377e-06,2.2353368151107385e-05,2.609613993337454e-05,
subject_00950_healthy,subject_00950,subject_00950,subject_00950_healthy.npz,0,complete,2.0,6.0,1.0,10.0,-1.0,-1.0,-1.0,-1.0,0.0,0.0,0.0,0.0,2000000,none,pmcx,4025354664,2.7564513717357543e-10,0.0040829608211845345,0.00019787492627362457,0,8.82393197482906e-09,0.00645350699876519,0.0003133112281971082,0,11.962552200304344,8.820196879695242e-07,1.8095592144701601e-06,2.3260215674458752e-05,4.5807261158534174e-05,
subject_00950_hemorrhage,subject_00950,subject_00950,subject_00950_hemorrhage.npz,1,complete,2.0,6.0,1.0,10.0,39.0,35.0,16.0,15.0,7.0,6.0,5.0,877.0,2000000,none,pmcx,4025354664,2.7161344331250564e-10,0.004066668602560991,0.00019739966198024524,0,6.8255036781042885e-09,0.006448082659336232,0.0003126389950017224,0,11.975843300111592,8.820196879695242e-07,1.8095592144701601e-06,2.3260215674458752e-05,4.5807261158534174e-05,
subject_00951_healthy,subject_00951,subject_00951,subject_00951_healthy.npz,0,complete,2.0,6.0,1.0,10.0,-1.0,-1.0,-1.0,-1.0,0.0,0.0,0.0,0.0,2000000,none,pmcx,2752576755,9.654437533924922e-10,0.004153672884733504,0.00020474002758172764,0,6.143412468317218e-08,0.006350348429581362,0.000311484925858878,0,12.0167264000047,9.160010473081614e-07,1.5565206150397972e-06,2.141876407144765e-05,2.9385557620955748e-05,
subject_00951_hemorrhage,subject_00951,subject_00951,subject_00951_hemorrhage.npz,1,complete,2.0,6.0,1.0,10.0,42.0,46.0,20.0,19.0,5.0,6.0,5.0,613.0,2000000,none,pmcx,2752576755,2.455544136361914e-09,0.004141890873790599,0.0002045852783258367,0,5.6530153971036555e-08,0.0063383884909938,0.0003117153523911692,0,11.99255510000512,9.160010473081614e-07,1.5565206150397972e-06,2.141876407144765e-05,2.9385557620955748e-05,
subject_00952_healthy,subject_00952,subject_00952,subject_00952_healthy.npz,0,complete,3.0,6.0,2.0,12.0,-1.0,-1.0,-1.0,-1.0,0.0,0.0,0.0,0.0,2000000,none,pmcx,1791216608,2.7017984031459048e-08,0.003896267967434196,0.00018908333426515016,0,1.1298769618343646e-07,0.006230314141615218,0.000311280411100941,0,11.042095800163224,8.187386417172471e-07,1.3932339671887718e-06,3.123223822610157e-05,2.7898566692217616e-05,
subject_00952_hemorrhage,subject_00952,subject_00952,subject_00952_hemorrhage.npz,1,complete,3.0,6.0,2.0,12.0,49.0,39.0,16.0,15.0,5.0,7.0,4.0,577.0,2000000,none,pmcx,1791216608,2.592100118365933e-08,0.003880057458215782,0.00018864426209819533,0,7.095135354857183e-08,0.0062435545199577315,0.0003111815797335418,0,11.026402799645439,8.187386417172471e-07,1.3932339671887718e-06,3.123223822610157e-05,2.7898566692217616e-05,
subject_00953_healthy,subject_00953,subject_00953,subject_00953_healthy.npz,0,complete,2.0,7.0,2.0,12.0,-1.0,-1.0,-1.0,-1.0,0.0,0.0,0.0,0.0,2000000,none,pmcx,3449494611,2.1434075885422746e-08,0.003974051028573952,0.00019456950365293835,0,3.4769235831081354e-07,0.006327301581192807,0.00031141847081533165,0,11.221644099568948,1.0263636091858332e-06,1.507607524428993e-06,2.6190484464493416e-05,3.501213324727092e-05,
subject_00953_hemorrhage,subject_00953,subject_00953,subject_00953_hemorrhage.npz,1,complete,2.0,7.0,2.0,12.0,44.0,33.0,21.0,20.0,7.0,5.0,5.0,711.0,2000000,none,pmcx,3449494611,2.021897833045047e-08,0.003948465889825929,0.00019471077088858898,0,2.423193605156198e-07,0.006335520165983906,0.0003114540439430592,0,11.210104200057685,1.0263636091858332e-06,1.507607524428993e-06,2.6190484464493416e-05,3.501213324727092e-05,
subject_00954_healthy,subject_00954,subject_00954,subject_00954_healthy.npz,0,complete,3.0,7.0,2.0,13.0,-1.0,-1.0,-1.0,-1.0,0.0,0.0,0.0,0.0,2000000,none,pmcx,2893566148,1.5017105982240527e-08,0.0040591214720297995,0.0002034646851267148,0,8.49652716458668e-08,0.006314733856329213,0.0003114231691936338,0,11.04558530007489,6.151977686400837e-07,1.2871778760761482e-06,1.3836727511438822e-05,3.63354163586526e-05,
subject_00954_hemorrhage,subject_00954,subject_00954,subject_00954_hemorrhage.npz,1,complete,3.0,7.0,2.0,13.0,42.0,39.0,20.0,19.0,5.0,5.0,4.0,417.0,2000000,none,pmcx,2893566148,1.4786580580611648e-08,0.004072958199541238,0.00020348810026988104,0,8.187008794178614e-08,0.006306906857812695,0.0003114758580356247,0,11.044237700290978,6.151977686400837e-07,1.2871778760761482e-06,1.3836727511438822e-05,3.63354163586526e-05,
subject_00955_healthy,subject_00955,subject_00955,subject_00955_healthy.npz,0,complete,3.0,6.0,1.0,11.0,-1.0,-1.0,-1.0,-1.0,0.0,0.0,0.0,0.0,2000000,none,pmcx,1879578174,3.4572533404002258e-09,0.003985366764831469,0.00019630469137812872,0,2.1594636837564643e-09,0.006085468320004549,0.00029716145767123836,0,11.946542600169778,8.061049323397865e-07,1.7464469264297414e-06,1.4231851474211417e-05,3.230856590513177e-05,
subject_00955_hemorrhage,subject_00955,subject_00955,subject_00955_hemorrhage.npz,1,complete,3.0,6.0,1.0,11.0,35.0,33.0,21.0,20.0,7.0,6.0,5.0,877.0,2000000,none,pmcx,1879578174,7.836083796492208e-10,0.003976604619053228,0.00019625553920757502,0,2.283162925354869e-09,0.006063594819292109,0.00029701093510476104,0,11.958118800306693,8.061049323397865e-07,1.7464469264297414e-06,1.4231851474211417e-05,3.230856590513177e-05,
subject_00956_healthy,subject_00956,subject_00956,subject_00956_healthy.npz,0,complete,2.0,5.0,2.0,10.0,-1.0,-1.0,-1.0,-1.0,0.0,0.0,0.0,0.0,2000000,none,pmcx,354438838,4.24479332515342e-08,0.00395755798727114,0.0001938615349243942,0,3.2684989128792907e-07,0.006308191638729014,0.00031291451553660296,0,11.044245099416003,1.23333260572729e-06,1.904115368761297e-06,3.08064891008826e-05,2.304415543270713e-05,
subject_00956_hemorrhage,subject_00956,subject_00956,subject_00956_hemorrhage.npz,1,complete,2.0,5.0,2.0,10.0,31.0,32.0,15.0,14.0,7.0,5.0,4.0,577.0,2000000,none,pmcx,354438838,2.395018069778447e-08,0.003969494007225531,0.00019380729140853012,0,1.9523977260858064e-07,0.006314913632659011,0.00031266696149497605,0,11.104563199914992,1.23333260572729e-06,1.904115368761297e-06,3.08064891008826e-05,2.304415543270713e-05,
subject_00957_healthy,subject_00957,subject_00957,subject_00957_healthy.npz,0,complete,2.0,7.0,2.0,12.0,-1.0,-1.0,-1.0,-1.0,0.0,0.0,0.0,0.0,2000000,none,pmcx,177507897,5.698799141494783e-09,0.004190598792402222,0.0002015154959854292,0,1.376306949808335e-07,0.006299076209087803,0.00030822333938434684,0,11.470876700012013,8.695256915245155e-07,1.5154039321912723e-06,3.3728712198513935e-05,2.9363258540959607e-05,
subject_00957_hemorrhage,subject_00957,subject_00957,subject_00957_hemorrhage.npz,1,complete,2.0,7.0,2.0,12.0,45.0,29.0,21.0,20.0,5.0,6.0,4.0,491.0,2000000,none,pmcx,177507897,5.732194361201898e-09,0.004201872460528556,0.00020175785220814284,0,1.2676857011097592e-07,0.006310830218234017,0.00030834279541444635,0,11.393574100220576,8.695256915245155e-07,1.5154039321912723e-06,3.3728712198513935e-05,2.9363258540959607e-05,
subject_00958_healthy,subject_00958,subject_00958,subject_00958_healthy.npz,0,complete,2.0,6.0,1.0,10.0,-1.0,-1.0,-1.0,-1.0,0.0,0.0,0.0,0.0,2000000,none,pmcx,1749622000,1.4055712813910624e-10,0.0041869579409208385,0.00020220182407434985,0,4.518681899981737e-09,0.00627701611671086,0.0003041436287573706,0,11.971355899935588,9.634693385762671e-07,1.2676080924813973e-06,3.768918097367922e-05,3.69234603261959e-05,
subject_00958_hemorrhage,subject_00958,subject_00958,subject_00958_hemorrhage.npz,1,complete,2.0,6.0,1.0,10.0,48.0,52.0,18.0,17.0,5.0,6.0,4.0,491.0,2000000,none,pmcx,1749622000,1.4055707500912143e-10,0.004177172507206449,0.00020201205529396407,0,4.524756459939777e-09,0.006280997697700217,0.0003038011748693973,0,11.99637859989889,9.634693385762671e-07,1.2676080924813973e-06,3.768918097367922e-05,3.69234603261959e-05,
subject_00959_healthy,subject_00959,subject_00959,subject_00959_healthy.npz,0,complete,3.0,7.0,1.0,12.0,-1.0,-1.0,-1.0,-1.0,0.0,0.0,0.0,0.0,2000000,none,pmcx,311075574,9.609152848002332e-10,0.004051126272324528,0.00019695354201801568,0,3.228125593623992e-08,0.00602859434184604,0.00029805328238317246,0,12.116567900171503,1.0410320841323245e-06,1.3725601460250991e-06,3.443023772338894e-05,5.836056966779333e-05,
subject_00959_hemorrhage,subject_00959,subject_00959,subject_00959_hemorrhage.npz,1,complete,3.0,7.0,1.0,12.0,38.0,56.0,21.0,20.0,6.0,5.0,5.0,613.0,2000000,none,pmcx,311075574,8.025008309398955e-10,0.0040510840633195214,0.0001967280648257823,0,3.255666276939531e-08,0.006015607807156127,0.00029858423071698573,0,12.110140800476074,1.0410320841323245e-06,1.3725601460250991e-06,3.443023772338894e-05,5.836056966779333e-05,
subject_00960_healthy,subject_00960,subject_00960,subject_00960_healthy.npz,0,complete,2.0,6.0,1.0,10.0,-1.0,-1.0,-1.0,-1.0,0.0,0.0,0.0,0.0,2000000,none,pmcx,371315007,7.831650356621187e-10,0.004117775559809325,0.00020164287827735018,0,5.0464382021944245e-08,0.0064597939239840795,0.00031244271272075005,0,11.939124499913305,6.497630878978324e-07,1.6157339164942643e-06,2.556322938806338e-05,7.221321539490223e-05,
subject_00960_hemorrhage,subject_00960,subject_00960,subject_00960_hemorrhage.npz,1,complete,2.0,6.0,1.0,10.0,46.0,57.0,18.0,17.0,5.0,5.0,5.0,515.0,2000000,none,pmcx,371315007,1.3813282629203474e-09,0.0041373470011428805,0.00020177110846059256,0,5.839086012350757e-08,0.006461012835217412,0.00031324370257652,0,12.000615799799562,6.497630878978324e-07,1.6157339164942643e-06,2.556322938806338e-05,7.221321539490223e-05,
subject_00961_healthy,subject_00961,subject_00961,subject_00961_healthy.npz,0,complete,2.0,6.0,2.0,11.0,-1.0,-1.0,-1.0,-1.0,0.0,0.0,0.0,0.0,2000000,none,pmcx,3870081198,9.926251971975968e-09,0.004310533142940902,0.00021107304137471481,0,2.18430657703609e-07,0.006288634041559366,0.0003087683389907194,0,11.00054610031657,1.1193646321661102e-06,1.293246815210898e-06,3.444237745956445e-05,1.3904523273313048e-05,
subject_00961_hemorrhage,subject_00961,subject_00961,subject_00961_hemorrhage.npz,1,complete,2.0,6.0,2.0,11.0,35.0,37.0,20.0,19.0,7.0,5.0,4.0,577.0,2000000,none,pmcx,3870081198,1.2015478835584738e-08,0.004293928960951572,0.00021079635991212324,0,2.1842360151080362e-07,0.0062882852929335735,0.0003086814383960403,0,11.039797100238502,1.1193646321661102e-06,1.293246815210898e-06,3.444237745956445e-05,1.3904523273313048e-05,
subject_00962_healthy,subject_00962,subject_00962,subject_00962_healthy.npz,0,complete,3.0,6.0,1.0,11.0,-1.0,-1.0,-1.0,-1.0,0.0,0.0,0.0,0.0,2000000,none,pmcx,962386536,2.0886882522824668e-09,0.004000529256225292,0.00019830293885787038,0,3.663963383098174e-09,0.0062325241940138,0.00030578685695072875,0,11.883718899451196,8.309323572689419e-07,1.2391301977075477e-06,2.0023971197333148e-05,2.5709971317964923e-05,
subject_00962_hemorrhage,subject_00962,subject_00962,subject_00962_hemorrhage.npz,1,complete,3.0,6.0,1.0,11.0,42.0,38.0,20.0,19.0,7.0,5.0,4.0,577.0,2000000,none,pmcx,962386536,9.652262207731673e-10,0.004014194034935621,0.00019857798735980353,0,4.710538230280954e-09,0.006239777610214606,0.0003054110775970877,0,11.907374100061134,8.309323572689419e-07,1.2391301977075477e-06,2.0023971197333148e-05,2.5709971317964923e-05,
subject_00963_healthy,subject_00963,subject_00963,subject_00963_healthy.npz,0,complete,3.0,6.0,1.0,11.0,-1.0,-1.0,-1.0,-1.0,0.0,0.0,0.0,0.0,2000000,none,pmcx,810713721,2.3024145269102077e-09,0.00411073563300949,0.00020259342236963012,0,2.8561977862339343e-08,0.0061313714152494685,0.0003000116169751232,0,11.570368100656196,1.0033753503154382e-06,2.145378801535568e-06,1.8549029043798265e-05,3.696102494957958e-05,
subject_00963_hemorrhage,subject_00963,subject_00963,subject_00963_hemorrhage.npz,1,complete,3.0,6.0,1.0,11.0,40.0,32.0,16.0,15.0,6.0,7.0,4.0,671.0,2000000,none,pmcx,810713721,2.2932976005070278e-09,0.004097852135429699,0.00020211959409860165,0,1.873018163202255e-08,0.006102494038221061,0.00029887772112008977,0,11.636184599250555,1.0033753503154382e-06,2.145378801535568e-06,1.8549029043798265e-05,3.696102494957958e-05,
subject_00964_healthy,subject_00964,subject_00964,subject_00964_healthy.npz,0,complete,3.0,6.0,2.0,12.0,-1.0,-1.0,-1.0,-1.0,0.0,0.0,0.0,0.0,2000000,none,pmcx,4265625582,2.2674323493566517e-08,0.003985407062470144,0.0001965417548346981,0,1.3344220486535923e-07,0.00634186078434227,0.0003096546472686594,0,10.973479099571705,9.544585051133996e-07,1.6303513770680904e-06,4.232681031992886e-05,3.523651010896994e-05,
subject_00964_hemorrhage,subject_00964,subject_00964,subject_00964_hemorrhage.npz,1,complete,3.0,6.0,2.0,12.0,33.0,39.0,20.0,19.0,6.0,5.0,4.0,491.0,2000000,none,pmcx,4265625582,1.7848180707765004e-08,0.0039796321667540735,0.00019654473682052616,0,8.263615294414584e-08,0.0063680691155672195,0.0003095512256280343,0,10.965053900377825,9.544585051133996e-07,1.6303513770680904e-06,4.232681031992886e-05,3.523651010896994e-05,
subject_00965_healthy,subject_00965,subject_00965,subject_00965_healthy.npz,0,complete,2.0,7.0,2.0,12.0,-1.0,-1.0,-1.0,-1.0,0.0,0.0,0.0,0.0,2000000,none,pmcx,2299597663,1.6572318850476573e-08,0.004137277875337504,0.00020548625829600284,0,2.366424818091271e-07,0.006410503543438609,0.0003127064154632104,0,11.036217799875885,6.57752131343035e-07,1.4070317034963577e-06,9.390743382066587e-06,3.788568108952818e-05,
subject_00965_hemorrhage,subject_00965,subject_00965,subject_00965_hemorrhage.npz,1,complete,2.0,7.0,2.0,12.0,44.0,39.0,20.0,19.0,5.0,5.0,4.0,417.0,2000000,none,pmcx,2299597663,1.566488662506451e-08,0.004141224176067645,0.00020549993191698696,0,2.365234063895403e-07,0.0063863746438865,0.00031244727419059117,0,11.078076399862766,6.57752131343035e-07,1.4070317034963577e-06,9.390743382066587e-06,3.788568108952818e-05,
subject_00966_healthy,subject_00966,subject_00966,subject_00966_healthy.npz,0,complete,2.0,6.0,2.0,11.0,-1.0,-1.0,-1.0,-1.0,0.0,0.0,0.0,0.0,2000000,none,pmcx,3054902033,1.4084150246462684e-08,0.004289024933264224,0.0002109435991031282,0,1.8138097230469832e-07,0.006376257397372094,0.0003095185194269271,0,10.76494829938747,8.274696219437456e-07,1.6194777324200627e-06,1.5669375240400657e-05,3.699765832970454e-05,
subject_00966_hemorrhage,subject_00966,subject_00966,subject_00966_hemorrhage.npz,1,complete,2.0,6.0,2.0,11.0,43.0,25.0,19.0,18.0,5.0,5.0,4.0,417.0,2000000,none,pmcx,3054902033,2.5582589308641203e-08,0.00427519457900528,0.0002109463093416345,0,2.4509604684199357e-07,0.006372775281603518,0.0003090127403168347,0,10.792621499858797,8.274696219437456e-07,1.6194777324200627e-06,1.5669375240400657e-05,3.699765832970454e-05,
subject_00967_healthy,subject_00967,subject_00967,subject_00967_healthy.npz,0,complete,3.0,6.0,2.0,12.0,-1.0,-1.0,-1.0,-1.0,0.0,0.0,0.0,0.0,2000000,none,pmcx,824149412,8.659909393462163e-09,0.004009317487933965,0.0001981209440910036,0,1.170110451579452e-07,0.006062308773433312,0.0002996151279385631,0,10.967129800003022,6.616935496467611e-07,1.0803463067805757e-06,1.0687834428372428e-05,1.7202498344906156e-05,
subject_00967_hemorrhage,subject_00967,subject_00967,subject_00967_hemorrhage.npz,1,complete,3.0,6.0,2.0,12.0,51.0,44.0,16.0,15.0,6.0,5.0,4.0,491.0,2000000,none,pmcx,824149412,1.4892470450456831e-08,0.00401715146320312,0.0001979576048946773,0,1.0762059697387347e-07,0.0060637992603398095,0.000299725239257581,0,10.951055300189182,6.616935496467611e-07,1.0803463067805757e-06,1.0687834428372428e-05,1.7202498344906156e-05,
subject_00968_healthy,subject_00968,subject_00968,subject_00968_healthy.npz,0,complete,2.0,7.0,2.0,12.0,-1.0,-1.0,-1.0,-1.0,0.0,0.0,0.0,0.0,2000000,none,pmcx,2650999091,4.2938307669021184e-08,0.004187939988085543,0.00020948144854630039,0,8.55666200529168e-08,0.006434512539450575,0.0003149927478196223,0,10.822003099601716,9.101485871941723e-07,1.6684684560824897e-06,2.0720845955373574e-05,3.183827357276792e-05,
subject_00968_hemorrhage,subject_00968,subject_00968,subject_00968_hemorrhage.npz,1,complete,2.0,7.0,2.0,12.0,40.0,39.0,18.0,17.0,6.0,7.0,5.0,877.0,2000000,none,pmcx,2650999091,1.4066475404190493e-08,0.0042086608340409165,0.0002095520381826389,0,1.0288689254968844e-07,0.006441029303375065,0.000314794181037275,0,10.802975699771196,9.101485871941723e-07,1.6684684560824897e-06,2.0720845955373574e-05,3.183827357276792e-05,
subject_00969_healthy,subject_00969,subject_00969,subject_00969_healthy.npz,0,complete,3.0,7.0,1.0,12.0,-1.0,-1.0,-1.0,-1.0,0.0,0.0,0.0,0.0,2000000,none,pmcx,1659422130,1.4824285230160308e-09,0.0040523928103770885,0.00020228710560042039,0,2.0722540651476477e-08,0.006489188921839667,0.00032292153373604667,0,11.392703799298033,1.3390921717673023e-06,1.6667028115927814e-06,4.4589459863663035e-05,4.630923707427646e-05,
subject_00969_hemorrhage,subject_00969,subject_00969,subject_00969_hemorrhage.npz,1,complete,3.0,7.0,1.0,12.0,48.0,27.0,18.0,17.0,5.0,7.0,5.0,711.0,2000000,none,pmcx,1659422130,1.3608912469687547e-09,0.004063260831211739,0.00020235699782078734,0,2.0631970557619325e-08,0.0064871391950436855,0.0003228314501887595,0,11.492285400861874,1.3390921717673023e-06,1.6667028115927814e-06,4.4589459863663035e-05,4.630923707427646e-05,
subject_00970_healthy,subject_00970,subject_00970,subject_00970_healthy.npz,0,complete,3.0,6.0,2.0,12.0,-1.0,-1.0,-1.0,-1.0,0.0,0.0,0.0,0.0,2000000,none,pmcx,4079299648,2.694084542101477e-08,0.004110513304064117,0.00020553412670068562,0,1.1237418840861472e-07,0.0061709940575901505,0.0003082165612543365,0,10.841508399695158,1.4314486477636141e-06,1.3242398792111339e-06,7.299179163032087e-05,2.4658804298294083e-05,
subject_00970_hemorrhage,subject_00970,subject_00970,subject_00970_hemorrhage.npz,1,complete,3.0,6.0,2.0,12.0,43.0,55.0,16.0,15.0,7.0,6.0,4.0,671.0,2000000,none,pmcx,4079299648,1.8416616678451648e-08,0.004169238138642839,0.00020590230365149118,0,1.948702207510704e-07,0.006195652861888445,0.0003082248182856551,0,10.866267600562423,1.4314486477636141e-06,1.3242398792111339e-06,7.299179163032087e-05,2.4658804298294083e-05,
subject_00971_healthy,subject_00971,subject_00971,subject_00971_healthy.npz,0,complete,3.0,7.0,1.0,12.0,-1.0,-1.0,-1.0,-1.0,0.0,0.0,0.0,0.0,2000000,none,pmcx,3241555037,2.088667818616053e-09,0.003856928917730243,0.00018935337200517662,0,2.3500546432130644e-08,0.006377018783774309,0.00031515021892101954,0,11.781995000317693,1.0583377296756973e-06,1.8270937652218133e-06,1.9234666062580875e-05,3.95154500205221e-05,
subject_00971_hemorrhage,subject_00971,subject_00971,subject_00971_hemorrhage.npz,1,complete,3.0,7.0,1.0,12.0,43.0,41.0,17.0,16.0,5.0,7.0,4.0,577.0,2000000,none,pmcx,3241555037,1.5944848846934086e-09,0.003841905723533525,0.00018948596985378125,0,6.61507958566938e-08,0.006372219260790241,0.00031468084592466253,0,11.787358699832112,1.0583377296756973e-06,1.8270937652218133e-06,1.9234666062580875e-05,3.95154500205221e-05,
subject_00972_healthy,subject_00972,subject_00972,subject_00972_healthy.npz,0,complete,2.0,6.0,2.0,11.0,-1.0,-1.0,-1.0,-1.0,0.0,0.0,0.0,0.0,2000000,none,pmcx,403300311,2.8478155022864266e-08,0.004045203840207054,0.0001954008749368396,0,2.039494147480796e-07,0.0061799552091514115,0.0003020444637493603,0,11.119708400219679,7.722599298551811e-07,1.8559176845784865e-06,2.6306274228946654e-05,5.547613795113364e-05,
subject_00972_hemorrhage,subject_00972,subject_00972,subject_00972_hemorrhage.npz,1,complete,2.0,6.0,2.0,11.0,48.0,43.0,18.0,17.0,5.0,7.0,5.0,711.0,2000000,none,pmcx,403300311,2.9411905972569095e-08,0.004050089467632893,0.00019544201700231312,0,2.0509433443213677e-07,0.006206694773285423,0.0003032026665499891,0,11.14146440057084,7.722599298551811e-07,1.8559176845784865e-06,2.6306274228946654e-05,5.547613795113364e-05,
subject_00973_healthy,subject_00973,subject_00973,subject_00973_healthy.npz,0,complete,2.0,5.0,2.0,10.0,-1.0,-1.0,-1.0,-1.0,0.0,0.0,0.0,0.0,2000000,none,pmcx,585081311,4.5736982125458916e-08,0.003973654561349641,0.00019379115116685726,0,3.1364274314136524e-07,0.006379793210462945,0.0003128517033880754,0,11.062401300063357,8.277624558598746e-07,1.4964296577705273e-06,1.2507605300516884e-05,2.6096725625724196e-05,
subject_00973_hemorrhage,subject_00973,subject_00973,subject_00973_hemorrhage.npz,1,complete,2.0,5.0,2.0,10.0,44.0,41.0,20.0,19.0,6.0,6.0,5.0,739.0,2000000,none,pmcx,585081311,1.521841926996334e-08,0.003982262504273871,0.00019387876989600345,0,2.753200919730558e-07,0.006402581319511639,0.00031313844144110857,0,11.072779599577188,8.277624558598746e-07,1.4964296577705273e-06,1.2507605300516884e-05,2.6096725625724196e-05,
subject_00974_healthy,subject_00974,subject_00974,subject_00974_healthy.npz,0,complete,3.0,6.0,2.0,12.0,-1.0,-1.0,-1.0,-1.0,0.0,0.0,0.0,0.0,2000000,none,pmcx,1245145128,1.519782406540673e-08,0.004025505404241928,0.00020006935271123423,0,6.316549895843209e-08,0.006103248684114179,0.0003056043479197739,0,11.048187599517405,1.0120750500584486e-06,1.8456915403229194e-06,2.40189986382474e-05,2.9582465370517515e-05,
subject_00974_hemorrhage,subject_00974,subject_00974,subject_00974_hemorrhage.npz,1,complete,3.0,6.0,2.0,12.0,29.0,38.0,18.0,17.0,6.0,7.0,5.0,877.0,2000000,none,pmcx,1245145128,1.2218359697779799e-08,0.0040418273641737,0.00020007065191280114,0,2.5877417481298366e-08,0.006116032865809397,0.0003060036067785738,0,11.062056400347501,1.0120750500584486e-06,1.8456915403229194e-06,2.40189986382474e-05,2.9582465370517515e-05,
subject_00975_healthy,subject_00975,subject_00975,subject_00975_healthy.npz,0,complete,2.0,6.0,2.0,11.0,-1.0,-1.0,-1.0,-1.0,0.0,0.0,0.0,0.0,2000000,none,pmcx,2761106850,4.7000853846229405e-08,0.003966194435928102,0.0001935119197149182,0,2.440521190250408e-07,0.006044632843910875,0.00029612031104498174,0,11.261577300261706,6.357454881470531e-07,1.1520398139642175e-06,1.7675986202227937e-05,2.1366877503170697e-05,
subject_00975_hemorrhage,subject_00975,subject_00975,subject_00975_hemorrhage.npz,1,complete,2.0,6.0,2.0,11.0,46.0,48.0,21.0,20.0,7.0,6.0,5.0,877.0,2000000,none,pmcx,2761106850,4.878765615281761e-08,0.003972074384517907,0.00019321624460180606,0,2.1268374188857503e-07,0.006034947751311181,0.0002962051068003019,0,11.237871200311929,6.357454881470531e-07,1.1520398139642175e-06,1.7675986202227937e-05,2.1366877503170697e-05,
subject_00976_healthy,subject_00976,subject_00976,subject_00976_healthy.npz,0,complete,3.0,5.0,1.0,10.0,-1.0,-1.0,-1.0,-1.0,0.0,0.0,0.0,0.0,2000000,none,pmcx,1328265660,7.841068511359441e-10,0.003978817089815871,0.00019669297609602702,0,4.951426162820129e-08,0.006303107209318995,0.0003133686871061974,0,11.683255200274289,8.944958016670071e-07,1.067875814888176e-06,1.75200148798179e-05,1.0416024835771531e-05,
subject_00976_hemorrhage,subject_00976,subject_00976,subject_00976_hemorrhage.npz,1,complete,3.0,5.0,1.0,10.0,30.0,46.0,19.0,18.0,6.0,5.0,4.0,491.0,2000000,none,pmcx,1328265660,8.663333984516573e-10,0.003962031432329295,0.0001966643572193184,0,1.0504661732685988e-07,0.006292691184483223,0.00031322799200255835,0,11.642180599970743,8.944958016670071e-07,1.067875814888176e-06,1.75200148798179e-05,1.0416024835771531e-05,
subject_00977_healthy,subject_00977,subject_00977,subject_00977_healthy.npz,0,complete,3.0,6.0,1.0,11.0,-1.0,-1.0,-1.0,-1.0,0.0,0.0,0.0,0.0,2000000,none,pmcx,2244260394,7.791846978204414e-10,0.003899009994557914,0.0001887389640765181,0,7.2654371599697494e-09,0.006532585035709676,0.000324207141072527,0,11.414535799995065,9.600586089894212e-07,1.5080813100477976e-06,2.1218239906231097e-05,2.5890018610603277e-05,
subject_00977_hemorrhage,subject_00977,subject_00977,subject_00977_hemorrhage.npz,1,complete,3.0,6.0,1.0,11.0,39.0,48.0,19.0,18.0,6.0,7.0,4.0,671.0,2000000,none,pmcx,2244260394,7.787568468522824e-10,0.0038948274431531886,0.00018855328924990614,0,4.621459937993023e-09,0.006512488768089435,0.00032382460255956904,0,11.522651699371636,9.600586089894212e-07,1.5080813100477976e-06,2.1218239906231097e-05,2.5890018610603277e-05,
subject_00978_healthy,subject_00978,subject_00978,subject_00978_healthy.npz,0,complete,2.0,6.0,2.0,11.0,-1.0,-1.0,-1.0,-1.0,0.0,0.0,0.0,0.0,2000000,none,pmcx,2372802789,2.0612188897612302e-08,0.003911106381048379,0.00019297846756022367,0,1.2652759140225304e-07,0.006206213058131904,0.00030411605172518636,0,10.89666510000825,9.009907154436192e-07,1.450714227885162e-06,2.626497968710468e-05,2.7078935415585093e-05,
subject_00978_hemorrhage,subject_00978,subject_00978,subject_00978_hemorrhage.npz,1,complete,2.0,6.0,2.0,11.0,49.0,47.0,21.0,20.0,6.0,5.0,5.0,613.0,2000000,none,pmcx,2372802789,2.036320444060075e-08,0.003917708002741462,0.00019260967589299413,0,1.273358884312941e-07,0.006197992391720863,0.0003045351531347424,0,10.926963300677016,9.009907154436192e-07,1.450714227885162e-06,2.626497968710468e-05,2.7078935415585093e-05,
subject_00979_healthy,subject_00979,subject_00979,subject_00979_healthy.npz,0,complete,3.0,6.0,1.0,11.0,-1.0,-1.0,-1.0,-1.0,0.0,0.0,0.0,0.0,2000000,none,pmcx,2338876810,1.4449741016971967e-09,0.004010463642012438,0.00019751212491082897,0,5.5554483666221106e-08,0.0060702637370044984,0.0002960521932044724,0,11.856848899973556,7.833307121256148e-07,1.9427850740303256e-06,2.469172655508549e-05,5.7886290726233934e-05,
subject_00979_hemorrhage,subject_00979,subject_00979,subject_00979_hemorrhage.npz,1,complete,3.0,6.0,1.0,11.0,45.0,55.0,16.0,15.0,7.0,7.0,5.0,1023.0,2000000,none,pmcx,2338876810,1.6297454813461715e-09,0.0040238334784667715,0.0001975125363304776,0,5.1486224509440324e-08,0.0060458917821466845,0.00029616969770430843,0,11.975269700633362,7.833307121256148e-07,1.9427850740303256e-06,2.469172655508549e-05,5.7886290726233934e-05,
subject_00980_healthy,subject_00980,subject_00980,subject_00980_healthy.npz,0,complete,3.0,6.0,2.0,12.0,-1.0,-1.0,-1.0,-1.0,0.0,0.0,0.0,0.0,2000000,none,pmcx,3468927015,1.12778693010638e-08,0.004029347338183388,0.0002026627901333317,0,8.191053791782515e-08,0.006246478021939908,0.00031100290407416606,0,10.896886800182983,8.544235410647381e-07,1.0245241170403326e-06,1.852730957786243e-05,2.5670322205293902e-05,
subject_00980_hemorrhage,subject_00980,subject_00980,subject_00980_hemorrhage.npz,1,complete,3.0,6.0,2.0,12.0,42.0,23.0,19.0,18.0,6.0,5.0,5.0,613.0,2000000,none,pmcx,3468927015,2.7466933500146385e-08,0.004046433146993046,0.00020282543165896515,0,8.06797249729345e-08,0.006253324353380512,0.0003109052144922076,0,10.854774000123143,8.544235410647381e-07,1.0245241170403326e-06,1.852730957786243e-05,2.5670322205293902e-05,
subject_00981_healthy,subject_00981,subject_00981,subject_00981_healthy.npz,0,complete,2.0,7.0,2.0,12.0,-1.0,-1.0,-1.0,-1.0,0.0,0.0,0.0,0.0,2000000,none,pmcx,1293296779,3.318361283538105e-08,0.004133506999813645,0.00019919369918501996,0,2.3255189220933793e-07,0.006381229778163658,0.00031934326995992457,0,11.41163090057671,9.797476773691422e-07,1.3700844139078246e-06,1.9769388842815795e-05,1.577205587578647e-05,
subject_00981_hemorrhage,subject_00981,subject_00981,subject_00981_hemorrhage.npz,1,complete,2.0,7.0,2.0,12.0,37.0,47.0,19.0,18.0,6.0,7.0,4.0,671.0,2000000,none,pmcx,1293296779,3.311460689802697e-08,0.0041242323212286065,0.00019926576148866413,0,2.2135148629878108e-07,0.006371550118064433,0.0003188636622770898,0,11.406976299360394,9.797476773691422e-07,1.3700844139078246e-06,1.9769388842815795e-05,1.577205587578647e-05,
subject_00982_healthy,subject_00982,subject_00982,subject_00982_healthy.npz,0,complete,3.0,6.0,1.0,11.0,-1.0,-1.0,-1.0,-1.0,0.0,0.0,0.0,0.0,2000000,none,pmcx,263009092,4.591200809928303e-09,0.003831654387276988,0.00018678667314912605,0,1.9045175258787603e-08,0.0063028133704300295,0.000311469907553412,0,11.588996900711209,1.2781340464075915e-06,1.867850521373431e-06,4.306413454612098e-05,6.429358304951317e-05,
subject_00982_hemorrhage,subject_00982,subject_00982,subject_00982_hemorrhage.npz,1,complete,3.0,6.0,1.0,11.0,42.0,55.0,18.0,17.0,7.0,5.0,5.0,711.0,2000000,none,pmcx,263009092,4.4759736942633665e-09,0.003788590252730867,0.00018604814856953901,0,1.8471510593722392e-08,0.0063260186869581285,0.00031159140632508274,0,11.64769530016929,1.2781340464075915e-06,1.867850521373431e-06,4.306413454612098e-05,6.429358304951317e-05,
subject_00983_healthy,subject_00983,subject_00983,subject_00983_healthy.npz,0,complete,3.0,5.0,2.0,11.0,-1.0,-1.0,-1.0,-1.0,0.0,0.0,0.0,0.0,2000000,none,pmcx,4027645542,5.5478222586661035e-08,0.004115885399794843,0.00020702939778772736,0,1.9653296735523147e-07,0.006058446419077459,0.0003006365906702862,0,11.110109800007194,8.767180044547907e-07,1.1188480880021143e-06,1.8196960115482615e-05,2.516460622329405e-05,
subject_00983_hemorrhage,subject_00983,subject_00983,subject_00983_hemorrhage.npz,1,complete,3.0,5.0,2.0,11.0,49.0,50.0,19.0,18.0,5.0,6.0,5.0,613.0,2000000,none,pmcx,4027645542,5.612734959348085e-08,0.004121819108423791,0.00020698599394827454,0,1.9933411876703466e-07,0.006066853039857918,0.00030055246500108315,0,11.130104099866003,8.767180044547907e-07,1.1188480880021143e-06,1.8196960115482615e-05,2.516460622329405e-05,
subject_00984_healthy,subject_00984,subject_00984,subject_00984_healthy.npz,0,complete,2.0,6.0,1.0,10.0,-1.0,-1.0,-1.0,-1.0,0.0,0.0,0.0,0.0,2000000,none,pmcx,2894406754,1.6670760138720856e-09,0.00406570340518784,0.00019442409409122324,0,8.352957943447479e-08,0.0060786891600471075,0.0002966066428760254,0,11.74558570003137,1.0279206494938414e-06,1.5914047302337802e-06,2.9547173656038327e-05,2.2544316858267265e-05,
subject_00984_hemorrhage,subject_00984,subject_00984,subject_00984_hemorrhage.npz,1,complete,2.0,6.0,1.0,10.0,29.0,33.0,18.0,17.0,5.0,7.0,4.0,577.0,2000000,none,pmcx,2894406754,4.0817387746775335e-10,0.0040654999937175754,0.00019390307907724477,0,6.960798865262493e-08,0.00608539372051673,0.0002966004707253316,0,11.696901199640706,1.0279206494938414e-06,1.5914047302337802e-06,2.9547173656038327e-05,2.2544316858267265e-05,
subject_00985_healthy,subject_00985,subject_00985,subject_00985_healthy.npz,0,complete,3.0,6.0,1.0,11.0,-1.0,-1.0,-1.0,-1.0,0.0,0.0,0.0,0.0,2000000,none,pmcx,3572403686,2.6157363071303584e-10,0.004131325482553561,0.0002057817222856066,0,3.2431829338289776e-08,0.006253442717722895,0.0003072838756089865,0,11.919775699498132,1.2024966710370287e-06,1.0713983902068146e-06,2.204153543177139e-05,1.5331033384666064e-05,
subject_00985_hemorrhage,subject_00985,subject_00985,subject_00985_hemorrhage.npz,1,complete,3.0,6.0,1.0,11.0,36.0,40.0,20.0,19.0,6.0,7.0,5.0,877.0,2000000,none,pmcx,3572403686,2.631133522209651e-10,0.0041437372325100145,0.00020589723837936076,0,2.1643201076314994e-08,0.006252932652356857,0.00030755750546994094,0,11.896331899566576,1.2024966710370287e-06,1.0713983902068146e-06,2.204153543177139e-05,1.5331033384666064e-05,
subject_00986_healthy,subject_00986,subject_00986,subject_00986_healthy.npz,0,complete,2.0,6.0,2.0,11.0,-1.0,-1.0,-1.0,-1.0,0.0,0.0,0.0,0.0,2000000,none,pmcx,4288350966,3.203013900432266e-08,0.004076176741542038,0.0001956985973052129,0,1.931387271678199e-07,0.006502529367506098,0.00031289579564737274,0,10.847144400235265,1.0605903033093412e-06,1.4331218255158263e-06,3.713575891095642e-05,4.513387388920594e-05,
subject_00986_hemorrhage,subject_00986,subject_00986,subject_00986_hemorrhage.npz,1,complete,2.0,6.0,2.0,11.0,50.0,27.0,19.0,18.0,6.0,5.0,4.0,491.0,2000000,none,pmcx,4288350966,3.420799448998625e-08,0.00407341490810637,0.00019585202042896055,0,1.7813093845014204e-07,0.006502447245094929,0.0003128173498621663,0,10.842373700346798,1.0605903033093412e-06,1.4331218255158263e-06,3.713575891095642e-05,4.513387388920594e-05,
subject_00987_healthy,subject_00987,subject_00987,subject_00987_healthy.npz,0,complete,2.0,5.0,1.0,9.0,-1.0,-1.0,-1.0,-1.0,0.0,0.0,0.0,0.0,2000000,none,pmcx,1195579601,7.482368778176462e-10,0.004069794388120648,0.00019994506434681519,0,4.204799733866997e-08,0.006238569133599425,0.0003034390686930562,0,11.687664399854839,9.507921753955319e-07,1.5722345905032306e-06,2.180322152653142e-05,3.473718708248315e-05,
subject_00987_hemorrhage,subject_00987,subject_00987,subject_00987_hemorrhage.npz,1,complete,2.0,5.0,1.0,9.0,50.0,29.0,15.0,14.0,5.0,7.0,5.0,711.0,2000000,none,pmcx,1195579601,7.479814769730181e-10,0.004088240104720932,0.000200096350334913,0,9.802472376544338e-09,0.0062416386518846165,0.00030291250904031317,0,11.735601299908012,9.507921753955319e-07,1.5722345905032306e-06,2.180322152653142e-05,3.473718708248315e-05,
subject_00988_healthy,subject_00988,subject_00988,subject_00988_healthy.npz,0,complete,2.0,6.0,1.0,10.0,-1.0,-1.0,-1.0,-1.0,0.0,0.0,0.0,0.0,2000000,none,pmcx,3332274007,6.201237157488346e-09,0.0041893659333978005,0.00020696053729857584,0,2.763446416701545e-08,0.006440653045940541,0.000314549120963357,0,11.853865699842572,7.364819115240155e-07,1.8852227806739433e-06,9.35427260528171e-06,3.5709470060617254e-05,
subject_00988_hemorrhage,subject_00988,subject_00988,subject_00988_hemorrhage.npz,1,complete,2.0,6.0,1.0,10.0,35.0,39.0,15.0,14.0,7.0,5.0,4.0,577.0,2000000,none,pmcx,3332274007,5.622222303778937e-09,0.004189214815869633,0.0002067933137389726,0,2.7019651451560346e-08,0.006453004686898704,0.00031456948086913434,0,11.941893600160256,7.364819115240155e-07,1.8852227806739433e-06,9.35427260528171e-06,3.5709470060617254e-05,
subject_00989_healthy,subject_00989,subject_00989,subject_00989_healthy.npz,0,complete,3.0,5.0,1.0,10.0,-1.0,-1.0,-1.0,-1.0,0.0,0.0,0.0,0.0,2000000,none,pmcx,3420500049,6.85254656012587e-11,0.003924292287699699,0.00018837981827472903,0,4.622975416169951e-09,0.0059776000082683665,0.00028852718413869627,0,11.735901500564069,6.75225391211689e-07,1.1258631329963312e-06,1.2462260842925794e-05,3.390417987737555e-05,
subject_00989_hemorrhage,subject_00989,subject_00989,subject_00989_hemorrhage.npz,1,complete,3.0,5.0,1.0,10.0,45.0,50.0,18.0,17.0,5.0,7.0,4.0,577.0,2000000,none,pmcx,3420500049,6.723177678607464e-11,0.003911830026856774,0.00018830235707070964,0,1.1939513317813859e-08,0.005997777237236832,0.00028895044696214585,0,11.734953300096095,6.75225391211689e-07,1.1258631329963312e-06,1.2462260842925794e-05,3.390417987737555e-05,
subject_00990_healthy,subject_00990,subject_00990,subject_00990_healthy.npz,0,complete,2.0,5.0,1.0,9.0,-1.0,-1.0,-1.0,-1.0,0.0,0.0,0.0,0.0,2000000,none,pmcx,3083711601,1.1371424384186767e-09,0.004035829537986852,0.0001985314944948967,0,9.242263315094647e-09,0.006357248833780859,0.00030897004050883207,0,11.90133549994789,8.479675368460861e-07,1.2491162014128467e-06,2.613879795037785e-05,3.450252944276963e-05,
subject_00990_hemorrhage,subject_00990,subject_00990,subject_00990_hemorrhage.npz,1,complete,2.0,5.0,1.0,9.0,41.0,41.0,16.0,15.0,6.0,7.0,4.0,671.0,2000000,none,pmcx,3083711601,2.1286745577860907e-09,0.004061968335937229,0.0001984742509264613,0,6.977359970328596e-09,0.006351362429615585,0.0003085727595261143,0,12.015940100653097,8.479675368460861e-07,1.2491162014128467e-06,2.613879795037785e-05,3.450252944276963e-05,
subject_00991_healthy,subject_00991,subject_00991,subject_00991_healthy.npz,0,complete,2.0,5.0,1.0,9.0,-1.0,-1.0,-1.0,-1.0,0.0,0.0,0.0,0.0,2000000,none,pmcx,1680120063,2.115905701804834e-09,0.004234217182486384,0.00021265093271571802,0,3.8319948583576e-08,0.006478248534613367,0.0003185400455078091,0,12.242007700260729,9.591037374085835e-07,1.5547574283684848e-06,2.598443319815416e-05,2.398349994262028e-05,
subject_00991_hemorrhage,subject_00991,subject_00991,subject_00991_hemorrhage.npz,1,complete,2.0,5.0,1.0,9.0,47.0,42.0,18.0,17.0,6.0,5.0,5.0,613.0,2000000,none,pmcx,1680120063,2.0916894003518695e-09,0.004240244334281749,0.00021224797641848918,0,1.8657713554967816e-08,0.006484774496523288,0.0003186203595630829,0,12.272739899577573,9.591037374085835e-07,1.5547574283684848e-06,2.598443319815416e-05,2.398349994262028e-05,
subject_00992_healthy,subject_00992,subject_00992,subject_00992_healthy.npz,0,complete,2.0,7.0,1.0,11.0,-1.0,-1.0,-1.0,-1.0,0.0,0.0,0.0,0.0,2000000,none,pmcx,1713989190,1.4426893946781717e-09,0.004172386902823707,0.0002034498994586997,0,9.644220510248324e-09,0.006378650242343196,0.0003141155734090909,0,11.577933899825439,1.2016545202990709e-06,1.4044531533660532e-06,5.9127542647763494e-05,2.796478747600032e-05,
subject_00992_hemorrhage,subject_00992,subject_00992,subject_00992_hemorrhage.npz,1,complete,2.0,7.0,1.0,11.0,36.0,28.0,20.0,19.0,6.0,7.0,5.0,877.0,2000000,none,pmcx,1713989190,1.3642485911342837e-09,0.004164764493485939,0.00020318242742187065,0,6.321268670993405e-09,0.006354016690589703,0.00031400317466744537,0,11.56188950012438,1.2016545202990709e-06,1.4044531533660532e-06,5.9127542647763494e-05,2.796478747600032e-05,
subject_00993_healthy,subject_00993,subject_00993,subject_00993_healthy.npz,0,complete,3.0,6.0,1.0,11.0,-1.0,-1.0,-1.0,-1.0,0.0,0.0,0.0,0.0,2000000,none,pmcx,4136275997,1.5877324649352419e-09,0.003992636614706358,0.00019554586637586288,0,1.5293338907919288e-09,0.006072499585173313,0.00029388854341343173,0,11.55950490059331,1.181209454295858e-06,1.7922250954874675e-06,3.08909315733805e-05,2.9577081815076664e-05,
subject_00993_hemorrhage,subject_00993,subject_00993,subject_00993_hemorrhage.npz,1,complete,3.0,6.0,1.0,11.0,32.0,39.0,17.0,16.0,5.0,5.0,5.0,515.0,2000000,none,pmcx,4136275997,1.9457596793103364e-09,0.0040218857370781505,0.00019595593594758657,0,1.3229244545679323e-08,0.0061020766669883895,0.00029427004889111106,0,11.526886599836871,1.181209454295858e-06,1.7922250954874675e-06,3.08909315733805e-05,2.9577081815076664e-05,
subject_00994_healthy,subject_00994,subject_00994,subject_00994_healthy.npz,0,complete,2.0,5.0,2.0,10.0,-1.0,-1.0,-1.0,-1.0,0.0,0.0,0.0,0.0,2000000,none,pmcx,4121824433,2.7851846917305448e-08,0.004144873200682071,0.0002064960341706622,0,1.577840924434867e-07,0.006056233353730068,0.00029493351458224226,0,11.173022599890828,8.173653535110021e-07,1.368792873108949e-06,1.755762179002189e-05,2.6310141549011103e-05,
subject_00994_hemorrhage,subject_00994,subject_00994,subject_00994_hemorrhage.npz,1,complete,2.0,5.0,2.0,10.0,28.0,53.0,17.0,16.0,5.0,7.0,4.0,577.0,2000000,none,pmcx,4121824433,2.784683610094244e-08,0.004127315578892049,0.0002065750156696521,0,1.5783456608886037e-07,0.006029923212181057,0.000293935720990113,0,11.249112899182364,8.173653535110021e-07,1.368792873108949e-06,1.755762179002189e-05,2.6310141549011103e-05,
subject_00995_healthy,subject_00995,subject_00995,subject_00995_healthy.npz,0,complete,3.0,7.0,2.0,13.0,-1.0,-1.0,-1.0,-1.0,0.0,0.0,0.0,0.0,2000000,none,pmcx,2414893787,2.176263374618772e-09,0.004080448618601786,0.00020097274908689549,0,3.927750171135926e-08,0.006340508142062757,0.0003152997426291768,0,11.151671899482608,1.0918521177832403e-06,1.3491991461084996e-06,3.3170089581257244e-05,2.0758097934880752e-05,
subject_00995_hemorrhage,subject_00995,subject_00995,subject_00995_hemorrhage.npz,1,complete,3.0,7.0,2.0,13.0,42.0,29.0,17.0,16.0,5.0,7.0,4.0,577.0,2000000,none,pmcx,2414893787,2.0271547468492015e-09,0.004113618708183043,0.00020121067974378985,0,3.7875845554768776e-08,0.0063528895575173825,0.00031562359843896945,0,11.196522900369018,1.0918521177832403e-06,1.3491991461084996e-06,3.3170089581257244e-05,2.0758097934880752e-05,
subject_00996_healthy,subject_00996,subject_00996,subject_00996_healthy.npz,0,complete,2.0,6.0,2.0,11.0,-1.0,-1.0,-1.0,-1.0,0.0,0.0,0.0,0.0,2000000,none,pmcx,868054806,3.4419203283652223e-08,0.004028830205394807,0.00019573316384445706,0,2.022506354283614e-07,0.006164145759355325,0.00029458885922242084,0,11.250191200058907,6.570810838475896e-07,1.8392707937010563e-06,1.0771638629728658e-05,2.26463861867773e-05,
subject_00996_hemorrhage,subject_00996,subject_00996,subject_00996_hemorrhage.npz,1,complete,2.0,6.0,2.0,11.0,34.0,37.0,21.0,20.0,6.0,7.0,5.0,877.0,2000000,none,pmcx,868054806,3.385101520325422e-08,0.004018645355222766,0.00019585872556724459,0,2.396033480869086e-07,0.006157975579826459,0.0002942778254077515,0,11.34325119969435,6.570810838475896e-07,1.8392707937010563e-06,1.0771638629728658e-05,2.26463861867773e-05,
subject_00997_healthy,subject_00997,subject_00997,subject_00997_healthy.npz,0,complete,3.0,5.0,2.0,11.0,-1.0,-1.0,-1.0,-1.0,0.0,0.0,0.0,0.0,2000000,none,pmcx,3567740404,2.5806712736750927e-08,0.004100206688281711,0.00020388506032226634,0,2.3362099910619924e-07,0.006028359956413793,0.0002974091743380438,0,11.340856299968436,9.661775295896864e-07,1.3608791561599204e-06,2.3708357326513753e-05,2.1586807952174436e-05,
subject_00997_hemorrhage,subject_00997,subject_00997,subject_00997_hemorrhage.npz,1,complete,3.0,5.0,2.0,11.0,29.0,53.0,21.0,20.0,5.0,5.0,5.0,515.0,2000000,none,pmcx,3567740404,3.3462322203542694e-08,0.004119823782114184,0.00020443062980420019,0,1.9048012713821617e-07,0.006039721803393988,0.0002972489403759374,0,11.374911700142547,9.661775295896864e-07,1.3608791561599204e-06,2.3708357326513753e-05,2.1586807952174436e-05,
subject_00998_healthy,subject_00998,subject_00998,subject_00998_healthy.npz,0,complete,2.0,5.0,1.0,9.0,-1.0,-1.0,-1.0,-1.0,0.0,0.0,0.0,0.0,2000000,none,pmcx,1254946910,4.132662384821529e-09,0.003983311529196365,0.00019700979138870383,0,9.60474022417072e-09,0.0063647783883201015,0.0003070107576723632,0,11.583721999777481,8.826398918965152e-07,1.936942418608755e-06,1.3374320125080007e-05,4.7916052838951374e-05,
subject_00998_hemorrhage,subject_00998,subject_00998,subject_00998_hemorrhage.npz,1,complete,2.0,5.0,1.0,9.0,38.0,29.0,16.0,15.0,6.0,7.0,4.0,671.0,2000000,none,pmcx,1254946910,7.512178074947049e-10,0.003990165004902176,0.0001966723796024627,0,8.528328457756014e-09,0.006379892000290346,0.0003074591232863165,0,11.60575019964017,8.826398918965152e-07,1.936942418608755e-06,1.3374320125080007e-05,4.7916052838951374e-05,
subject_00999_healthy,subject_00999,subject_00999,subject_00999_healthy.npz,0,complete,3.0,5.0,2.0,11.0,-1.0,-1.0,-1.0,-1.0,0.0,0.0,0.0,0.0,2000000,none,pmcx,1534571791,3.466272979566853e-08,0.004097929485587085,0.00020376656956118058,0,3.5039894136434173e-07,0.006069876663498536,0.00030205085375773264,0,10.712067199638113,9.660397068270442e-07,1.0249344682048033e-06,1.840707226766214e-05,1.7175598092368407e-05,
subject_00999_hemorrhage,subject_00999,subject_00999,subject_00999_hemorrhage.npz,1,complete,3.0,5.0,2.0,11.0,46.0,45.0,18.0,17.0,6.0,7.0,4.0,671.0,2000000,none,pmcx,1534571791,3.3428276157544676e-08,0.004095868750042615,0.0002035305629098003,0,2.760827857584397e-07,0.0060608925095047336,0.0003017509181873805,0,10.765915400348604,9.660397068270442e-07,1.0249344682048033e-06,1.840707226766214e-05,1.7175598092368407e-05,
